# This file uses centimeters as units for non-parametric coordinates.

mtllib FullStartSceenNoRetopoOnlyReferance.mtl
g default
v 4.306095 -0.566513 -0.170660
v 4.296070 -0.523531 -0.180536
v 4.275471 -0.493444 -0.153217
v 4.260472 -0.486236 -0.104536
v 4.260247 -0.505176 -0.064915
v 4.271054 -0.548294 -0.056382
v 4.285794 -0.584392 -0.083509
v 4.300009 -0.591914 -0.130747
v 4.336819 -0.598017 -0.219924
v 4.317564 -0.510614 -0.241063
v 4.276165 -0.459309 -0.189666
v 4.244668 -0.443964 -0.092609
v 4.245536 -0.474155 -0.012858
v 4.267509 -0.561780 0.003741
v 4.294765 -0.633817 -0.050650
v 4.323249 -0.648791 -0.142660
v 4.545199 -0.538338 -0.162968
v 4.525946 -0.450935 -0.184107
v 4.485654 -0.378344 -0.143632
v 4.457285 -0.363701 -0.062563
v 4.460826 -0.415897 0.009369
v 4.482807 -0.503635 0.025973
v 4.508880 -0.575326 -0.019640
v 4.534236 -0.589598 -0.095663
v 4.757374 -0.478525 -0.091932
v 4.738806 -0.391200 -0.113985
v 4.703540 -0.318890 -0.070415
v 4.673091 -0.304121 0.009682
v 4.666982 -0.355596 0.081905
v 4.686205 -0.442994 0.103086
v 4.718915 -0.515054 0.061613
v 4.748531 -0.529729 -0.017387
v 4.963506 -0.418465 -0.027663
v 4.944939 -0.331140 -0.049716
v 4.909923 -0.258814 -0.004999
v 4.878971 -0.243855 0.080295
v 4.870215 -0.295026 0.156200
v 4.888783 -0.382351 0.178254
v 4.923798 -0.454676 0.133536
v 4.954750 -0.469635 0.048243
v 5.169639 -0.358404 0.036606
v 5.151108 -0.271617 0.014576
v 5.118119 -0.228755 0.060598
v 5.087168 -0.213796 0.145892
v 5.076384 -0.235503 0.220493
v 5.094914 -0.322290 0.242522
v 5.129930 -0.394616 0.197805
v 5.160882 -0.409575 0.112511
v 5.146316 -0.327545 0.082572
v 5.137104 -0.284929 0.071591
v 5.120245 -0.258200 0.094368
v 5.104769 -0.250720 0.137014
v 5.099741 -0.266871 0.174550
v 5.108953 -0.309488 0.185530
v 5.126462 -0.345650 0.163171
v 5.141937 -0.353130 0.120524
v 4.280597 -0.535321 -0.118883
v 5.122993 -0.296685 0.128538
vt 0.555243 0.101007
vt 0.500000 0.078125
vt 0.444757 0.101007
vt 0.421875 0.156250
vt 0.444757 0.211493
vt 0.500000 0.234375
vt 0.555243 0.211493
vt 0.578125 0.156250
vt 0.610485 0.045765
vt 0.500000 0.000000
vt 0.389515 0.045765
vt 0.343750 0.156250
vt 0.389515 0.266735
vt 0.500000 0.312500
vt 0.610485 0.266735
vt 0.656250 0.156250
vt 0.375000 0.312500
vt 0.406250 0.312500
vt 0.437500 0.312500
vt 0.468750 0.312500
vt 0.500000 0.312500
vt 0.531250 0.312500
vt 0.562500 0.312500
vt 0.593750 0.312500
vt 0.625000 0.312500
vt 0.375000 0.406250
vt 0.406250 0.406250
vt 0.437500 0.406250
vt 0.468750 0.406250
vt 0.500000 0.406250
vt 0.531250 0.406250
vt 0.562500 0.406250
vt 0.593750 0.406250
vt 0.625000 0.406250
vt 0.375000 0.500000
vt 0.406250 0.500000
vt 0.437500 0.500000
vt 0.468750 0.500000
vt 0.500000 0.500000
vt 0.531250 0.500000
vt 0.562500 0.500000
vt 0.593750 0.500000
vt 0.625000 0.500000
vt 0.375000 0.593750
vt 0.406250 0.593750
vt 0.437500 0.593750
vt 0.468750 0.593750
vt 0.500000 0.593750
vt 0.531250 0.593750
vt 0.562500 0.593750
vt 0.593750 0.593750
vt 0.625000 0.593750
vt 0.375000 0.687500
vt 0.406250 0.687500
vt 0.437500 0.687500
vt 0.468750 0.687500
vt 0.500000 0.687500
vt 0.531250 0.687500
vt 0.562500 0.687500
vt 0.593750 0.687500
vt 0.625000 0.687500
vt 0.610485 0.733265
vt 0.500000 0.687500
vt 0.389515 0.733265
vt 0.343750 0.843750
vt 0.389515 0.954235
vt 0.500000 1.000000
vt 0.610485 0.954235
vt 0.656250 0.843750
vt 0.555243 0.788507
vt 0.500000 0.765625
vt 0.444757 0.788507
vt 0.421875 0.843750
vt 0.444757 0.898993
vt 0.500000 0.921875
vt 0.555243 0.898993
vt 0.578125 0.843750
vt 0.500000 0.156250
vt 0.500000 0.843750
vn -0.891310 -0.290469 -0.348130
vn -0.884977 -0.304433 -0.352330
vn -0.880874 -0.299896 -0.366228
vn -0.885632 -0.294625 -0.358961
vn -0.908218 -0.298650 -0.293169
vn -0.897264 -0.302779 -0.321314
vn -0.937908 -0.288070 -0.193246
vn -0.943098 -0.282800 -0.174899
vn -0.951324 -0.280829 -0.126960
vn -0.954666 -0.274450 -0.115284
vn -0.954354 -0.266396 -0.135063
vn -0.955799 -0.267569 -0.121884
vn -0.938153 -0.291597 -0.186656
vn -0.936863 -0.299342 -0.180785
vn -0.909127 -0.304954 -0.283712
vn -0.903665 -0.312938 -0.292335
vn 0.302749 -0.160518 -0.939455
vn 0.302749 -0.160518 -0.939456
vn 0.326700 -0.156628 -0.932059
vn 0.326953 -0.156586 -0.931978
vn -0.002047 0.594760 -0.803901
vn -0.002047 0.594760 -0.803901
vn 0.062316 0.571271 -0.818392
vn 0.067442 0.569275 -0.819377
vn -0.304146 0.917397 -0.256669
vn -0.304146 0.917396 -0.256669
vn -0.246591 0.936480 -0.249397
vn -0.244451 0.937117 -0.249111
vn -0.323889 0.827393 0.458822
vn -0.323889 0.827393 0.458822
vn -0.362230 0.787753 0.498231
vn -0.360199 0.789990 0.496158
vn -0.141531 0.149803 0.978534
vn -0.141531 0.149803 0.978534
vn -0.258920 0.131583 0.956894
vn -0.257395 0.131836 0.957271
vn 0.048912 -0.558166 0.828286
vn 0.048912 -0.558166 0.828286
vn -0.046432 -0.560152 0.827088
vn -0.053799 -0.560093 0.826681
vn 0.219038 -0.946992 0.235009
vn 0.219038 -0.946992 0.235009
vn 0.199498 -0.950479 0.238306
vn 0.199557 -0.950469 0.238297
vn 0.348662 -0.792593 -0.500231
vn 0.348662 -0.792593 -0.500231
vn 0.371612 -0.781384 -0.501342
vn 0.370025 -0.782180 -0.501275
vn 0.343395 -0.157599 -0.925874
vn 0.343339 -0.157641 -0.925887
vn 0.112237 0.549318 -0.828041
vn 0.112133 0.549348 -0.828036
vn -0.188963 0.951708 -0.241961
vn -0.188924 0.951718 -0.241952
vn -0.399097 0.760443 0.512296
vn -0.398899 0.759854 0.513324
vn -0.374892 0.128041 0.918184
vn -0.374830 0.127832 0.918238
vn -0.141637 -0.554885 0.819782
vn -0.141187 -0.554800 0.819917
vn 0.187959 -0.951712 0.242727
vn 0.188276 -0.951639 0.242766
vn 0.387327 -0.777472 -0.495495
vn 0.387246 -0.777583 -0.495384
vn 0.336539 -0.162892 -0.927474
vn 0.336539 -0.162892 -0.927474
vn 0.097698 0.597603 -0.795817
vn 0.097641 0.599326 -0.794528
vn -0.137444 0.965298 -0.222058
vn -0.137287 0.965333 -0.222000
vn -0.358254 0.822711 0.441363
vn -0.360403 0.820400 0.443908
vn -0.358174 0.153612 0.920932
vn -0.358272 0.153569 0.920901
vn -0.113942 -0.554897 0.824079
vn -0.113635 -0.554924 0.824104
vn 0.199351 -0.949631 0.241787
vn 0.199384 -0.949630 0.241762
vn 0.381611 -0.785293 -0.487533
vn 0.381609 -0.785295 -0.487531
vn 0.336501 -0.163117 -0.927448
vn 0.336501 -0.163117 -0.927448
vn 0.095687 0.650219 -0.753697
vn 0.095687 0.650219 -0.753697
vn -0.078116 0.976748 -0.199653
vn -0.078116 0.976748 -0.199653
vn -0.308090 0.871335 0.381911
vn -0.308090 0.871335 0.381911
vn -0.336502 0.163116 0.927448
vn -0.336502 0.163116 0.927448
vn -0.095223 -0.556439 0.825414
vn -0.095223 -0.556439 0.825414
vn 0.201911 -0.949590 0.239814
vn 0.201911 -0.949590 0.239814
vn 0.380767 -0.786486 -0.486269
vn 0.380767 -0.786486 -0.486269
vn 0.919381 0.269112 0.286911
vn 0.909533 0.301253 0.286351
vn 0.908476 0.304538 0.286231
vn 0.919420 0.269249 0.286657
vn 0.891634 0.359057 0.275804
vn 0.895328 0.351477 0.273590
vn 0.901235 0.353263 0.250959
vn 0.902336 0.346723 0.256074
vn 0.915491 0.296970 0.271451
vn 0.914716 0.301406 0.269163
vn 0.919678 0.268969 0.286090
vn 0.919566 0.269179 0.286253
vn 0.919755 0.267985 0.286767
vn 0.919755 0.267985 0.286767
vn 0.919755 0.267983 0.286766
vn 0.919756 0.267983 0.286766
vn -0.927281 -0.287181 -0.240162
vn 0.916098 0.284644 0.282386
s 1
g Fire_Log_01
usemtl initialShadingGroup
f 1/1/1 2/2/2 10/10/3 9/9/4
f 2/2/2 3/3/5 11/11/6 10/10/3
f 3/3/5 4/4/7 12/12/8 11/11/6
f 4/4/7 5/5/9 13/13/10 12/12/8
f 5/5/9 6/6/11 14/14/12 13/13/10
f 6/6/11 7/7/13 15/15/14 14/14/12
f 7/7/13 8/8/15 16/16/16 15/15/14
f 8/8/15 1/1/1 9/9/4 16/16/16
s 2
f 9/17/17 10/18/18 18/27/19 17/26/20
s 3
f 10/18/21 11/19/22 19/28/23 18/27/24
s 4
f 11/19/25 12/20/26 20/29/27 19/28/28
s 5
f 12/20/29 13/21/30 21/30/31 20/29/32
s 6
f 13/21/33 14/22/34 22/31/35 21/30/36
s 7
f 14/22/37 15/23/38 23/32/39 22/31/40
s 8
f 15/23/41 16/24/42 24/33/43 23/32/44
s 9
f 16/24/45 9/25/46 17/34/47 24/33/48
s 2
f 17/26/20 18/27/19 26/36/49 25/35/50
s 3
f 18/27/24 19/28/23 27/37/51 26/36/52
s 4
f 19/28/28 20/29/27 28/38/53 27/37/54
s 5
f 20/29/32 21/30/31 29/39/55 28/38/56
s 6
f 21/30/36 22/31/35 30/40/57 29/39/58
s 7
f 22/31/40 23/32/39 31/41/59 30/40/60
s 8
f 23/32/44 24/33/43 32/42/61 31/41/62
s 9
f 24/33/48 17/34/47 25/43/63 32/42/64
s 2
f 25/35/50 26/36/49 34/45/65 33/44/66
s 3
f 26/36/52 27/37/51 35/46/67 34/45/68
s 4
f 27/37/54 28/38/53 36/47/69 35/46/70
s 5
f 28/38/56 29/39/55 37/48/71 36/47/72
s 6
f 29/39/58 30/40/57 38/49/73 37/48/74
s 7
f 30/40/60 31/41/59 39/50/75 38/49/76
s 8
f 31/41/62 32/42/61 40/51/77 39/50/78
s 9
f 32/42/64 25/43/63 33/52/79 40/51/80
s 2
f 33/44/66 34/45/65 42/54/81 41/53/82
s 3
f 34/45/68 35/46/67 43/55/83 42/54/84
s 4
f 35/46/70 36/47/69 44/56/85 43/55/86
s 5
f 36/47/72 37/48/71 45/57/87 44/56/88
s 6
f 37/48/74 38/49/73 46/58/89 45/57/90
s 7
f 38/49/76 39/50/75 47/59/91 46/58/92
s 8
f 39/50/78 40/51/77 48/60/93 47/59/94
s 9
f 40/51/80 33/52/79 41/61/95 48/60/96
s 10
f 41/68/97 42/67/98 50/75/99 49/76/100
f 42/67/98 43/66/101 51/74/102 50/75/99
f 43/66/101 44/65/103 52/73/104 51/74/102
f 44/65/103 45/64/105 53/72/106 52/73/104
f 45/64/105 46/63/107 54/71/108 53/72/106
f 46/63/107 47/62/109 55/70/110 54/71/108
f 47/62/109 48/69/111 56/77/112 55/70/110
f 48/69/111 41/68/97 49/76/100 56/77/112
s 1
f 2/2/2 1/1/1 57/78/113
f 3/3/5 2/2/2 57/78/113
f 4/4/7 3/3/5 57/78/113
f 5/5/9 4/4/7 57/78/113
f 6/6/11 5/5/9 57/78/113
f 7/7/13 6/6/11 57/78/113
f 8/8/15 7/7/13 57/78/113
f 1/1/1 8/8/15 57/78/113
s 10
f 49/76/100 50/75/99 58/79/114
f 50/75/99 51/74/102 58/79/114
f 51/74/102 52/73/104 58/79/114
f 52/73/104 53/72/106 58/79/114
f 53/72/106 54/71/108 58/79/114
f 54/71/108 55/70/110 58/79/114
f 55/70/110 56/77/112 58/79/114
f 56/77/112 49/76/100 58/79/114
g default
v -15.126483 0.995935 6.213535
v -15.198164 0.959784 6.581622
v -15.519771 3.686418 6.611384
v -15.563461 3.616437 6.273318
v -15.501205 0.931624 5.588652
v -15.248610 0.973907 5.866096
v -15.675722 3.562552 6.062732
v -15.930419 3.480576 5.812650
v -16.562382 0.668745 5.313653
v -16.079012 0.799861 5.355761
v -16.189224 3.409346 5.669775
v -16.544327 3.307821 5.574975
v -17.490410 0.453387 5.503548
v -17.124184 0.527710 5.347348
v -16.865030 3.232511 5.580313
v -17.205622 3.161677 5.680882
v -18.233473 0.437285 6.225040
v -17.879421 0.413619 5.848704
v -17.433258 3.127753 5.833776
v -17.624313 3.136626 6.115499
v -18.495396 0.485857 6.949758
v -18.491394 0.487209 6.619843
v -17.682507 3.175982 6.368465
v -17.638294 3.234644 6.717578
v -17.908627 0.421013 7.821615
v -18.230526 0.459874 7.494360
v -17.505962 3.275358 6.968042
v -17.250341 3.350230 7.208619
v -16.936754 0.504400 7.986827
v -17.386564 0.430331 8.014676
v -16.953146 3.436773 7.350423
v -16.603977 3.532585 7.418167
v -15.871742 0.635460 7.478271
v -16.227257 0.560569 7.704181
v -16.288891 3.619715 7.402440
v -15.970911 3.696863 7.293009
v -15.412815 0.845151 6.932325
v -15.612169 0.738170 7.206962
v -15.757288 3.734008 7.127521
v -15.572595 3.721007 6.833571
v -15.693077 7.376033 6.610705
v -15.716871 7.286889 6.306038
v -15.783227 7.236185 6.152141
v -15.986927 7.163225 5.917679
v -16.162220 7.085958 5.809319
v -16.463627 7.044444 5.725403
v -16.698586 6.953588 5.722861
v -16.994701 6.990818 5.822145
v -17.171766 6.979166 5.945961
v -17.344757 7.060774 6.204854
v -17.393353 7.068625 6.396315
v -17.355495 7.146423 6.706918
v -17.257534 7.216723 6.898940
v -17.042561 7.291611 7.117053
v -16.826029 7.397987 7.224589
v -16.536852 7.418591 7.280879
v -16.309486 7.478695 7.254350
v -16.039837 7.444614 7.141816
v -15.890222 7.463227 7.015089
v -15.731943 7.407976 6.764135
v -15.807848 9.352240 6.627864
v -15.828281 9.271938 6.346680
v -15.877178 9.235566 6.230459
v -16.062059 9.158458 6.012774
v -16.196903 9.122406 5.928869
v -16.472422 9.064881 5.849175
v -16.658226 9.036115 5.848614
v -16.930286 9.023168 5.936084
v -17.070354 9.043221 6.037382
v -17.229803 9.073801 6.274323
v -17.266590 9.128362 6.426951
v -17.233284 9.200774 6.712775
v -17.157433 9.252181 6.863953
v -16.959995 9.335692 7.063032
v -16.789417 9.382840 7.149779
v -16.526052 9.424159 7.198719
v -16.344645 9.431507 7.178502
v -16.100523 9.440232 7.073596
v -15.981818 9.410497 6.975054
v -15.837832 9.381317 6.744090
v -15.923597 10.406477 6.688066
v -15.946981 10.381919 6.419418
v -15.982975 10.333944 6.323981
v -16.161276 10.281789 6.113505
v -16.269753 10.265019 6.045946
v -16.535076 10.204333 5.966975
v -16.686754 10.222965 5.970765
v -16.948257 10.185180 6.053448
v -17.062119 10.248108 6.140643
v -17.216095 10.268073 6.369585
v -17.246752 10.294162 6.491506
v -17.216192 10.360456 6.768454
v -17.156265 10.393424 6.890135
v -16.966413 10.451845 7.083640
v -16.828819 10.476996 7.154361
v -16.571772 10.500369 7.202889
v -16.424824 10.500447 7.186897
v -16.187675 10.516888 7.085691
v -16.087708 10.455598 7.004890
v -15.953278 10.472267 6.783094
v -16.042404 11.246943 6.755609
v -16.060110 11.197837 6.488077
v -16.091660 11.170882 6.404535
v -16.266169 11.129056 6.195558
v -16.360687 11.130291 6.138241
v -16.621540 11.073451 6.058879
v -16.753401 11.122542 6.066772
v -17.012081 11.109547 6.152383
v -17.114300 11.126278 6.228978
v -17.266010 11.171262 6.457780
v -17.294044 11.193532 6.566727
v -17.266884 11.230433 6.836434
v -17.217108 11.275494 6.946904
v -17.032396 11.311835 7.138758
v -16.910280 11.305449 7.200212
v -16.660521 11.355443 7.250965
v -16.523849 11.294834 7.233795
v -16.294678 11.345134 7.135590
v -16.206896 11.299807 7.063912
v -16.065063 11.261844 6.841652
v -16.193556 12.051438 6.811384
v -16.214310 12.051207 6.561934
v -16.245041 12.024672 6.476644
v -16.409868 12.003243 6.278433
v -16.497414 11.991628 6.220983
v -16.744898 11.950671 6.146395
v -16.871719 12.002956 6.152006
v -17.111673 11.954203 6.232182
v -17.214878 12.036157 6.308147
v -17.353046 12.003156 6.518226
v -17.390968 12.074328 6.629193
v -17.365551 12.067560 6.884513
v -17.320917 12.094451 6.990706
v -17.145859 12.120717 7.177732
v -17.031834 12.104798 7.236918
v -16.791616 12.153016 7.285693
v -16.662104 12.100171 7.271350
v -16.444082 12.150936 7.176234
v -16.348799 12.077553 7.107026
v -16.227589 12.114347 6.899891
v -16.348621 12.909210 6.819322
v -16.367271 12.914944 6.572671
v -16.404974 12.909017 6.477703
v -16.565613 12.893931 6.280657
v -16.656658 12.886211 6.220462
v -16.904215 12.875036 6.148098
v -17.025318 12.875552 6.149814
v -17.265060 12.855313 6.233078
v -17.377708 12.925086 6.303842
v -17.510353 12.896527 6.517944
v -17.555805 12.960289 6.633703
v -17.533567 12.962631 6.889168
v -17.485493 12.970582 6.999670
v -17.313250 12.981301 7.190292
v -17.204536 12.982944 7.252010
v -16.955605 12.979146 7.306246
v -16.828402 12.971968 7.294487
v -16.601818 12.991008 7.199783
v -16.505367 12.925264 7.124596
v -16.379444 12.957348 6.918973
v -16.692829 17.715609 6.769619
v -16.705980 17.703699 6.552427
v -16.742224 17.700283 6.460050
v -16.882586 17.693100 6.287230
v -16.968128 17.690998 6.230881
v -17.186069 17.692337 6.168441
v -17.294800 17.696384 6.171180
v -17.509758 17.710629 6.245067
v -17.600004 17.719671 6.312601
v -17.726326 17.740427 6.498607
v -17.756916 17.751144 6.606166
v -17.742947 17.767508 6.830417
v -17.700680 17.772318 6.932004
v -17.551664 17.776688 7.102506
v -17.455875 17.775917 7.159352
v -17.235830 17.768925 7.210049
v -17.124416 17.763441 7.200997
v -16.917927 17.748077 7.117539
v -16.835646 17.739853 7.049615
v -16.718290 17.722660 6.866672
v -14.277456 -0.398004 5.615291
v -14.517666 -0.439268 6.118605
v -14.792469 0.095255 6.001051
v -14.608312 0.104684 5.538470
v -14.268795 -0.294735 7.365060
v -14.375913 -0.250375 7.734984
v -14.797848 0.166382 7.334439
v -14.707326 0.140386 6.991466
v -13.650199 -0.630133 3.975395
v -13.385355 -0.616623 4.330614
v -14.005905 -0.051265 4.456246
v -14.267451 -0.088013 4.145565
v -16.501423 -0.546114 4.375544
v -15.995478 -0.490182 4.484312
v -16.164070 -0.130333 4.681424
v -16.642307 -0.217029 4.630299
v -18.215710 -0.751408 3.241205
v -17.848610 -0.736803 2.856085
v -17.817398 -0.454459 3.430023
v -18.134380 -0.486251 3.803455
v -18.378250 -0.638435 5.728851
v -18.016611 -0.742094 5.016000
v -17.991249 -0.427573 5.299214
v -18.281069 -0.311167 5.951378
v -20.911966 -0.403443 7.759556
v -21.087246 -0.445838 7.344054
v -20.355865 -0.123989 7.349370
v -20.187859 -0.055082 7.710636
v -18.685373 -0.606578 8.805630
v -19.051889 -0.350532 8.212171
v -18.655964 0.017333 8.089064
v -18.257748 -0.150053 8.520666
v -17.351097 -0.712398 10.519239
v -17.720106 -0.392050 10.421875
v -17.477707 -0.119696 9.673139
v -17.094936 -0.231453 9.550701
v -15.986731 -0.483757 8.317778
v -16.522594 -0.649285 8.690649
v -16.293301 -0.082598 8.276800
v -15.876093 -0.006683 7.865729
v -10.914242 -1.550596 2.880480
v -10.540058 -1.524273 3.504151
v -12.323311 -1.482853 5.569507
v -12.718420 -1.547145 6.434505
v -15.785036 -1.708941 2.669988
v -14.979132 -1.652807 3.007713
v -18.348335 -1.871387 0.607304
v -17.668171 -1.840867 0.118829
v -19.062283 -1.802965 4.478481
v -18.384426 -1.873011 3.392700
v -23.820660 -1.739388 7.777788
v -23.989149 -1.770207 7.025040
v -20.371754 -2.007436 10.255468
v -20.781866 -1.689785 8.936797
v -18.634893 -1.454747 13.912409
v -19.360126 -1.255241 13.971998
v -15.649776 -1.486722 9.807905
v -16.812710 -2.105326 10.661423
v -11.908814 -1.244649 8.915772
v -12.152032 -1.182014 9.518888
v -17.057102 10.622372 7.169905
v -17.197723 10.711612 7.109628
v -17.120342 11.101102 7.183585
v -17.220686 10.925146 7.115847
v -16.800291 10.827514 7.326373
v -16.892946 10.672499 7.259300
v -16.825712 11.035229 7.330884
v -16.957104 11.144997 7.272058
v -17.272474 10.559406 7.476603
v -17.357967 10.632376 7.426250
v -17.293755 10.904396 7.480340
v -17.364378 10.784322 7.427391
v -17.101524 10.685954 7.604520
v -17.166361 10.582452 7.550315
v -17.109253 10.836237 7.604646
v -17.188677 10.924570 7.553567
v -18.315483 9.901808 8.766500
v -18.407728 10.011393 8.707877
v -18.329241 10.320048 8.759352
v -18.412661 10.184801 8.704868
v -18.111822 10.060991 8.902153
v -18.191967 9.923962 8.846498
v -18.117146 10.236471 8.897463
v -18.207134 10.340456 8.838850
v -20.138216 9.922299 11.134694
v -20.197474 9.978885 11.054052
v -20.130280 10.194512 11.014502
v -20.194067 10.091722 11.004366
v -19.987604 10.058658 11.208755
v -20.051167 9.955427 11.198873
v -19.984600 10.171218 11.158730
v -20.043633 10.227356 11.078342
v -17.738876 10.236859 8.065743
v -17.830471 10.319817 8.015076
v -17.835583 10.484106 8.013657
v -17.758381 10.613753 8.065859
v -17.645794 10.634818 8.140906
v -17.562605 10.536498 8.195467
v -17.556030 10.374630 8.197685
v -17.624977 10.260926 8.141017
v -18.966105 9.786599 9.550308
v -19.036684 9.889124 9.501268
v -19.003695 10.042420 9.465971
v -18.887293 10.160076 9.464371
v -18.756617 10.172379 9.496914
v -18.687288 10.073411 9.545133
v -18.718725 9.918380 9.581099
v -18.834053 9.797237 9.583649
vt 0.381521 0.387500
vt 0.375000 0.387500
vt 0.375000 0.366045
vt 0.378713 0.357041
vt 0.375000 0.395574
vt 0.382594 0.425000
vt 0.375000 0.425000
vt 0.375092 0.425138
vt 0.383289 0.462476
vt 0.375000 0.462500
vt 0.405005 0.387500
vt 0.393780 0.387500
vt 0.393954 0.356359
vt 0.404402 0.356299
vt 0.407070 0.425000
vt 0.392474 0.425000
vt 0.407707 0.462639
vt 0.391789 0.462438
vt 0.430550 0.387500
vt 0.419825 0.387500
vt 0.422298 0.357156
vt 0.427582 0.357188
vt 0.431758 0.425000
vt 0.417982 0.425000
vt 0.432267 0.462805
vt 0.417386 0.462313
vt 0.456096 0.387500
vt 0.444327 0.387500
vt 0.443920 0.356573
vt 0.457548 0.356656
vt 0.457058 0.425000
vt 0.443162 0.425000
vt 0.457480 0.462782
vt 0.442696 0.462196
vt 0.481117 0.387500
vt 0.469135 0.387500
vt 0.471496 0.357234
vt 0.477326 0.357269
vt 0.482361 0.425000
vt 0.467860 0.425000
vt 0.482818 0.462655
vt 0.467372 0.462224
vt 0.505315 0.387500
vt 0.493968 0.387500
vt 0.495523 0.356413
vt 0.505995 0.356513
vt 0.507102 0.425000
vt 0.492651 0.425000
vt 0.507601 0.462414
vt 0.492125 0.462321
vt 0.530636 0.387500
vt 0.519743 0.387500
vt 0.521724 0.357329
vt 0.528351 0.357265
vt 0.531646 0.425000
vt 0.517971 0.425000
vt 0.532120 0.462235
vt 0.517477 0.462517
vt 0.554920 0.387500
vt 0.544540 0.387500
vt 0.544617 0.356127
vt 0.555129 0.356022
vt 0.556687 0.425000
vt 0.543363 0.425000
vt 0.557157 0.462215
vt 0.542945 0.462759
vt 0.581385 0.387500
vt 0.570130 0.387500
vt 0.571872 0.356907
vt 0.577833 0.356954
vt 0.582065 0.425000
vt 0.568319 0.425000
vt 0.582626 0.462273
vt 0.567847 0.462789
vt 0.605969 0.387500
vt 0.594202 0.387500
vt 0.595507 0.356217
vt 0.605096 0.354592
vt 0.607671 0.425000
vt 0.592901 0.425000
vt 0.608328 0.462410
vt 0.592332 0.462709
vt 0.375000 0.475082
vt 0.383850 0.500000
vt 0.375000 0.500000
vt 0.408212 0.500000
vt 0.391250 0.500000
vt 0.432689 0.500000
vt 0.416885 0.500000
vt 0.457860 0.499880
vt 0.442282 0.500000
vt 0.483210 0.499756
vt 0.466998 0.499998
vt 0.508075 0.500000
vt 0.491668 0.500186
vt 0.532557 0.500000
vt 0.517020 0.500000
vt 0.557541 0.500000
vt 0.542546 0.500000
vt 0.583072 0.500191
vt 0.567457 0.500000
vt 0.608833 0.500000
vt 0.591898 0.499737
vt 0.375000 0.519810
vt 0.384300 0.537927
vt 0.375000 0.537500
vt 0.408709 0.537284
vt 0.390798 0.536935
vt 0.433192 0.536798
vt 0.416369 0.537532
vt 0.458323 0.536531
vt 0.441724 0.538023
vt 0.483740 0.537500
vt 0.466418 0.538367
vt 0.508609 0.537500
vt 0.491189 0.537500
vt 0.533086 0.537500
vt 0.516516 0.537500
vt 0.558080 0.537500
vt 0.541985 0.537500
vt 0.583684 0.538574
vt 0.566896 0.537500
vt 0.609370 0.538463
vt 0.591416 0.536287
vt 0.375000 0.555983
vt 0.384604 0.575000
vt 0.375000 0.575000
vt 0.409057 0.574627
vt 0.390535 0.574448
vt 0.433587 0.573818
vt 0.415998 0.575272
vt 0.458584 0.575000
vt 0.441195 0.576023
vt 0.484060 0.575000
vt 0.466317 0.575000
vt 0.508840 0.574389
vt 0.491005 0.575000
vt 0.516516 0.537500
vt 0.533086 0.537500
vt 0.533429 0.575427
vt 0.516247 0.575506
vt 0.541985 0.537500
vt 0.558080 0.537500
vt 0.558459 0.576181
vt 0.541665 0.574448
vt 0.583915 0.576524
vt 0.566598 0.573634
vt 0.609451 0.575000
vt 0.590945 0.575000
vt 0.375000 0.592799
vt 0.384323 0.612865
vt 0.375000 0.612500
vt 0.409058 0.612500
vt 0.390672 0.612141
vt 0.433752 0.611264
vt 0.415990 0.612500
vt 0.458716 0.610940
vt 0.441279 0.613583
vt 0.483839 0.611154
vt 0.466293 0.613906
vt 0.508810 0.612063
vt 0.491171 0.613743
vt 0.516247 0.575506
vt 0.533429 0.575427
vt 0.533546 0.613026
vt 0.516261 0.612903
vt 0.541665 0.574448
vt 0.558459 0.576181
vt 0.558532 0.613699
vt 0.541507 0.611900
vt 0.583814 0.613965
vt 0.566439 0.611144
vt 0.609248 0.613648
vt 0.591067 0.610849
vt 0.375000 0.628167
vt 0.384005 0.650000
vt 0.375000 0.650000
vt 0.408899 0.650000
vt 0.390990 0.650000
vt 0.433663 0.650000
vt 0.416116 0.650000
vt 0.458584 0.648826
vt 0.441361 0.650000
vt 0.483616 0.649035
vt 0.466490 0.651073
vt 0.508651 0.650000
vt 0.491424 0.650908
vt 0.533539 0.650000
vt 0.516345 0.650000
vt 0.558440 0.650000
vt 0.541435 0.650000
vt 0.583653 0.651105
vt 0.566600 0.650000
vt 0.608869 0.650825
vt 0.591265 0.648797
vt 0.375000 0.663951
vt 0.383749 0.687500
vt 0.375000 0.687500
vt 0.408721 0.687500
vt 0.391253 0.687500
vt 0.433594 0.687500
vt 0.416280 0.687500
vt 0.458473 0.687500
vt 0.441411 0.687500
vt 0.483467 0.687500
vt 0.466516 0.687500
vt 0.508549 0.687500
vt 0.491499 0.687500
vt 0.533527 0.687500
vt 0.516455 0.687500
vt 0.558496 0.687500
vt 0.541491 0.687500
vt 0.583547 0.687500
vt 0.566517 0.687500
vt 0.608674 0.687500
vt 0.591457 0.687500
vt 0.378361 0.344269
vt 0.375000 0.343434
vt 0.375000 0.314550
vt 0.378272 0.312500
vt 0.622198 0.344286
vt 0.625000 0.344321
vt 0.624955 0.347348
vt 0.621912 0.349848
vt 0.604971 0.344073
vt 0.595661 0.344017
vt 0.595811 0.312500
vt 0.604936 0.312500
vt 0.404269 0.344002
vt 0.394123 0.344028
vt 0.394490 0.312500
vt 0.404029 0.312500
vt 0.427304 0.344284
vt 0.422551 0.344276
vt 0.422601 0.312500
vt 0.427289 0.312500
vt 0.457906 0.344003
vt 0.443589 0.344079
vt 0.443464 0.312500
vt 0.457864 0.312500
vt 0.477103 0.343974
vt 0.471967 0.344010
vt 0.472036 0.312500
vt 0.477088 0.312500
vt 0.505961 0.343667
vt 0.495650 0.343642
vt 0.495787 0.312500
vt 0.505673 0.312500
vt 0.528113 0.343943
vt 0.522084 0.343947
vt 0.522117 0.312500
vt 0.528122 0.312500
vt 0.555117 0.338231
vt 0.544912 0.343654
vt 0.544778 0.312500
vt 0.555215 0.312500
vt 0.577395 0.344041
vt 0.571833 0.346128
vt 0.572169 0.312500
vt 0.577348 0.312500
vt 0.618748 0.387500
vt 0.617307 0.425000
vt 0.616626 0.462513
vt 0.616101 0.500000
vt 0.615677 0.536420
vt 0.615524 0.575000
vt 0.615641 0.611244
vt 0.616015 0.649133
vt 0.616326 0.687500
vt 0.622258 0.312500
vt 0.605111 0.356271
vt 0.621973 0.357064
vt 0.533086 0.537500
vt 0.516516 0.537500
vt 0.516247 0.575506
vt 0.533429 0.575427
vt 0.558080 0.537500
vt 0.541985 0.537500
vt 0.558459 0.576181
vt 0.541665 0.574448
vt 0.533086 0.537500
vt 0.516516 0.537500
vt 0.516247 0.575506
vt 0.533429 0.575427
vt 0.558080 0.537500
vt 0.541985 0.537500
vt 0.558459 0.576181
vt 0.541665 0.574448
vt 0.533086 0.537500
vt 0.516516 0.537500
vt 0.516247 0.575506
vt 0.533429 0.575427
vt 0.558080 0.537500
vt 0.541985 0.537500
vt 0.558459 0.576181
vt 0.541665 0.574448
vt 0.516516 0.537500
vt 0.533086 0.537500
vt 0.533086 0.537500
vt 0.516516 0.537500
vt 0.533429 0.575427
vt 0.516247 0.575506
vt 0.516247 0.575506
vt 0.533429 0.575427
vt 0.541985 0.537500
vt 0.558080 0.537500
vt 0.558080 0.537500
vt 0.541985 0.537500
vt 0.558459 0.576181
vt 0.558459 0.576181
vt 0.541665 0.574448
vt 0.541665 0.574448
vn 0.966643 0.256050 -0.006278
vn 0.942586 0.252916 0.218096
vn 0.874568 0.467834 0.127524
vn 0.796465 0.533119 0.285355
vn 0.972898 0.097811 -0.209531
vn 0.989597 0.077606 0.121144
vn 0.973923 0.048047 -0.221732
vn 0.998455 0.049962 0.024330
vn 0.249913 0.556423 -0.792424
vn 0.792705 0.487478 -0.366039
vn 0.611268 0.790934 -0.027852
vn -0.033094 0.573668 -0.818419
vn 0.577510 0.095652 -0.810760
vn 0.797865 0.100287 -0.594436
vn 0.648244 0.041935 -0.760277
vn 0.804685 0.044588 -0.592026
vn 0.066791 0.378209 -0.923308
vn 0.048392 0.451274 -0.891072
vn -0.130157 0.580273 -0.803954
vn 0.229208 0.730679 -0.643096
vn 0.076912 0.072063 -0.994430
vn 0.310042 0.080742 -0.947288
vn 0.149788 0.044748 -0.987705
vn 0.366533 0.040924 -0.929505
vn -0.663501 0.454670 -0.594173
vn -0.118441 0.546587 -0.828984
vn 0.072025 0.866681 -0.493636
vn -0.754611 0.630610 -0.181363
vn -0.462565 0.083083 -0.882684
vn -0.188183 0.073686 -0.979366
vn -0.418849 0.058947 -0.906141
vn -0.172896 0.050230 -0.983659
vn -0.713759 0.308981 -0.628553
vn -0.785779 0.262465 -0.560056
vn -0.867124 0.450969 -0.211477
vn -0.514593 0.553466 -0.654881
vn -0.853797 0.121939 -0.506124
vn -0.712951 0.096579 -0.694531
vn -0.895822 0.071273 -0.438660
vn -0.729863 0.068219 -0.680181
vn -0.666955 0.698336 0.259802
vn -0.747095 0.485853 -0.453647
vn -0.393141 0.785681 -0.477646
vn -0.285818 0.835098 0.470021
vn -0.946367 0.190206 0.261172
vn -0.977518 0.164004 -0.132516
vn -0.962219 0.065963 0.264166
vn -0.997120 0.070811 -0.027160
vn -0.491247 0.558227 0.668624
vn -0.580936 0.623335 0.523418
vn -0.256955 0.835062 0.486462
vn -0.421918 0.831903 0.360448
vn -0.564482 0.173627 0.806978
vn -0.793045 0.194786 0.577182
vn -0.589520 0.048375 0.806304
vn -0.789551 0.056527 0.611077
vn 0.202570 0.472281 0.857855
vn -0.263697 0.611043 0.746385
vn -0.225454 0.908533 0.351764
vn 0.624870 0.597933 0.502009
vn 0.038451 0.103817 0.993853
vn -0.281605 0.143677 0.948713
vn -0.068932 0.038375 0.996883
vn -0.307054 0.040807 0.950817
vn 0.487833 0.243846 0.838187
vn 0.384425 0.290732 0.876181
vn 0.542139 0.600028 0.588261
vn 0.294839 0.631018 0.717556
vn 0.506737 0.056859 0.860224
vn 0.279520 0.075056 0.957202
vn 0.477055 0.043358 0.877803
vn 0.242059 0.040353 0.969422
vn 0.859323 0.266855 0.436294
vn 0.661182 0.262900 0.702654
vn 0.362121 0.728211 0.581873
vn 0.796768 0.603932 0.020669
vn 0.885841 0.058330 0.460308
vn 0.757141 0.052658 0.651126
vn 0.900717 0.048538 0.431686
vn 0.768262 0.047342 0.638382
vn 0.978863 0.076353 -0.189728
vn 0.996972 0.076577 0.013495
vn 0.670828 0.080330 -0.737250
vn 0.808669 0.084099 -0.582222
vn 0.159125 0.076642 -0.984279
vn 0.359972 0.079998 -0.929527
vn -0.415465 0.071015 -0.906833
vn -0.187514 0.073355 -0.979519
vn -0.889535 0.060273 -0.452874
vn -0.741135 0.065111 -0.668191
vn -0.969018 0.038825 0.243920
vn -0.998770 0.047973 -0.012500
vn -0.610104 0.023317 0.791978
vn -0.789229 0.030135 0.613359
vn -0.063707 0.024549 0.997667
vn -0.298738 0.023026 0.954057
vn 0.489123 0.039676 0.871312
vn 0.280246 0.033160 0.959355
vn 0.895670 0.061133 0.440498
vn 0.781012 0.054217 0.622158
vn 0.974314 0.131174 -0.183044
vn 0.992570 0.121571 -0.005039
vn 0.671088 0.136618 -0.728682
vn 0.793004 0.139583 -0.593010
vn 0.162072 0.114434 -0.980121
vn 0.343429 0.124579 -0.930879
vn -0.410505 0.079739 -0.908365
vn -0.207741 0.092481 -0.973802
vn -0.885854 0.025999 -0.463235
vn -0.757804 0.044531 -0.650961
vn -0.971749 -0.030671 0.234016
vn -0.999951 -0.009846 0.001207
vn -0.588649 -0.118548 0.799649
vn -0.813010 -0.063924 0.578730
vn -0.005708 -0.044810 0.998979
vn -0.265066 -0.103836 0.958623
vn 0.477873 0.020344 0.878193
vn 0.291323 0.000542 0.956625
vn 0.889014 0.085416 0.449843
vn 0.789375 0.065421 0.610416
vn 0.969967 0.169088 -0.174852
vn 0.986527 0.163199 -0.011417
vn 0.679467 0.166610 -0.714539
vn 0.787140 0.173782 -0.591786
vn 0.173380 0.122148 -0.977251
vn 0.340043 0.138917 -0.930093
vn -0.408441 0.054020 -0.911185
vn -0.220544 0.077457 -0.972297
vn -0.884512 -0.032055 -0.465414
vn -0.765675 -0.001749 -0.643225
vn -0.970483 -0.098909 0.219954
vn -0.996696 -0.081002 0.005999
vn -0.748915 -0.474287 -0.462793
vn -0.283330 -0.959005 -0.005852
vn -0.505070 0.801273 -0.320727
vn -0.801649 0.204134 -0.561861
vn 0.367981 -0.800907 0.472374
vn 0.716810 -0.266194 0.644456
vn 0.699160 0.393675 0.596821
vn 0.179496 0.960483 0.212730
vn 0.472025 0.026413 0.881190
vn 0.298087 -0.007358 0.954510
vn 0.885507 0.112781 0.450730
vn 0.794123 0.090974 0.600910
vn 0.969277 0.182425 -0.164995
vn 0.983770 0.179428 0.001523
vn 0.693689 0.153587 -0.703709
vn 0.798315 0.168111 -0.578302
vn 0.184447 0.083875 -0.979257
vn 0.351068 0.103271 -0.930638
vn -0.411758 -0.009411 -0.911245
vn -0.226287 0.006651 -0.974038
vn -0.879917 -0.103367 -0.463747
vn -0.768337 -0.093103 -0.633237
vn -0.967055 -0.153129 0.203361
vn -0.988257 -0.152657 -0.006655
vn -0.840608 -0.070159 0.537081
vn -0.648829 -0.021484 0.760630
vn -0.639816 -0.129516 0.757536
vn -0.778792 -0.145075 0.610276
vn -0.286423 0.034586 0.957479
vn -0.002567 -0.019600 0.999805
vn -0.095950 -0.048959 0.994181
vn -0.286595 -0.081113 0.954612
vn 0.469809 0.055139 0.881044
vn 0.299161 0.018342 0.954027
vn 0.882556 0.144609 0.447417
vn 0.791250 0.120288 0.599545
vn 0.983119 0.085618 -0.161696
vn 0.995781 0.090847 0.012945
vn 0.708230 0.060630 -0.703373
vn 0.823150 0.070893 -0.563381
vn 0.184721 0.017632 -0.982633
vn 0.361481 0.032084 -0.931827
vn -0.401064 -0.029028 -0.915590
vn -0.229920 -0.013861 -0.973111
vn -0.877056 -0.064248 -0.476073
vn -0.752213 -0.048129 -0.657160
vn -0.981090 -0.064026 0.182656
vn -0.996032 -0.062368 -0.063484
vn -0.670215 -0.038673 0.741158
vn -0.809337 -0.048626 0.585328
vn -0.111514 0.003915 0.993755
vn -0.310876 -0.010232 0.950396
vn 0.479666 0.048944 0.876085
vn 0.286621 0.034981 0.957405
vn 0.892807 0.078910 0.443474
vn 0.794111 0.076645 0.602921
vn 0.984797 0.069127 -0.159361
vn 0.996809 0.071542 0.035402
vn 0.709869 0.047902 -0.702703
vn 0.826622 0.056082 -0.559957
vn 0.177511 0.014514 -0.984012
vn 0.359929 0.025434 -0.932633
vn -0.419683 -0.018565 -0.907481
vn -0.238660 -0.009097 -0.971061
vn -0.885772 -0.040454 -0.462354
vn -0.769086 -0.035362 -0.638166
vn -0.981905 -0.040226 0.185052
vn -0.998198 -0.042833 -0.042020
vn -0.676429 -0.019932 0.736238
vn -0.811534 -0.028371 0.583616
vn -0.126090 0.012709 0.991937
vn -0.321207 0.001355 0.947008
vn 0.459901 0.046000 0.886778
vn 0.274367 0.035664 0.960963
vn 0.886623 0.068231 0.457432
vn 0.778858 0.063033 0.624025
vn 0.513198 0.806173 0.294471
vn 0.584735 0.806995 -0.082732
vn 0.517885 0.848233 -0.110885
vn 0.420955 0.867851 0.263879
vn 0.521096 0.832906 -0.186353
vn 0.094400 0.891770 0.442531
vn 0.110445 0.917829 0.381303
vn 0.454142 0.881988 -0.125908
vn -0.007121 0.765966 -0.642842
vn 0.404868 0.903645 0.139667
vn 0.339408 0.939842 0.038727
vn 0.115966 0.896479 -0.427642
vn 0.314197 0.837910 -0.446303
vn -0.047134 0.666184 -0.744296
vn -0.032392 0.749483 -0.661231
vn 0.327840 0.857382 -0.396759
vn -0.941395 0.333015 -0.053628
vn 0.211090 0.898254 -0.385461
vn 0.182827 0.906002 -0.381752
vn -0.553038 0.777929 -0.298288
vn -0.334248 0.757380 -0.560940
vn -0.809381 0.536862 -0.238080
vn -0.959273 0.278544 -0.047000
vn -0.340166 0.771347 -0.537876
vn -0.295165 0.717476 0.630956
vn -0.320678 0.815258 -0.482203
vn -0.337355 0.845258 -0.414403
vn -0.373648 0.851168 0.368647
vn -0.495436 0.852236 0.168038
vn -0.321500 0.713198 0.622886
vn -0.303820 0.708852 0.636570
vn -0.507441 0.856085 0.098093
vn 0.764114 0.498511 0.409410
vn -0.374962 0.918864 0.122848
vn -0.289657 0.946000 0.145542
vn 0.541327 0.745909 0.388053
vn 0.043865 0.831635 0.553587
vn 0.535778 0.618731 0.574555
vn 0.783174 0.440115 0.439246
vn 0.010031 0.847044 0.531428
vn -0.301959 -0.897830 0.320504
vn -0.945681 -0.290201 -0.146533
vn -0.987164 0.116138 -0.109630
vn -0.704947 0.579522 0.408905
vn 0.505156 -0.127163 0.853608
vn 0.218024 -0.711559 0.667944
vn 0.396563 0.194511 0.897164
vn -0.188814 0.623291 0.758853
vn 0.014038 -0.924509 -0.380901
vn -0.665695 -0.396314 -0.632286
vn -0.854789 0.301390 -0.422492
vn -0.613904 0.789250 0.014352
vn 0.789356 -0.267145 0.552767
vn 0.569879 -0.815424 0.101596
vn 0.573818 0.381353 0.724777
vn -0.020582 0.858707 0.512054
vn 0.003151 -0.894345 -0.447367
vn -0.611272 -0.383245 -0.692438
vn -0.800857 0.292364 -0.522638
vn -0.572232 0.815221 -0.089247
vn 0.819210 -0.281130 0.499860
vn 0.584520 -0.809402 0.056616
vn 0.642227 0.371694 0.670365
vn 0.053056 0.891920 0.449070
vn -0.656625 -0.380975 -0.650924
vn -0.128236 -0.917201 -0.377223
vn -0.226137 -0.960869 -0.159977
vn -0.722914 -0.409640 -0.556409
vn -0.532773 0.831330 -0.158250
vn -0.784830 0.281838 -0.551914
vn -0.762450 0.276827 -0.584840
vn -0.437868 0.848350 -0.297613
vn 0.508531 -0.846807 0.155930
vn 0.778993 -0.310084 0.544993
vn 0.758040 -0.250518 0.602176
vn 0.457322 -0.814993 0.355871
vn 0.663121 0.341402 0.666120
vn 0.700549 0.392252 0.596129
vn 0.119066 0.903275 0.412211
vn 0.227129 0.939125 0.257792
s 1
g Tree4
usemtl initialShadingGroup
f 59/80/115 60/81/116 241/82/117 242/83/118
f 60/84/116 59/80/115 62/85/119 61/86/120
f 61/87/120 62/85/119 100/88/121 99/89/122
f 63/90/123 64/91/124 249/92/125 250/93/126
f 64/91/124 63/90/123 66/94/127 65/95/128
f 65/95/128 66/94/127 102/96/129 101/97/130
f 67/98/131 68/99/132 253/100/133 254/101/134
f 68/99/132 67/98/131 70/102/135 69/103/136
f 69/103/136 70/102/135 104/104/137 103/105/138
f 71/106/139 72/107/140 257/108/141 258/109/142
f 72/107/140 71/106/139 74/110/143 73/111/144
f 73/111/144 74/110/143 106/112/145 105/113/146
f 75/114/147 76/115/148 261/116/149 262/117/150
f 76/115/148 75/114/147 78/118/151 77/119/152
f 77/119/152 78/118/151 108/120/153 107/121/154
f 79/122/155 80/123/156 265/124/157 266/125/158
f 80/123/156 79/122/155 82/126/159 81/127/160
f 81/127/160 82/126/159 110/128/161 109/129/162
f 83/130/163 84/131/164 269/132/165 270/133/166
f 84/131/164 83/130/163 86/134/167 85/135/168
f 85/135/168 86/134/167 112/136/169 111/137/170
f 87/138/171 88/139/172 273/140/173 274/141/174
f 88/139/172 87/138/171 90/142/175 89/143/176
f 89/143/176 90/142/175 114/144/177 113/145/178
f 91/146/179 92/147/180 277/148/181 278/149/182
f 92/147/180 91/146/179 94/150/183 93/151/184
f 93/151/184 94/150/183 116/152/185 115/153/186
f 95/154/187 96/155/188 245/156/189 246/157/190
f 96/155/188 95/154/187 98/158/191 97/159/192
f 97/159/192 98/158/191 118/160/193 117/161/194
f 99/162/122 100/88/121 120/163/195 119/164/196
f 101/97/130 102/96/129 122/165/197 121/166/198
f 103/105/138 104/104/137 124/167/199 123/168/200
f 105/113/146 106/112/145 126/169/201 125/170/202
f 107/121/154 108/120/153 128/171/203 127/172/204
f 109/129/162 110/128/161 130/173/205 129/174/206
f 111/137/170 112/136/169 132/175/207 131/176/208
f 113/145/178 114/144/177 134/177/209 133/178/210
f 115/153/186 116/152/185 136/179/211 135/180/212
f 117/161/194 118/160/193 138/181/213 137/182/214
f 119/183/196 120/163/195 140/184/215 139/185/216
f 121/166/198 122/165/197 142/186/217 141/187/218
f 123/168/200 124/167/199 144/188/219 143/189/220
f 125/170/202 126/169/201 146/190/221 145/191/222
f 127/172/204 128/171/203 148/192/223 147/193/224
f 129/174/206 130/173/205 150/194/225 149/195/226
f 131/176/208 132/175/207 152/196/227 151/197/228
f 133/178/210 134/177/209 154/198/229 153/199/230
f 135/180/212 136/179/211 156/200/231 155/201/232
f 137/182/214 138/181/213 158/202/233 157/203/234
f 139/204/216 140/184/215 160/205/235 159/206/236
f 141/187/218 142/186/217 162/207/237 161/208/238
f 143/189/220 144/188/219 164/209/239 163/210/240
f 145/191/222 146/190/221 166/211/241 165/212/242
f 147/193/224 148/192/223 168/213/243 167/214/244
f 149/195/226 150/194/225 170/215/245 169/216/246
f 324/217/247 323/218/248 325/219/249 326/220/250
f 328/221/251 327/222/252 329/223/253 330/224/254
f 155/201/232 156/200/231 176/225/255 175/226/256
f 157/203/234 158/202/233 178/227/257 177/228/258
f 159/229/236 160/205/235 180/230/259 179/231/260
f 161/208/238 162/207/237 182/232/261 181/233/262
f 163/210/240 164/209/239 184/234/263 183/235/264
f 165/212/242 166/211/241 186/236/265 185/237/266
f 167/214/244 168/213/243 188/238/267 187/239/268
f 169/216/246 170/215/245 190/240/269 189/241/270
f 171/242/271 172/243/272 192/244/273 191/245/274
f 173/246/275 174/247/276 194/248/277 193/249/278
f 175/226/256 176/225/255 196/250/279 195/251/280
f 177/228/258 178/227/257 198/252/281 197/253/282
f 179/254/260 180/230/259 200/255/283 199/256/284
f 181/233/262 182/232/261 202/257/285 201/258/286
f 183/235/264 184/234/263 204/259/287 203/260/288
f 185/237/266 186/236/265 206/261/289 205/262/290
f 187/239/268 188/238/267 208/263/291 207/264/292
f 189/241/270 190/240/269 210/265/293 209/266/294
f 191/245/274 192/244/273 212/267/295 211/268/296
f 193/249/278 194/248/277 214/269/297 213/270/298
f 195/251/280 196/250/279 216/271/299 215/272/300
f 197/253/282 198/252/281 218/273/301 217/274/302
f 199/275/284 200/255/283 220/276/303 219/277/304
f 201/258/286 202/257/285 222/278/305 221/279/306
f 203/260/288 204/259/287 224/280/307 223/281/308
f 205/262/290 206/261/289 226/282/309 225/283/310
f 207/264/292 208/263/291 228/284/311 227/285/312
f 209/266/294 210/265/293 230/286/313 229/287/314
f 211/268/296 212/267/295 232/288/315 231/289/316
f 213/270/298 214/269/297 234/290/317 233/291/318
f 215/272/300 216/271/299 236/292/319 235/293/320
f 217/274/302 218/273/301 238/294/321 237/295/322
f 239/296/323 240/297/324 282/298/325 281/299/326
f 240/300/324 239/301/323 242/302/118 241/303/117
f 243/304/327 244/305/328 298/306/329 297/307/330
f 244/305/328 243/304/327 246/157/190 245/156/189
f 247/308/331 248/309/332 280/310/333 279/311/334
f 248/309/332 247/308/331 250/93/126 249/92/125
f 251/312/335 252/313/336 284/314/337 283/315/338
f 252/313/336 251/312/335 254/101/134 253/100/133
f 255/316/339 256/317/340 286/318/341 285/319/342
f 256/317/340 255/316/339 258/109/142 257/108/141
f 259/320/343 260/321/344 288/322/345 287/323/346
f 260/321/344 259/320/343 262/117/150 261/116/149
f 263/324/347 264/325/348 290/326/349 289/327/350
f 264/325/348 263/324/347 266/125/158 265/124/157
f 267/328/351 268/329/352 292/330/353 291/331/354
f 268/329/352 267/328/351 270/133/166 269/132/165
f 271/332/355 272/333/356 294/334/357 293/335/358
f 272/333/356 271/332/355 274/141/174 273/140/173
f 275/336/359 276/337/360 296/338/361 295/339/362
f 276/337/360 275/336/359 278/149/182 277/148/181
f 59/80/115 64/91/124 65/95/128 62/85/119
f 63/90/123 68/99/132 69/103/136 66/94/127
f 67/98/131 72/107/140 73/111/144 70/102/135
f 71/106/139 76/115/148 77/119/152 74/110/143
f 75/114/147 80/123/156 81/127/160 78/118/151
f 79/122/155 84/131/164 85/135/168 82/126/159
f 83/130/163 88/139/172 89/143/176 86/134/167
f 87/138/171 92/147/180 93/151/184 90/142/175
f 91/146/179 96/155/188 97/159/192 94/150/183
f 95/154/187 60/340/116 61/341/120 98/158/191
f 62/85/119 65/95/128 101/97/130 100/88/121
f 66/94/127 69/103/136 103/105/138 102/96/129
f 70/102/135 73/111/144 105/113/146 104/104/137
f 74/110/143 77/119/152 107/121/154 106/112/145
f 78/118/151 81/127/160 109/129/162 108/120/153
f 82/126/159 85/135/168 111/137/170 110/128/161
f 86/134/167 89/143/176 113/145/178 112/136/169
f 90/142/175 93/151/184 115/153/186 114/144/177
f 94/150/183 97/159/192 117/161/194 116/152/185
f 98/158/191 61/341/120 99/342/122 118/160/193
f 100/88/121 101/97/130 121/166/198 120/163/195
f 102/96/129 103/105/138 123/168/200 122/165/197
f 104/104/137 105/113/146 125/170/202 124/167/199
f 106/112/145 107/121/154 127/172/204 126/169/201
f 108/120/153 109/129/162 129/174/206 128/171/203
f 110/128/161 111/137/170 131/176/208 130/173/205
f 112/136/169 113/145/178 133/178/210 132/175/207
f 114/144/177 115/153/186 135/180/212 134/177/209
f 116/152/185 117/161/194 137/182/214 136/179/211
f 118/160/193 99/342/122 119/343/196 138/181/213
f 120/163/195 121/166/198 141/187/218 140/184/215
f 122/165/197 123/168/200 143/189/220 142/186/217
f 124/167/199 125/170/202 145/191/222 144/188/219
f 126/169/201 127/172/204 147/193/224 146/190/221
f 128/171/203 129/174/206 149/195/226 148/192/223
f 130/173/205 131/176/208 151/197/228 150/194/225
f 132/175/207 133/178/210 153/199/230 152/196/227
f 134/177/209 135/180/212 155/201/232 154/198/229
f 136/179/211 137/182/214 157/203/234 156/200/231
f 138/181/213 119/343/196 139/344/216 158/202/233
f 140/184/215 141/187/218 161/208/238 160/205/235
f 142/186/217 143/189/220 163/210/240 162/207/237
f 144/188/219 145/191/222 165/212/242 164/209/239
f 146/190/221 147/193/224 167/214/244 166/211/241
f 148/192/223 149/195/226 169/216/246 168/213/243
f 150/194/225 151/197/228 171/242/271 170/215/245
f 323/218/248 328/221/251 330/224/254 325/219/249
f 154/198/229 155/201/232 175/226/256 174/247/276
f 156/200/231 157/203/234 177/228/258 176/225/255
f 158/202/233 139/344/216 159/345/236 178/227/257
f 160/205/235 161/208/238 181/233/262 180/230/259
f 162/207/237 163/210/240 183/235/264 182/232/261
f 164/209/239 165/212/242 185/237/266 184/234/263
f 166/211/241 167/214/244 187/239/268 186/236/265
f 168/213/243 169/216/246 189/241/270 188/238/267
f 170/215/245 171/242/271 191/245/274 190/240/269
f 172/243/272 173/246/275 193/249/278 192/244/273
f 174/247/276 175/226/256 195/251/280 194/248/277
f 176/225/255 177/228/258 197/253/282 196/250/279
f 178/227/257 159/345/236 179/346/260 198/252/281
f 180/230/259 181/233/262 201/258/286 200/255/283
f 182/232/261 183/235/264 203/260/288 202/257/285
f 184/234/263 185/237/266 205/262/290 204/259/287
f 186/236/265 187/239/268 207/264/292 206/261/289
f 188/238/267 189/241/270 209/266/294 208/263/291
f 190/240/269 191/245/274 211/268/296 210/265/293
f 192/244/273 193/249/278 213/270/298 212/267/295
f 194/248/277 195/251/280 215/272/300 214/269/297
f 196/250/279 197/253/282 217/274/302 216/271/299
f 198/252/281 179/346/260 199/347/284 218/273/301
f 200/255/283 201/258/286 221/279/306 220/276/303
f 202/257/285 203/260/288 223/281/308 222/278/305
f 204/259/287 205/262/290 225/283/310 224/280/307
f 206/261/289 207/264/292 227/285/312 226/282/309
f 208/263/291 209/266/294 229/287/314 228/284/311
f 210/265/293 211/268/296 231/289/316 230/286/313
f 212/267/295 213/270/298 233/291/318 232/288/315
f 214/269/297 215/272/300 235/293/320 234/290/317
f 216/271/299 217/274/302 237/295/322 236/292/319
f 218/273/301 199/347/284 219/348/304 238/294/321
f 240/300/324 241/303/117 246/157/190 243/304/327
f 242/83/118 239/296/323 248/309/332 249/92/125
f 250/93/126 247/308/331 252/313/336 253/100/133
f 254/101/134 251/312/335 256/317/340 257/108/141
f 258/109/142 255/316/339 260/321/344 261/116/149
f 262/117/150 259/320/343 264/325/348 265/124/157
f 266/125/158 263/324/347 268/329/352 269/132/165
f 270/133/166 267/328/351 272/333/356 273/140/173
f 274/141/174 271/332/355 276/337/360 277/148/181
f 278/149/182 275/336/359 244/305/328 245/156/189
f 239/296/323 281/299/326 280/310/333 248/309/332
f 247/308/331 279/311/334 284/314/337 252/313/336
f 251/312/335 283/315/338 286/318/341 256/317/340
f 255/316/339 285/319/342 288/322/345 260/321/344
f 259/320/343 287/323/346 290/326/349 264/325/348
f 263/324/347 289/327/350 292/330/353 268/329/352
f 267/328/351 291/331/354 294/334/357 272/333/356
f 271/332/355 293/335/358 296/338/361 276/337/360
f 275/336/359 295/339/362 298/306/329 244/305/328
f 243/304/327 297/307/330 282/349/325 240/300/324
f 242/83/118 249/92/125 64/91/124 59/80/115
f 250/93/126 253/100/133 68/99/132 63/90/123
f 254/101/134 257/108/141 72/107/140 67/98/131
f 258/109/142 261/116/149 76/115/148 71/106/139
f 262/117/150 265/124/157 80/123/156 75/114/147
f 266/125/158 269/132/165 84/131/164 79/122/155
f 270/133/166 273/140/173 88/139/172 83/130/163
f 274/141/174 277/148/181 92/147/180 87/138/171
f 278/149/182 245/156/189 96/155/188 91/146/179
f 246/350/190 241/351/117 60/340/116 95/154/187
f 151/197/228 152/196/227 299/352/363 300/353/364
f 172/243/272 171/242/271 302/354/365 301/355/366
f 171/242/271 151/197/228 300/353/364 302/354/365
f 153/199/230 154/198/229 303/356/367 304/357/368
f 154/198/229 174/247/276 305/358/369 303/356/367
f 174/247/276 173/246/275 306/359/370 305/358/369
f 152/196/227 153/199/230 304/357/368 299/352/363
f 173/246/275 172/243/272 301/355/366 306/359/370
f 300/353/364 299/352/363 307/360/371 308/361/372
f 301/355/366 302/354/365 310/362/373 309/363/374
f 302/354/365 300/353/364 308/361/372 310/362/373
f 304/357/368 303/356/367 311/364/375 312/365/376
f 303/356/367 305/358/369 313/366/377 311/364/375
f 305/358/369 306/359/370 314/367/378 313/366/377
f 299/352/363 304/357/368 312/365/376 307/360/371
f 306/359/370 301/355/366 309/363/374 314/367/378
f 308/361/372 307/360/371 331/368/379 332/369/380
f 309/363/374 310/362/373 333/370/381 334/371/382
f 310/362/373 308/361/372 332/369/380 333/370/381
f 312/365/376 311/364/375 337/372/383 338/373/384
f 311/364/375 313/366/377 336/374/385 337/372/383
f 313/366/377 314/367/378 335/375/386 336/374/385
f 307/360/371 312/365/376 338/373/384 331/368/379
f 314/367/378 309/363/374 334/371/382 335/375/386
f 316/376/387 315/377/388 339/378/389 340/379/390
f 317/380/391 318/381/392 341/382/393 342/383/394
f 318/381/392 316/376/387 340/379/390 341/382/393
f 320/384/395 319/385/396 345/386/397 346/387/398
f 319/385/396 321/388/399 344/389/400 345/386/397
f 321/388/399 322/390/401 343/391/402 344/389/400
f 315/377/388 320/384/395 346/387/398 339/378/389
f 322/390/401 317/380/391 342/383/394 343/391/402
f 332/369/380 331/368/379 315/377/388 316/376/387
f 333/370/381 332/369/380 316/376/387 318/381/392
f 334/371/382 333/370/381 318/381/392 317/380/391
f 335/375/386 334/371/382 317/380/391 322/390/401
f 336/374/385 335/375/386 322/390/401 321/388/399
f 337/372/383 336/374/385 321/388/399 319/385/396
f 338/373/384 337/372/383 319/385/396 320/384/395
f 331/368/379 338/373/384 320/384/395 315/377/388
f 340/379/390 339/378/389 323/218/248 324/217/247
f 341/382/393 340/379/390 324/217/247 326/220/250
f 342/383/394 341/382/393 326/220/250 325/219/249
f 343/391/402 342/383/394 325/219/249 330/224/254
f 344/389/400 343/391/402 330/224/254 329/223/253
f 345/386/397 344/389/400 329/223/253 327/222/252
f 346/387/398 345/386/397 327/222/252 328/221/251
f 339/378/389 346/387/398 328/221/251 323/218/248
g default
v 1.479279 -0.710021 5.288599
v 1.502219 -0.710021 5.250705
v 1.461610 -0.710021 5.228501
v 1.438671 -0.710021 5.266396
v 1.473884 -0.524039 5.268720
v 1.497370 -0.524039 5.232837
v 1.456762 -0.524039 5.210634
v 1.433276 -0.524039 5.246517
v 1.455431 -0.362845 5.250554
v 1.478894 -0.362899 5.221788
v 1.443464 -0.362845 5.202410
v 1.420039 -0.363057 5.231196
v 1.437878 -0.200208 5.244758
v 1.458212 -0.200208 5.222670
v 1.429952 -0.200208 5.207338
v 1.409801 -0.200208 5.230104
v 1.441347 -0.036333 5.255859
v 1.458132 -0.035921 5.234790
v 1.433921 -0.035921 5.221552
v 1.417144 -0.036017 5.242610
v 1.461527 0.106149 5.281119
v 1.472537 0.110575 5.263579
v 1.455229 0.115108 5.254445
v 1.446012 0.112786 5.273118
v 1.479174 0.247110 5.307353
v 1.475427 -0.710021 5.375329
v 1.514897 -0.710021 5.360370
v 1.496635 -0.710021 5.320267
v 1.457165 -0.710021 5.335031
v 1.482787 -0.609330 5.395394
v 1.521512 -0.609330 5.386063
v 1.503250 -0.609330 5.346164
v 1.464525 -0.609330 5.355353
v 1.479157 -0.522059 5.398188
v 1.513750 -0.522088 5.394720
v 1.497821 -0.522059 5.359401
v 1.463245 -0.522174 5.362907
v 1.469065 -0.434007 5.385305
v 1.497404 -0.434007 5.383440
v 1.484626 -0.434007 5.355365
v 1.456036 -0.434007 5.357772
v 1.465305 -0.345284 5.368150
v 1.490337 -0.345061 5.364878
v 1.479449 -0.345061 5.340531
v 1.454430 -0.345114 5.343874
v 1.466157 -0.280172 5.367801
v 1.484726 -0.277775 5.361209
v 1.476753 -0.275321 5.344211
v 1.458901 -0.276579 5.352324
v 1.464507 -0.191828 5.389221
v 1.601065 -0.710021 5.350056
v 1.628501 -0.710021 5.405132
v 1.684729 -0.710021 5.373963
v 1.657293 -0.710021 5.318888
v 1.628405 -0.564238 5.358492
v 1.653075 -0.564238 5.412714
v 1.709303 -0.564238 5.381546
v 1.684632 -0.564238 5.327324
v 1.663436 -0.437886 5.350328
v 1.679768 -0.437928 5.399236
v 1.728834 -0.437886 5.372047
v 1.712449 -0.438052 5.323169
v 1.683278 -0.310402 5.334032
v 1.694098 -0.310402 5.374307
v 1.733087 -0.310402 5.352527
v 1.721335 -0.310402 5.311964
v 1.667671 -0.181948 5.329856
v 1.679932 -0.181625 5.365209
v 1.713454 -0.181625 5.346626
v 1.701202 -0.181701 5.311292
v 1.623032 -0.070264 5.334777
v 1.635440 -0.066794 5.360730
v 1.659019 -0.063240 5.347201
v 1.643948 -0.065061 5.322510
v 1.579131 0.040229 5.336001
v 1.592771 -0.710021 5.421000
v 1.538662 -0.710021 5.470545
v 1.592864 -0.710021 5.524748
v 1.646974 -0.710021 5.475202
v 1.592087 -0.536198 5.455107
v 1.538047 -0.536198 5.501203
v 1.592249 -0.536198 5.555406
v 1.646289 -0.536198 5.509310
v 1.612956 -0.385542 5.492576
v 1.562268 -0.385592 5.527368
v 1.609555 -0.385542 5.574670
v 1.660194 -0.385740 5.539826
v 1.638156 -0.233537 5.509962
v 1.595550 -0.233537 5.535600
v 1.633327 -0.233537 5.573129
v 1.675957 -0.233537 5.546329
v 1.637813 -0.080375 5.490702
v 1.601322 -0.079991 5.516373
v 1.633638 -0.079991 5.548688
v 1.670111 -0.080080 5.523033
v 1.617503 0.052791 5.441155
v 1.591835 0.056929 5.463906
v 1.615090 0.061165 5.486485
v 1.638436 0.058995 5.461098
v 1.601672 0.184537 5.391240
vt 0.375000 0.312500
vt 0.437500 0.312500
vt 0.500000 0.312500
vt 0.562500 0.312500
vt 0.625000 0.312500
vt 0.375000 0.387500
vt 0.437500 0.387500
vt 0.500000 0.387500
vt 0.562500 0.387500
vt 0.625000 0.387500
vt 0.375000 0.462500
vt 0.437500 0.462500
vt 0.500000 0.462500
vt 0.562500 0.462500
vt 0.625000 0.462500
vt 0.375000 0.537500
vt 0.437500 0.537500
vt 0.500000 0.537500
vt 0.562500 0.537500
vt 0.625000 0.537500
vt 0.375000 0.612500
vt 0.437500 0.612500
vt 0.500000 0.612500
vt 0.562500 0.612500
vt 0.625000 0.612500
vt 0.375000 0.687500
vt 0.437500 0.687500
vt 0.500000 0.687500
vt 0.562500 0.687500
vt 0.625000 0.687500
vt 0.500000 0.687500
vt 0.343750 0.843750
vt 0.500000 1.000000
vt 0.656250 0.843750
vt 0.500000 0.843750
vt 0.375000 0.312500
vt 0.437500 0.312500
vt 0.437500 0.387500
vt 0.375000 0.387500
vt 0.500000 0.312500
vt 0.500000 0.387500
vt 0.562500 0.312500
vt 0.562500 0.387500
vt 0.625000 0.312500
vt 0.625000 0.387500
vt 0.437500 0.462500
vt 0.375000 0.462500
vt 0.500000 0.462500
vt 0.562500 0.462500
vt 0.625000 0.462500
vt 0.437500 0.537500
vt 0.375000 0.537500
vt 0.500000 0.537500
vt 0.562500 0.537500
vt 0.625000 0.537500
vt 0.437500 0.612500
vt 0.375000 0.612500
vt 0.500000 0.612500
vt 0.562500 0.612500
vt 0.625000 0.612500
vt 0.437500 0.687500
vt 0.375000 0.687500
vt 0.500000 0.687500
vt 0.562500 0.687500
vt 0.625000 0.687500
vt 0.500000 1.000000
vt 0.343750 0.843750
vt 0.500000 0.843750
vt 0.500000 0.687500
vt 0.656250 0.843750
vt 0.375000 0.312500
vt 0.437500 0.312500
vt 0.437500 0.387500
vt 0.375000 0.387500
vt 0.500000 0.312500
vt 0.500000 0.387500
vt 0.562500 0.312500
vt 0.562500 0.387500
vt 0.625000 0.312500
vt 0.625000 0.387500
vt 0.437500 0.462500
vt 0.375000 0.462500
vt 0.500000 0.462500
vt 0.562500 0.462500
vt 0.625000 0.462500
vt 0.437500 0.537500
vt 0.375000 0.537500
vt 0.500000 0.537500
vt 0.562500 0.537500
vt 0.625000 0.537500
vt 0.437500 0.612500
vt 0.375000 0.612500
vt 0.500000 0.612500
vt 0.562500 0.612500
vt 0.625000 0.612500
vt 0.437500 0.687500
vt 0.375000 0.687500
vt 0.500000 0.687500
vt 0.562500 0.687500
vt 0.625000 0.687500
vt 0.500000 1.000000
vt 0.343750 0.843750
vt 0.500000 0.843750
vt 0.500000 0.687500
vt 0.656250 0.843750
vt 0.375000 0.312500
vt 0.437500 0.312500
vt 0.437500 0.387500
vt 0.375000 0.387500
vt 0.500000 0.312500
vt 0.500000 0.387500
vt 0.562500 0.312500
vt 0.562500 0.387500
vt 0.625000 0.312500
vt 0.625000 0.387500
vt 0.437500 0.462500
vt 0.375000 0.462500
vt 0.500000 0.462500
vt 0.562500 0.462500
vt 0.625000 0.462500
vt 0.437500 0.537500
vt 0.375000 0.537500
vt 0.500000 0.537500
vt 0.562500 0.537500
vt 0.625000 0.537500
vt 0.437500 0.612500
vt 0.375000 0.612500
vt 0.500000 0.612500
vt 0.562500 0.612500
vt 0.625000 0.612500
vt 0.437500 0.687500
vt 0.375000 0.687500
vt 0.500000 0.687500
vt 0.562500 0.687500
vt 0.625000 0.687500
vt 0.500000 1.000000
vt 0.343750 0.843750
vt 0.500000 0.843750
vt 0.500000 0.687500
vt 0.656250 0.843750
vn 0.223046 0.107303 0.968884
vn 0.971350 0.005547 -0.237588
vn 0.959074 0.043054 -0.279862
vn 0.220516 0.115098 0.968569
vn -0.223007 -0.101684 -0.969499
vn -0.192755 -0.087361 -0.977350
vn -0.943515 0.010792 0.331155
vn -0.962749 -0.017600 0.269825
vn 0.957987 0.110700 -0.264586
vn 0.168278 0.088900 0.981723
vn -0.170345 -0.031770 -0.984872
vn -0.973298 -0.052149 0.223542
vn 0.968246 0.078298 -0.237420
vn 0.138319 -0.006618 0.990366
vn -0.181574 0.047388 -0.982235
vn -0.980621 -0.017535 0.195127
vn 0.968948 -0.012217 -0.246963
vn 0.181056 -0.119152 0.976228
vn -0.211255 0.155801 -0.964934
vn -0.978615 0.075888 0.191193
vn 0.961777 -0.024584 -0.272729
vn 0.252977 -0.197848 0.947026
vn -0.250699 0.290489 -0.923453
vn -0.966227 0.144262 0.213525
vn 0.310872 0.945248 0.099324
vn -0.481036 -0.152404 0.863352
vn 0.952698 -0.117021 0.280487
vn 0.910901 -0.055172 0.408919
vn -0.430418 -0.122125 0.894330
vn 0.368141 0.192237 -0.909680
vn 0.491838 0.161001 -0.855672
vn -0.881255 0.173137 -0.439788
vn -0.924616 0.108338 -0.365170
vn 0.881408 0.126394 0.455131
vn -0.493908 -0.003171 0.869508
vn 0.537852 0.100986 -0.836969
vn -0.914943 -0.021194 -0.403026
vn 0.862261 0.199925 0.465335
vn -0.532158 0.095161 0.841280
vn 0.517657 -0.031217 -0.855018
vn -0.899688 -0.090874 -0.426971
vn 0.907670 0.119098 0.402430
vn -0.514146 0.105037 0.851247
vn 0.458821 -0.036019 -0.887798
vn -0.862247 -0.031919 -0.505481
vn 0.939758 0.086575 0.330697
vn -0.419625 -0.054161 0.906080
vn 0.380874 0.225273 -0.896765
vn -0.870933 0.141709 -0.470525
vn 0.105310 0.960112 0.259027
vn -0.926646 0.187849 -0.325638
vn -0.351812 0.016192 0.935931
vn -0.271388 0.073654 0.959648
vn -0.927000 0.202062 -0.315979
vn 0.928233 -0.178233 0.326522
vn 0.918110 -0.151500 0.366225
vn 0.187321 0.026376 -0.981945
vn 0.290202 -0.032485 -0.956414
vn -0.271528 0.189801 0.943530
vn -0.911099 0.158258 -0.380596
vn 0.922316 -0.055347 0.382452
vn 0.347683 -0.096008 -0.932684
vn -0.301587 0.141508 0.942879
vn -0.903754 -0.014508 -0.427806
vn 0.931034 0.080327 0.355983
vn 0.376974 -0.028609 -0.925782
vn -0.297531 -0.012882 0.954625
vn -0.903880 -0.210474 -0.372428
vn 0.909441 0.264858 0.320574
vn 0.371193 0.140997 -0.917788
vn -0.334526 -0.056401 0.940697
vn -0.903926 -0.340927 -0.258239
vn 0.843040 0.460494 0.277902
vn 0.273550 0.229403 -0.934101
vn -0.308887 0.942091 0.130587
vn 0.057615 0.187847 -0.980507
vn -0.996646 0.016193 -0.080223
vn -0.997277 0.073655 0.003626
vn 0.048234 0.202062 -0.978184
vn -0.058029 -0.178233 0.982276
vn -0.098983 -0.151500 0.983489
vn 0.995540 0.026373 -0.090579
vn 0.999354 -0.032485 0.015351
vn -0.981822 0.189802 -0.000954
vn 0.114728 0.158259 -0.980710
vn -0.113423 -0.055348 0.992004
vn 0.992386 -0.096009 0.077150
vn -0.989482 0.141506 -0.030031
vn 0.162135 -0.014510 -0.986662
vn -0.085576 0.080327 0.993088
vn 0.993825 -0.028609 0.107209
vn -0.999655 -0.012882 -0.022896
vn 0.108872 -0.210474 -0.971518
vn -0.057494 0.264860 0.962572
vn 0.984548 0.140996 0.103855
vn -0.996463 -0.056400 -0.062295
vn -0.000903 -0.340923 -0.940091
vn -0.034783 0.460493 0.886982
vn 0.973316 0.229402 0.005498
vn -0.210640 0.942114 -0.260870
s 1
g GrassGroup
usemtl initialShadingGroup
f 347/392/403 348/393/404 352/398/405 351/397/406
f 348/393/404 349/394/407 353/399/408 352/398/405
f 349/394/407 350/395/409 354/400/410 353/399/408
f 350/395/409 347/396/403 351/401/406 354/400/410
f 351/397/406 352/398/405 356/403/411 355/402/412
f 352/398/405 353/399/408 357/404/413 356/403/411
f 353/399/408 354/400/410 358/405/414 357/404/413
f 354/400/410 351/401/406 355/406/412 358/405/414
f 355/402/412 356/403/411 360/408/415 359/407/416
f 356/403/411 357/404/413 361/409/417 360/408/415
f 357/404/413 358/405/414 362/410/418 361/409/417
f 358/405/414 355/406/412 359/411/416 362/410/418
f 359/407/416 360/408/415 364/413/419 363/412/420
f 360/408/415 361/409/417 365/414/421 364/413/419
f 361/409/417 362/410/418 366/415/422 365/414/421
f 362/410/418 359/411/416 363/416/420 366/415/422
f 363/412/420 364/413/419 368/418/423 367/417/424
f 364/413/419 365/414/421 369/419/425 368/418/423
f 365/414/421 366/415/422 370/420/426 369/419/425
f 366/415/422 363/416/420 367/421/424 370/420/426
f 367/424/424 368/423/423 371/426/427
f 368/423/423 369/422/425 371/426/427
f 369/422/425 370/425/426 371/426/427
f 370/425/426 367/424/424 371/426/427
s 2
f 372/427/428 373/428/429 377/429/430 376/430/431
f 373/428/429 374/431/432 378/432/433 377/429/430
f 374/431/432 375/433/434 379/434/435 378/432/433
f 375/433/434 372/435/428 376/436/431 379/434/435
f 376/430/431 377/429/430 381/437/436 380/438/437
f 377/429/430 378/432/433 382/439/438 381/437/436
f 378/432/433 379/434/435 383/440/439 382/439/438
f 379/434/435 376/436/431 380/441/437 383/440/439
f 380/438/437 381/437/436 385/442/440 384/443/441
f 381/437/436 382/439/438 386/444/442 385/442/440
f 382/439/438 383/440/439 387/445/443 386/444/442
f 383/440/439 380/441/437 384/446/441 387/445/443
f 384/443/441 385/442/440 389/447/444 388/448/445
f 385/442/440 386/444/442 390/449/446 389/447/444
f 386/444/442 387/445/443 391/450/447 390/449/446
f 387/445/443 384/446/441 388/451/445 391/450/447
f 388/448/445 389/447/444 393/452/448 392/453/449
f 389/447/444 390/449/446 394/454/450 393/452/448
f 390/449/446 391/450/447 395/455/451 394/454/450
f 391/450/447 388/451/445 392/456/449 395/455/451
f 392/457/449 393/458/448 396/459/452
f 393/458/448 394/460/450 396/459/452
f 394/460/450 395/461/451 396/459/452
f 395/461/451 392/457/449 396/459/452
s 3
f 397/462/453 398/463/454 402/464/455 401/465/456
f 398/463/454 399/466/457 403/467/458 402/464/455
f 399/466/457 400/468/459 404/469/460 403/467/458
f 400/468/459 397/470/453 401/471/456 404/469/460
f 401/465/456 402/464/455 406/472/461 405/473/462
f 402/464/455 403/467/458 407/474/463 406/472/461
f 403/467/458 404/469/460 408/475/464 407/474/463
f 404/469/460 401/471/456 405/476/462 408/475/464
f 405/473/462 406/472/461 410/477/465 409/478/466
f 406/472/461 407/474/463 411/479/467 410/477/465
f 407/474/463 408/475/464 412/480/468 411/479/467
f 408/475/464 405/476/462 409/481/466 412/480/468
f 409/478/466 410/477/465 414/482/469 413/483/470
f 410/477/465 411/479/467 415/484/471 414/482/469
f 411/479/467 412/480/468 416/485/472 415/484/471
f 412/480/468 409/481/466 413/486/470 416/485/472
f 413/483/470 414/482/469 418/487/473 417/488/474
f 414/482/469 415/484/471 419/489/475 418/487/473
f 415/484/471 416/485/472 420/490/476 419/489/475
f 416/485/472 413/486/470 417/491/474 420/490/476
f 417/492/474 418/493/473 421/494/477
f 418/493/473 419/495/475 421/494/477
f 419/495/475 420/496/476 421/494/477
f 420/496/476 417/492/474 421/494/477
s 4
f 422/497/478 423/498/479 427/499/480 426/500/481
f 423/498/479 424/501/482 428/502/483 427/499/480
f 424/501/482 425/503/484 429/504/485 428/502/483
f 425/503/484 422/505/478 426/506/481 429/504/485
f 426/500/481 427/499/480 431/507/486 430/508/487
f 427/499/480 428/502/483 432/509/488 431/507/486
f 428/502/483 429/504/485 433/510/489 432/509/488
f 429/504/485 426/506/481 430/511/487 433/510/489
f 430/508/487 431/507/486 435/512/490 434/513/491
f 431/507/486 432/509/488 436/514/492 435/512/490
f 432/509/488 433/510/489 437/515/493 436/514/492
f 433/510/489 430/511/487 434/516/491 437/515/493
f 434/513/491 435/512/490 439/517/494 438/518/495
f 435/512/490 436/514/492 440/519/496 439/517/494
f 436/514/492 437/515/493 441/520/497 440/519/496
f 437/515/493 434/516/491 438/521/495 441/520/497
f 438/518/495 439/517/494 443/522/498 442/523/499
f 439/517/494 440/519/496 444/524/500 443/522/498
f 440/519/496 441/520/497 445/525/501 444/524/500
f 441/520/497 438/521/495 442/526/499 445/525/501
f 442/527/499 443/528/498 446/529/502
f 443/528/498 444/530/500 446/529/502
f 444/530/500 445/531/501 446/529/502
f 445/531/501 442/527/499 446/529/502
g default
v 4.774243 -0.109044 0.021223
v 4.811999 -0.104896 0.038969
v 4.829222 -0.125593 0.064683
v 4.823468 -0.160959 0.081844
v 4.799702 -0.188551 0.080444
v 4.762041 -0.190975 0.062370
v 4.739027 -0.168687 0.040218
v 4.744220 -0.135053 0.023271
v 4.768478 -0.072888 -0.018340
v 4.845273 -0.063598 0.017980
v 4.866942 -0.102642 0.069054
v 4.855951 -0.174402 0.105659
v 4.819103 -0.232179 0.103505
v 4.745034 -0.236291 0.065790
v 4.697497 -0.190603 0.022696
v 4.706014 -0.124195 -0.011885
v 4.873678 -0.169819 -0.179101
v 4.946244 -0.160471 -0.141716
v 4.995381 -0.197161 -0.086112
v 4.991101 -0.261973 -0.052090
v 4.938569 -0.315450 -0.062792
v 4.865211 -0.320545 -0.101690
v 4.813968 -0.277017 -0.144913
v 4.818443 -0.216870 -0.177068
v 4.963579 -0.282847 -0.341655
v 5.025335 -0.273154 -0.306836
v 5.076665 -0.313874 -0.257149
v 5.082834 -0.377881 -0.221896
v 5.042317 -0.430396 -0.223583
v 4.971390 -0.439194 -0.258160
v 4.920178 -0.399921 -0.306176
v 4.922592 -0.336889 -0.341256
v 5.119316 -0.398001 -0.517061
v 5.190021 -0.388656 -0.485917
v 5.232266 -0.427055 -0.434930
v 5.221782 -0.492541 -0.395220
v 5.165102 -0.546829 -0.392478
v 5.093951 -0.556497 -0.424577
v 5.049509 -0.515876 -0.473350
v 5.061050 -0.450061 -0.512049
v 5.250773 -0.518306 -0.648845
v 5.306454 -0.511589 -0.616854
v 5.323497 -0.537617 -0.582441
v 5.318199 -0.585510 -0.552969
v 5.286275 -0.631950 -0.548584
v 5.222695 -0.639639 -0.584957
v 5.185753 -0.607850 -0.628607
v 5.201292 -0.555437 -0.654562
v 5.267527 -0.545404 -0.619339
v 5.293211 -0.542187 -0.604657
v 5.303474 -0.554677 -0.587556
v 5.300074 -0.577298 -0.574367
v 5.284466 -0.596904 -0.573274
v 5.257107 -0.600328 -0.588845
v 5.238922 -0.586301 -0.609619
v 5.243790 -0.563152 -0.622376
v 4.787347 -0.146946 0.053478
v 5.276958 -0.570087 -0.595978
vt 0.555243 0.101007
vt 0.500000 0.078125
vt 0.444757 0.101007
vt 0.421875 0.156250
vt 0.444757 0.211493
vt 0.500000 0.234375
vt 0.555243 0.211493
vt 0.578125 0.156250
vt 0.610485 0.045765
vt 0.500000 0.000000
vt 0.389515 0.045765
vt 0.343750 0.156250
vt 0.389515 0.266735
vt 0.500000 0.312500
vt 0.610485 0.266735
vt 0.656250 0.156250
vt 0.375000 0.312500
vt 0.406250 0.312500
vt 0.437500 0.312500
vt 0.468750 0.312500
vt 0.500000 0.312500
vt 0.531250 0.312500
vt 0.562500 0.312500
vt 0.593750 0.312500
vt 0.625000 0.312500
vt 0.375000 0.406250
vt 0.406250 0.406250
vt 0.437500 0.406250
vt 0.468750 0.406250
vt 0.500000 0.406250
vt 0.531250 0.406250
vt 0.562500 0.406250
vt 0.593750 0.406250
vt 0.625000 0.406250
vt 0.375000 0.500000
vt 0.406250 0.500000
vt 0.437500 0.500000
vt 0.468750 0.500000
vt 0.500000 0.500000
vt 0.531250 0.500000
vt 0.562500 0.500000
vt 0.593750 0.500000
vt 0.625000 0.500000
vt 0.375000 0.593750
vt 0.406250 0.593750
vt 0.437500 0.593750
vt 0.468750 0.593750
vt 0.500000 0.593750
vt 0.531250 0.593750
vt 0.562500 0.593750
vt 0.593750 0.593750
vt 0.625000 0.593750
vt 0.375000 0.687500
vt 0.406250 0.687500
vt 0.437500 0.687500
vt 0.468750 0.687500
vt 0.500000 0.687500
vt 0.531250 0.687500
vt 0.562500 0.687500
vt 0.593750 0.687500
vt 0.625000 0.687500
vt 0.610485 0.733265
vt 0.500000 0.687500
vt 0.389515 0.733265
vt 0.343750 0.843750
vt 0.389515 0.954235
vt 0.500000 1.000000
vt 0.610485 0.954235
vt 0.656250 0.843750
vt 0.555243 0.788507
vt 0.500000 0.765625
vt 0.444757 0.788507
vt 0.421875 0.843750
vt 0.444757 0.898993
vt 0.500000 0.921875
vt 0.555243 0.898993
vt 0.578125 0.843750
vt 0.500000 0.156250
vt 0.500000 0.843750
vn -0.416038 0.612745 0.671904
vn -0.397994 0.616746 0.679136
vn -0.390751 0.635405 0.666013
vn -0.416340 0.632157 0.653482
vn -0.402558 0.526939 0.748520
vn -0.394165 0.559119 0.729397
vn -0.426166 0.383900 0.819148
vn -0.423163 0.364550 0.829480
vn -0.447636 0.283589 0.848057
vn -0.447485 0.262648 0.854853
vn -0.463082 0.281925 0.840281
vn -0.472645 0.254878 0.843590
vn -0.504161 0.369144 0.780739
vn -0.523782 0.362729 0.770766
vn -0.480126 0.526163 0.701878
vn -0.493615 0.534987 0.685663
vn 0.116148 0.881220 -0.458215
vn 0.116148 0.881220 -0.458215
vn 0.133052 0.866466 -0.481179
vn 0.133360 0.866188 -0.481594
vn 0.686185 0.725009 0.059256
vn 0.686185 0.725009 0.059256
vn 0.695129 0.717146 -0.049969
vn 0.695254 0.716813 -0.052916
vn 0.803609 0.200013 0.560542
vn 0.803609 0.200013 0.560542
vn 0.869167 0.198631 0.452873
vn 0.865929 0.198789 0.458967
vn 0.529630 -0.504305 0.682033
vn 0.529630 -0.504305 0.682033
vn 0.521699 -0.517716 0.678086
vn 0.522419 -0.516513 0.678449
vn -0.133027 -0.920801 0.366646
vn -0.133027 -0.920801 0.366646
vn -0.153838 -0.887892 0.433569
vn -0.155931 -0.884196 0.440320
vn -0.639174 -0.766645 -0.060928
vn -0.639174 -0.766645 -0.060928
vn -0.658919 -0.752127 0.011413
vn -0.663331 -0.747732 0.029814
vn -0.852477 -0.172677 -0.493422
vn -0.852477 -0.172677 -0.493422
vn -0.867774 -0.179394 -0.463451
vn -0.868457 -0.179699 -0.462051
vn -0.508810 0.551845 -0.660741
vn -0.508810 0.551845 -0.660741
vn -0.525248 0.525541 -0.669269
vn -0.523905 0.527744 -0.668588
vn 0.128566 0.863611 -0.487490
vn 0.129057 0.863311 -0.487892
vn 0.654190 0.755403 -0.037451
vn 0.659715 0.749816 -0.050524
vn 0.866102 0.238408 0.439350
vn 0.873835 0.233049 0.426733
vn 0.518501 -0.494820 0.697359
vn 0.518007 -0.499289 0.694536
vn -0.151693 -0.849750 0.504891
vn -0.149246 -0.850227 0.504817
vn -0.669225 -0.739990 0.067473
vn -0.667323 -0.742292 0.060686
vn -0.857012 -0.196855 -0.476212
vn -0.854364 -0.197873 -0.480529
vn -0.528380 0.471268 -0.706202
vn -0.527143 0.468657 -0.708859
vn 0.146722 0.839925 -0.522493
vn 0.136351 0.850128 -0.508617
vn 0.668208 0.743560 0.024838
vn 0.659896 0.750819 0.028438
vn 0.845793 0.220971 0.485599
vn 0.847449 0.218077 0.484018
vn 0.546498 -0.466584 0.695442
vn 0.550222 -0.466442 0.692595
vn -0.111403 -0.878071 0.465383
vn -0.108239 -0.883048 0.456630
vn -0.639904 -0.768295 -0.015663
vn -0.636732 -0.770739 -0.023116
vn -0.805224 -0.184301 -0.563602
vn -0.806636 -0.185515 -0.561180
vn -0.454311 0.464234 -0.760321
vn -0.467443 0.460416 -0.754661
vn 0.182691 0.801380 -0.569573
vn 0.182691 0.801380 -0.569573
vn 0.741787 0.670573 -0.009095
vn 0.741787 0.670573 -0.009095
vn 0.883524 0.148157 0.444337
vn 0.883524 0.148157 0.444337
vn 0.582037 -0.464779 0.667243
vn 0.582037 -0.464779 0.667243
vn -0.091539 -0.907413 0.410149
vn -0.091539 -0.907413 0.410149
vn -0.612215 -0.786893 -0.077413
vn -0.612215 -0.786893 -0.077413
vn -0.773683 -0.158275 -0.613485
vn -0.773683 -0.158275 -0.613485
vn -0.392610 0.480485 -0.784214
vn -0.392610 0.480485 -0.784214
vn 0.468214 -0.500443 -0.728239
vn 0.502500 -0.494924 -0.708903
vn 0.509717 -0.496528 -0.702601
vn 0.471186 -0.499708 -0.726826
vn 0.566989 -0.484473 -0.666190
vn 0.558098 -0.485938 -0.672600
vn 0.569091 -0.467740 -0.676281
vn 0.560810 -0.470150 -0.681507
vn 0.500224 -0.483679 -0.718213
vn 0.512553 -0.479135 -0.712544
vn 0.468652 -0.486072 -0.737631
vn 0.471577 -0.486842 -0.735255
vn 0.463950 -0.492464 -0.736362
vn 0.464899 -0.491462 -0.736434
vn 0.463742 -0.500972 -0.730732
vn 0.464790 -0.501424 -0.729757
vn -0.427015 0.454186 0.781904
vn 0.486849 -0.492313 -0.721531
s 1
g Fire_Log_03
usemtl initialShadingGroup
f 447/532/503 448/533/504 456/541/505 455/540/506
f 448/533/504 449/534/507 457/542/508 456/541/505
f 449/534/507 450/535/509 458/543/510 457/542/508
f 450/535/509 451/536/511 459/544/512 458/543/510
f 451/536/511 452/537/513 460/545/514 459/544/512
f 452/537/513 453/538/515 461/546/516 460/545/514
f 453/538/515 454/539/517 462/547/518 461/546/516
f 454/539/517 447/532/503 455/540/506 462/547/518
s 2
f 455/548/519 456/549/520 464/558/521 463/557/522
s 3
f 456/549/523 457/550/524 465/559/525 464/558/526
s 4
f 457/550/527 458/551/528 466/560/529 465/559/530
s 5
f 458/551/531 459/552/532 467/561/533 466/560/534
s 6
f 459/552/535 460/553/536 468/562/537 467/561/538
s 7
f 460/553/539 461/554/540 469/563/541 468/562/542
s 8
f 461/554/543 462/555/544 470/564/545 469/563/546
s 9
f 462/555/547 455/556/548 463/565/549 470/564/550
s 2
f 463/557/522 464/558/521 472/567/551 471/566/552
s 3
f 464/558/526 465/559/525 473/568/553 472/567/554
s 4
f 465/559/530 466/560/529 474/569/555 473/568/556
s 5
f 466/560/534 467/561/533 475/570/557 474/569/558
s 6
f 467/561/538 468/562/537 476/571/559 475/570/560
s 7
f 468/562/542 469/563/541 477/572/561 476/571/562
s 8
f 469/563/546 470/564/545 478/573/563 477/572/564
s 9
f 470/564/550 463/565/549 471/574/565 478/573/566
s 2
f 471/566/552 472/567/551 480/576/567 479/575/568
s 3
f 472/567/554 473/568/553 481/577/569 480/576/570
s 4
f 473/568/556 474/569/555 482/578/571 481/577/572
s 5
f 474/569/558 475/570/557 483/579/573 482/578/574
s 6
f 475/570/560 476/571/559 484/580/575 483/579/576
s 7
f 476/571/562 477/572/561 485/581/577 484/580/578
s 8
f 477/572/564 478/573/563 486/582/579 485/581/580
s 9
f 478/573/566 471/574/565 479/583/581 486/582/582
s 2
f 479/575/568 480/576/567 488/585/583 487/584/584
s 3
f 480/576/570 481/577/569 489/586/585 488/585/586
s 4
f 481/577/572 482/578/571 490/587/587 489/586/588
s 5
f 482/578/574 483/579/573 491/588/589 490/587/590
s 6
f 483/579/576 484/580/575 492/589/591 491/588/592
s 7
f 484/580/578 485/581/577 493/590/593 492/589/594
s 8
f 485/581/580 486/582/579 494/591/595 493/590/596
s 9
f 486/582/582 479/583/581 487/592/597 494/591/598
s 10
f 487/599/599 488/598/600 496/606/601 495/607/602
f 488/598/600 489/597/603 497/605/604 496/606/601
f 489/597/603 490/596/605 498/604/606 497/605/604
f 490/596/605 491/595/607 499/603/608 498/604/606
f 491/595/607 492/594/609 500/602/610 499/603/608
f 492/594/609 493/593/611 501/601/612 500/602/610
f 493/593/611 494/600/613 502/608/614 501/601/612
f 494/600/613 487/599/599 495/607/602 502/608/614
s 1
f 448/533/504 447/532/503 503/609/615
f 449/534/507 448/533/504 503/609/615
f 450/535/509 449/534/507 503/609/615
f 451/536/511 450/535/509 503/609/615
f 452/537/513 451/536/511 503/609/615
f 453/538/515 452/537/513 503/609/615
f 454/539/517 453/538/515 503/609/615
f 447/532/503 454/539/517 503/609/615
s 10
f 495/607/602 496/606/601 504/610/616
f 496/606/601 497/605/604 504/610/616
f 497/605/604 498/604/606 504/610/616
f 498/604/606 499/603/608 504/610/616
f 499/603/608 500/602/610 504/610/616
f 500/602/610 501/601/612 504/610/616
f 501/601/612 502/608/614 504/610/616
f 502/608/614 495/607/602 504/610/616
g default
v 5.022768 -0.007967 -0.135564
v 5.009381 -0.022894 -0.091763
v 4.981952 -0.052980 -0.088294
v 4.963368 -0.083589 -0.121172
v 4.967916 -0.091658 -0.162796
v 4.989374 -0.063862 -0.193044
v 5.008740 -0.033657 -0.194836
v 5.020806 -0.013785 -0.173943
v 5.056474 0.023494 -0.116432
v 5.030667 0.000211 -0.026427
v 4.970966 -0.050844 -0.038754
v 4.931329 -0.113955 -0.105025
v 4.940253 -0.147424 -0.179399
v 4.988825 -0.088859 -0.231769
v 5.022153 -0.026815 -0.224345
v 5.041739 0.005622 -0.191027
v 5.235821 -0.113777 -0.037223
v 5.183134 -0.146173 0.026606
v 5.114861 -0.203339 0.032920
v 5.079191 -0.256451 -0.021835
v 5.100203 -0.273877 -0.103351
v 5.155665 -0.239200 -0.163526
v 5.211563 -0.174231 -0.169347
v 5.244165 -0.123665 -0.118654
v 5.389561 -0.271003 0.004629
v 5.337555 -0.302980 0.069224
v 5.273563 -0.363779 0.074495
v 5.236100 -0.415598 0.019962
v 5.248437 -0.430315 -0.063786
v 5.301095 -0.397939 -0.127650
v 5.362642 -0.337804 -0.134884
v 5.399280 -0.286484 -0.081271
v 5.538377 -0.421776 0.049804
v 5.486371 -0.453752 0.114399
v 5.422520 -0.515413 0.118943
v 5.384227 -0.570637 0.060775
v 5.393924 -0.587075 -0.026031
v 5.445930 -0.555099 -0.090626
v 5.509780 -0.493438 -0.095170
v 5.548073 -0.438214 -0.037002
v 5.687192 -0.572548 0.094979
v 5.635446 -0.604226 0.159234
v 5.585846 -0.649540 0.145177
v 5.547553 -0.704764 0.087008
v 5.542999 -0.737550 0.018804
v 5.594745 -0.705871 -0.045451
v 5.658596 -0.644211 -0.049995
v 5.696888 -0.588987 0.008173
v 5.651079 -0.613873 0.076020
v 5.625582 -0.629281 0.107657
v 5.598219 -0.654877 0.103973
v 5.579073 -0.682489 0.074889
v 5.579358 -0.695942 0.037442
v 5.604855 -0.680534 0.005805
v 5.636781 -0.649704 0.003533
v 5.655927 -0.622092 0.032617
v 4.996889 -0.046723 -0.144069
v 5.614965 -0.655198 0.057062
vt 0.555243 0.101007
vt 0.500000 0.078125
vt 0.444757 0.101007
vt 0.421875 0.156250
vt 0.444757 0.211493
vt 0.500000 0.234375
vt 0.555243 0.211493
vt 0.578125 0.156250
vt 0.610485 0.045765
vt 0.500000 0.000000
vt 0.389515 0.045765
vt 0.343750 0.156250
vt 0.389515 0.266735
vt 0.500000 0.312500
vt 0.610485 0.266735
vt 0.656250 0.156250
vt 0.375000 0.312500
vt 0.406250 0.312500
vt 0.437500 0.312500
vt 0.468750 0.312500
vt 0.500000 0.312500
vt 0.531250 0.312500
vt 0.562500 0.312500
vt 0.593750 0.312500
vt 0.625000 0.312500
vt 0.375000 0.406250
vt 0.406250 0.406250
vt 0.437500 0.406250
vt 0.468750 0.406250
vt 0.500000 0.406250
vt 0.531250 0.406250
vt 0.562500 0.406250
vt 0.593750 0.406250
vt 0.625000 0.406250
vt 0.375000 0.500000
vt 0.406250 0.500000
vt 0.437500 0.500000
vt 0.468750 0.500000
vt 0.500000 0.500000
vt 0.531250 0.500000
vt 0.562500 0.500000
vt 0.593750 0.500000
vt 0.625000 0.500000
vt 0.375000 0.593750
vt 0.406250 0.593750
vt 0.437500 0.593750
vt 0.468750 0.593750
vt 0.500000 0.593750
vt 0.531250 0.593750
vt 0.562500 0.593750
vt 0.593750 0.593750
vt 0.625000 0.593750
vt 0.375000 0.687500
vt 0.406250 0.687500
vt 0.437500 0.687500
vt 0.468750 0.687500
vt 0.500000 0.687500
vt 0.531250 0.687500
vt 0.562500 0.687500
vt 0.593750 0.687500
vt 0.625000 0.687500
vt 0.610485 0.733265
vt 0.500000 0.687500
vt 0.389515 0.733265
vt 0.343750 0.843750
vt 0.389515 0.954235
vt 0.500000 1.000000
vt 0.610485 0.954235
vt 0.656250 0.843750
vt 0.555243 0.788507
vt 0.500000 0.765625
vt 0.444757 0.788507
vt 0.421875 0.843750
vt 0.444757 0.898993
vt 0.500000 0.921875
vt 0.555243 0.898993
vt 0.578125 0.843750
vt 0.500000 0.156250
vt 0.500000 0.843750
vn -0.721373 0.691912 -0.029638
vn -0.702944 0.709316 -0.052348
vn -0.687894 0.723839 -0.053469
vn -0.697212 0.716721 -0.014420
vn -0.713204 0.685268 -0.147470
vn -0.693321 0.708102 -0.133785
vn -0.762907 0.605507 -0.226568
vn -0.763917 0.595600 -0.248377
vn -0.822380 0.514388 -0.243098
vn -0.820455 0.506743 -0.264698
vn -0.843642 0.490281 -0.218844
vn -0.845929 0.469767 -0.252435
vn -0.809015 0.552022 -0.201907
vn -0.795569 0.553516 -0.246354
vn -0.736777 0.670193 -0.089450
vn -0.705813 0.700841 -0.103197
vn 0.441549 0.747721 0.495931
vn 0.441549 0.747721 0.495931
vn 0.442511 0.683280 0.580785
vn 0.442498 0.682693 0.581486
vn -0.208499 0.193284 0.958733
vn -0.208499 0.193284 0.958733
vn -0.142511 0.188675 0.971644
vn -0.137160 0.188266 0.972493
vn -0.661366 -0.291247 0.691210
vn -0.661366 -0.291247 0.691210
vn -0.618732 -0.328900 0.713439
vn -0.617116 -0.330265 0.714208
vn -0.684403 -0.721624 0.104166
vn -0.684403 -0.721624 0.104166
vn -0.703201 -0.709601 0.044444
vn -0.702256 -0.710326 0.047683
vn -0.219380 -0.641984 -0.734663
vn -0.219380 -0.641984 -0.734663
vn -0.329512 -0.612508 -0.718510
vn -0.328311 -0.612880 -0.718742
vn 0.216984 -0.140238 -0.966049
vn 0.216984 -0.140238 -0.966049
vn 0.140607 -0.150159 -0.978612
vn 0.134092 -0.150958 -0.979403
vn 0.532094 0.413351 -0.738930
vn 0.532094 0.413351 -0.738930
vn 0.551393 0.389022 -0.737989
vn 0.550755 0.389843 -0.738032
vn 0.607543 0.777342 -0.163189
vn 0.607543 0.777342 -0.163189
vn 0.673067 0.734106 -0.089830
vn 0.666308 0.739226 -0.097870
vn 0.434604 0.614583 0.658337
vn 0.434573 0.614639 0.658305
vn -0.090562 0.185145 0.978530
vn -0.090669 0.185160 0.978517
vn -0.574340 -0.364267 0.733105
vn -0.574310 -0.364294 0.733116
vn -0.724923 -0.688744 0.010832
vn -0.724550 -0.689153 0.009766
vn -0.449262 -0.579391 -0.680051
vn -0.449118 -0.579319 -0.680207
vn 0.067221 -0.165407 -0.983932
vn 0.067578 -0.165715 -0.983856
vn 0.573395 0.364099 -0.733928
vn 0.573644 0.363912 -0.733826
vn 0.720863 0.692091 -0.036966
vn 0.720833 0.692114 -0.037138
vn 0.430904 0.621475 0.654287
vn 0.430904 0.621475 0.654287
vn -0.126904 0.137752 0.982303
vn -0.127796 0.135799 0.982460
vn -0.535468 -0.405010 0.741108
vn -0.535347 -0.405129 0.741130
vn -0.711447 -0.693649 0.112671
vn -0.712509 -0.693179 0.108788
vn -0.445763 -0.603368 -0.661243
vn -0.445830 -0.603285 -0.661274
vn 0.091746 -0.178292 -0.979691
vn 0.092031 -0.178402 -0.979644
vn 0.582731 0.359357 -0.728895
vn 0.582761 0.359362 -0.728868
vn 0.718705 0.693570 -0.049230
vn 0.718705 0.693570 -0.049233
vn 0.430968 0.621611 0.654115
vn 0.430968 0.621611 0.654115
vn -0.154562 0.076316 0.985031
vn -0.154562 0.076316 0.985031
vn -0.488819 -0.448931 0.748009
vn -0.488819 -0.448931 0.748009
vn -0.684319 -0.701226 0.199974
vn -0.684319 -0.701226 0.199974
vn -0.430969 -0.621611 -0.654115
vn -0.430969 -0.621611 -0.654115
vn 0.109098 -0.184952 -0.976673
vn 0.109098 -0.184952 -0.976673
vn 0.585127 0.359777 -0.726765
vn 0.585127 0.359777 -0.726765
vn 0.718398 0.693751 -0.051128
vn 0.718398 0.693751 -0.051128
vn 0.686187 -0.696733 0.209074
vn 0.663214 -0.713042 0.227419
vn 0.660824 -0.714648 0.229326
vn 0.686176 -0.696658 0.209354
vn 0.622315 -0.735733 0.267249
vn 0.629106 -0.730760 0.264980
vn 0.635013 -0.718395 0.284020
vn 0.638570 -0.718200 0.276436
vn 0.671358 -0.702215 0.237009
vn 0.668850 -0.703148 0.241292
vn 0.686564 -0.696187 0.209649
vn 0.686361 -0.696392 0.209635
vn 0.687026 -0.696061 0.208553
vn 0.687025 -0.696062 0.208554
vn 0.687025 -0.696062 0.208554
vn 0.687025 -0.696061 0.208555
vn -0.804698 0.585513 -0.098165
vn 0.676671 -0.702211 0.221398
s 1
g Fire_Log_04
usemtl initialShadingGroup
f 505/611/617 506/612/618 514/620/619 513/619/620
f 506/612/618 507/613/621 515/621/622 514/620/619
f 507/613/621 508/614/623 516/622/624 515/621/622
f 508/614/623 509/615/625 517/623/626 516/622/624
f 509/615/625 510/616/627 518/624/628 517/623/626
f 510/616/627 511/617/629 519/625/630 518/624/628
f 511/617/629 512/618/631 520/626/632 519/625/630
f 512/618/631 505/611/617 513/619/620 520/626/632
s 2
f 513/627/633 514/628/634 522/637/635 521/636/636
s 3
f 514/628/637 515/629/638 523/638/639 522/637/640
s 4
f 515/629/641 516/630/642 524/639/643 523/638/644
s 5
f 516/630/645 517/631/646 525/640/647 524/639/648
s 6
f 517/631/649 518/632/650 526/641/651 525/640/652
s 7
f 518/632/653 519/633/654 527/642/655 526/641/656
s 8
f 519/633/657 520/634/658 528/643/659 527/642/660
s 9
f 520/634/661 513/635/662 521/644/663 528/643/664
s 2
f 521/636/636 522/637/635 530/646/665 529/645/666
s 3
f 522/637/640 523/638/639 531/647/667 530/646/668
s 4
f 523/638/644 524/639/643 532/648/669 531/647/670
s 5
f 524/639/648 525/640/647 533/649/671 532/648/672
s 6
f 525/640/652 526/641/651 534/650/673 533/649/674
s 7
f 526/641/656 527/642/655 535/651/675 534/650/676
s 8
f 527/642/660 528/643/659 536/652/677 535/651/678
s 9
f 528/643/664 521/644/663 529/653/679 536/652/680
s 2
f 529/645/666 530/646/665 538/655/681 537/654/682
s 3
f 530/646/668 531/647/667 539/656/683 538/655/684
s 4
f 531/647/670 532/648/669 540/657/685 539/656/686
s 5
f 532/648/672 533/649/671 541/658/687 540/657/688
s 6
f 533/649/674 534/650/673 542/659/689 541/658/690
s 7
f 534/650/676 535/651/675 543/660/691 542/659/692
s 8
f 535/651/678 536/652/677 544/661/693 543/660/694
s 9
f 536/652/680 529/653/679 537/662/695 544/661/696
s 2
f 537/654/682 538/655/681 546/664/697 545/663/698
s 3
f 538/655/684 539/656/683 547/665/699 546/664/700
s 4
f 539/656/686 540/657/685 548/666/701 547/665/702
s 5
f 540/657/688 541/658/687 549/667/703 548/666/704
s 6
f 541/658/690 542/659/689 550/668/705 549/667/706
s 7
f 542/659/692 543/660/691 551/669/707 550/668/708
s 8
f 543/660/694 544/661/693 552/670/709 551/669/710
s 9
f 544/661/696 537/662/695 545/671/711 552/670/712
s 10
f 545/678/713 546/677/714 554/685/715 553/686/716
f 546/677/714 547/676/717 555/684/718 554/685/715
f 547/676/717 548/675/719 556/683/720 555/684/718
f 548/675/719 549/674/721 557/682/722 556/683/720
f 549/674/721 550/673/723 558/681/724 557/682/722
f 550/673/723 551/672/725 559/680/726 558/681/724
f 551/672/725 552/679/727 560/687/728 559/680/726
f 552/679/727 545/678/713 553/686/716 560/687/728
s 1
f 506/612/618 505/611/617 561/688/729
f 507/613/621 506/612/618 561/688/729
f 508/614/623 507/613/621 561/688/729
f 509/615/625 508/614/623 561/688/729
f 510/616/627 509/615/625 561/688/729
f 511/617/629 510/616/627 561/688/729
f 512/618/631 511/617/629 561/688/729
f 505/611/617 512/618/631 561/688/729
s 10
f 553/686/716 554/685/715 562/689/730
f 554/685/715 555/684/718 562/689/730
f 555/684/718 556/683/720 562/689/730
f 556/683/720 557/682/722 562/689/730
f 557/682/722 558/681/724 562/689/730
f 558/681/724 559/680/726 562/689/730
f 559/680/726 560/687/728 562/689/730
f 560/687/728 553/686/716 562/689/730
g default
v 4.751304 0.995513 0.072102
v 5.152775 0.821174 -0.134179
v 4.870798 1.145278 0.178093
v 5.272269 0.970939 -0.028188
v 4.918630 1.295665 -0.088330
v 4.799135 1.145900 -0.194321
v 4.858870 1.244223 0.051604
v 4.739375 1.094458 -0.054387
v 4.952039 0.908343 -0.031039
v 5.088728 1.048055 0.071040
v 4.883402 1.275830 -0.020636
v 4.763907 1.126065 -0.126626
v 5.052407 0.864759 -0.082609
v 5.149722 1.037334 0.039360
v 5.002223 0.886551 -0.056824
v 5.087471 1.072462 0.047614
v 4.950399 1.173816 0.048426
v 4.857943 1.199307 0.116179
v 4.738448 1.049542 0.010189
v 4.864382 1.017476 -0.086442
vt 0.374985 0.000016
vt 0.625000 0.000000
vt 0.374999 0.249999
vt 0.625000 0.250000
vt 0.625000 0.500000
vt 0.375009 0.939013
vt 0.625000 0.750000
vt 0.625000 1.000000
vt 0.875000 0.000000
vt 0.875000 0.250000
vt 0.499999 0.375000
vt 0.500005 0.844507
vt 0.499993 0.000008
vt 0.500005 0.969507
vt 0.499999 0.250000
vt 0.578268 0.455419
vt 0.578354 0.789350
vt 0.562496 0.000004
vt 0.562502 0.984753
vt 0.562500 0.250000
vt 0.531244 0.000006
vt 0.531253 0.977130
vt 0.531249 0.250000
vt 0.539134 0.352709
vt 0.437499 0.312499
vt 0.437507 0.891760
vt 0.539179 0.879428
vn 0.101819 -0.638457 0.762893
vn 0.152058 -0.651683 0.743093
vn 0.164108 -0.654572 0.737972
vn 0.101819 -0.638457 0.762893
vn 0.543811 0.685131 0.484628
vn 0.525239 0.679544 0.512195
vn 0.530229 0.681109 0.504924
vn 0.543831 0.685147 0.484584
vn -0.823613 0.331430 0.460234
vn -0.834690 0.392794 0.386013
vn -0.834693 0.392824 0.385975
vn -0.823613 0.331430 0.460234
vn -0.545668 -0.684125 -0.483962
vn -0.545613 -0.684131 -0.484016
vn -0.545650 -0.684113 -0.484000
vn -0.545696 -0.684099 -0.483967
vn 0.409880 0.285955 -0.866157
vn 0.409880 0.285955 -0.866157
vn 0.409880 0.285955 -0.866157
vn 0.409880 0.285955 -0.866157
vn -0.822482 0.547739 0.153316
vn -0.822481 0.547743 0.153308
vn -0.750918 0.655566 -0.079722
vn -0.750936 0.655550 -0.079680
vn 0.155538 -0.602353 0.782930
vn 0.172206 -0.608477 0.774662
vn 0.560053 0.706847 0.432098
vn 0.482053 0.665713 0.569606
vn -0.545624 -0.684010 -0.484174
vn -0.545732 -0.684053 -0.483993
vn 0.064189 -0.589554 0.805175
vn 0.073922 -0.596808 0.798972
vn 0.108050 -0.621444 0.775972
vn 0.108050 -0.621444 0.775972
vn 0.564441 0.711213 0.419026
vn 0.566221 0.711881 0.415474
vn 0.566221 0.711881 0.415474
vn -0.709009 0.684820 -0.168308
vn -0.709009 0.684820 -0.168308
vn -0.545672 -0.683973 -0.484173
vn -0.545669 -0.683968 -0.484182
vn -0.545669 -0.683968 -0.484182
vn 0.543891 0.685194 0.484450
vn -0.545464 -0.684147 -0.484162
s 1
g Cheese
usemtl initialShadingGroup
f 563/690/731 571/702/732 572/704/733 565/692/734
s 2
f 565/692/735 572/704/736 579/713/737 580/714/738
s 3
f 565/692/739 580/714/740 581/715/741 563/695/742
s 4
f 563/695/743 581/715/744 582/716/745 571/703/746
s off
f 564/691/747 568/698/748 567/699/749 566/693/750
s 3
f 570/701/751 569/700/752 573/705/753 574/706/754
s 1
f 572/704/733 571/702/732 577/710/755 578/712/756
s 2
f 573/705/757 579/713/737 572/704/736 578/712/758
s 4
f 571/703/746 582/716/745 574/706/759 577/711/760
s 1
f 576/709/761 575/707/762 564/691/763 566/693/764
s 2
f 573/705/757 576/709/765 566/693/766 567/694/767
s 3
f 574/706/754 573/705/753 567/694/768 568/696/769
s 4
f 575/708/770 574/706/759 568/696/771 564/697/772
s 1
f 578/712/756 577/710/755 575/707/762 576/709/761
s 2
f 573/705/757 578/712/758 576/709/765
s 4
f 577/711/760 574/706/759 575/708/770
s 2
f 580/714/738 579/713/737 573/705/757 569/700/773
s 3
f 581/715/741 580/714/740 569/700/752 570/701/751
s 4
f 582/716/745 581/715/744 570/701/774 574/706/759
g default
v -3.791772 11.876349 -2.996403
v -4.069045 11.750554 -2.895117
v -3.803309 12.449018 -2.821163
v -3.681684 12.165659 -2.965763
v -4.351103 11.861977 -2.721247
v -4.472695 12.145327 -2.576651
v -4.362634 12.434650 -2.546010
v -4.085360 12.560432 -2.647276
v 5.081460 5.227149 9.054165
v 4.691967 4.743448 9.486066
v 3.781824 5.204640 8.247015
v 4.071844 5.542768 8.011522
v 4.634193 6.625474 9.198515
v 5.057522 6.006717 8.935062
v 4.050195 6.073095 7.963750
v 3.729502 6.484969 8.131731
v 4.117153 4.838957 9.977751
v 3.693848 5.457706 10.241253
v 3.029290 5.668657 8.700284
v 3.349952 5.256791 8.532328
v 3.669859 6.237278 10.122156
v 3.007656 6.198986 8.652511
v 4.059383 6.720984 9.690239
v 3.297672 6.537114 8.417019
v 2.196350 5.714437 5.873418
v 2.490236 6.057028 5.634805
v 2.468272 6.594371 5.586419
v 2.143352 7.011689 5.756609
v 1.433892 6.184586 6.332666
v 1.758786 5.767273 6.162483
v 1.411932 6.721931 6.284266
v 1.705787 7.064526 6.045678
v 0.826972 6.974289 3.122481
v 0.529289 6.627223 3.364194
v -1.132613 8.202596 0.874805
v -0.909966 8.520052 0.702104
v 0.475596 7.941398 3.245876
v 0.804746 7.518638 3.073458
v -0.876756 8.920049 0.791802
v -1.052418 9.168259 1.091380
v 0.086006 6.680749 3.657045
v -0.243146 7.103508 3.829457
v -1.589925 8.401849 1.508266
v -1.414272 8.153640 1.208716
v -0.265377 7.647861 3.780433
v -1.556695 8.801838 1.597984
v 0.032300 7.994935 3.538699
v -1.334059 9.119302 1.425279
vt 0.516516 0.537500
vt 0.533086 0.537500
vt 0.533429 0.575427
vt 0.516247 0.575506
vt 0.541985 0.537500
vt 0.558080 0.537500
vt 0.558459 0.576181
vt 0.541665 0.574448
vt 0.516516 0.537500
vt 0.533086 0.537500
vt 0.533086 0.537500
vt 0.516516 0.537500
vt 0.533429 0.575427
vt 0.516247 0.575506
vt 0.516247 0.575506
vt 0.533429 0.575427
vt 0.541985 0.537500
vt 0.558080 0.537500
vt 0.558080 0.537500
vt 0.541985 0.537500
vt 0.558459 0.576181
vt 0.558459 0.576181
vt 0.541665 0.574448
vt 0.541665 0.574448
vt 0.533086 0.537500
vt 0.516516 0.537500
vt 0.516247 0.575506
vt 0.533429 0.575427
vt 0.558080 0.537500
vt 0.541985 0.537500
vt 0.558459 0.576181
vt 0.541665 0.574448
vt 0.516516 0.537500
vt 0.533086 0.537500
vt 0.533086 0.537500
vt 0.516516 0.537500
vt 0.533429 0.575427
vt 0.516247 0.575506
vt 0.516247 0.575506
vt 0.533429 0.575427
vt 0.541985 0.537500
vt 0.558080 0.537500
vt 0.558080 0.537500
vt 0.541985 0.537500
vt 0.558459 0.576181
vt 0.558459 0.576181
vt 0.541665 0.574448
vt 0.541665 0.574448
vn 0.512863 -0.350787 -0.783530
vn -0.220226 -0.743886 -0.630978
vn 0.594846 0.793588 0.127973
vn 0.847040 0.372467 -0.379199
vn -0.738427 -0.652092 -0.171762
vn -0.901665 -0.188297 0.389288
vn -0.537231 0.471513 0.699327
vn 0.080171 0.841498 0.534278
vn 0.537186 -0.511441 -0.670716
vn -0.005809 -0.939472 -0.342577
vn 0.097546 -0.938038 -0.332520
vn 0.650309 -0.442126 -0.617756
vn 0.313976 0.871166 -0.377479
vn 0.681457 0.260013 -0.684112
vn 0.767965 0.320033 -0.554805
vn 0.422723 0.879086 -0.220258
vn -0.545174 -0.836982 0.047396
vn -0.872075 -0.367921 0.322675
vn -0.839447 -0.366047 0.401670
vn -0.493888 -0.865580 0.082739
vn -0.864610 0.331826 0.377280
vn -0.783452 0.379775 0.491908
vn -0.372592 0.923717 0.089008
vn -0.229036 0.947194 0.224423
vn 0.114415 -0.932204 -0.343372
vn 0.691147 -0.421939 -0.586756
vn 0.824732 0.342066 -0.450343
vn 0.498649 0.863926 -0.070577
vn -0.819975 -0.368953 0.437624
vn -0.484682 -0.871631 0.073090
vn -0.706859 0.393444 0.587837
vn -0.114878 0.926259 0.358952
vn 0.647053 -0.402654 -0.647450
vn 0.044550 -0.890261 -0.453266
vn -0.108053 -0.813847 -0.570945
vn 0.532741 -0.410381 -0.740118
vn 0.534382 0.844858 0.025507
vn 0.835480 0.353340 -0.420861
vn 0.858579 0.304285 -0.412617
vn 0.625576 0.769719 0.127228
vn -0.535103 -0.843385 -0.048640
vn -0.855566 -0.368406 0.363709
vn -0.883013 -0.349515 0.313252
vn -0.623585 -0.764710 -0.162359
vn -0.697924 0.387426 0.602331
vn -0.646741 0.356883 0.674063
vn -0.063896 0.895057 0.441350
vn 0.048753 0.823288 0.565527
s 1
g Branch
usemtl initialShadingGroup
f 583/717/775 584/718/776 585/719/777 586/720/778
f 587/721/779 588/722/780 589/723/781 590/724/782
f 584/718/776 587/721/779 590/724/782 585/719/777
f 591/725/783 592/726/784 593/727/785 594/728/786
f 595/729/787 596/730/788 597/731/789 598/732/790
f 596/730/788 591/725/783 594/728/786 597/731/789
f 599/733/791 600/734/792 601/735/793 602/736/794
f 600/734/792 603/737/795 604/738/796 601/735/793
f 603/737/795 605/739/797 606/740/798 604/738/796
f 592/726/784 599/733/791 602/736/794 593/727/785
f 605/739/797 595/729/787 598/732/790 606/740/798
f 594/728/786 593/727/785 607/741/799 608/742/800
f 598/732/790 597/731/789 609/743/801 610/744/802
f 597/731/789 594/728/786 608/742/800 609/743/801
f 602/736/794 601/735/793 611/745/803 612/746/804
f 601/735/793 604/738/796 613/747/805 611/745/803
f 604/738/796 606/740/798 614/748/806 613/747/805
f 593/727/785 602/736/794 612/746/804 607/741/799
f 606/740/798 598/732/790 610/744/802 614/748/806
f 615/749/807 616/750/808 617/751/809 618/752/810
f 619/753/811 620/754/812 621/755/813 622/756/814
f 620/754/812 615/749/807 618/752/810 621/755/813
f 623/757/815 624/758/816 625/759/817 626/760/818
f 624/758/816 627/761/819 628/762/820 625/759/817
f 627/761/819 629/763/821 630/764/822 628/762/820
f 616/750/808 623/757/815 626/760/818 617/751/809
f 629/763/821 619/753/811 622/756/814 630/764/822
f 608/742/800 607/741/799 616/750/808 615/749/807
f 609/743/801 608/742/800 615/749/807 620/754/812
f 610/744/802 609/743/801 620/754/812 619/753/811
f 614/748/806 610/744/802 619/753/811 629/763/821
f 613/747/805 614/748/806 629/763/821 627/761/819
f 611/745/803 613/747/805 627/761/819 624/758/816
f 612/746/804 611/745/803 624/758/816 623/757/815
f 607/741/799 612/746/804 623/757/815 616/750/808
f 618/752/810 617/751/809 584/718/776 583/717/775
f 621/755/813 618/752/810 583/717/775 586/720/778
f 622/756/814 621/755/813 586/720/778 585/719/777
f 630/764/822 622/756/814 585/719/777 590/724/782
f 628/762/820 630/764/822 590/724/782 589/723/781
f 625/759/817 628/762/820 589/723/781 588/722/780
f 626/760/818 625/759/817 588/722/780 587/721/779
f 617/751/809 626/760/818 587/721/779 584/718/776
g default
v 1.983662 1.231328 -0.011085
v 1.989196 1.271584 -0.026959
v 1.996090 1.311315 -0.010595
v 2.000166 1.327591 0.028623
v 1.998939 1.311046 0.067467
v 1.993180 1.270994 0.083007
v 1.986461 1.230459 0.066193
v 1.982620 1.214225 0.027455
v 2.146680 1.242927 -0.007122
v 2.154088 1.280470 -0.021051
v 2.162817 1.316939 -0.004662
v 2.166951 1.331037 0.032707
v 2.164123 1.314783 0.068941
v 2.156501 1.277491 0.082513
v 2.148364 1.240483 0.065643
v 2.144390 1.226279 0.028740
v 2.288079 1.237445 0.001195
v 2.296635 1.272500 -0.011604
v 2.306210 1.306170 0.004559
v 2.310372 1.318788 0.040169
v 2.306631 1.303298 0.074227
v 2.298029 1.268509 0.086731
v 2.289161 1.234468 0.070334
v 2.285131 1.221672 0.035087
v 2.409997 1.220606 0.007852
v 2.418957 1.253865 -0.004594
v 2.428598 1.285889 0.011021
v 2.432735 1.297919 0.045283
v 2.428981 1.283212 0.078028
v 2.419926 1.250259 0.090215
v 2.410857 1.218053 0.074652
v 2.406817 1.205770 0.040663
v 2.520326 1.198451 0.012069
v 2.529329 1.230988 -0.000401
v 2.538630 1.262567 0.014981
v 2.542495 1.274558 0.048833
v 2.538692 1.260210 0.081219
v 2.529615 1.227973 0.093438
v 2.520672 1.196489 0.078349
v 2.516910 1.184207 0.044740
v 2.628033 1.174757 0.017716
v 2.636899 1.207215 0.005002
v 2.645730 1.238945 0.020336
v 2.649267 1.251159 0.054241
v 2.645474 1.236972 0.086777
v 2.636566 1.204861 0.099272
v 2.627835 1.173407 0.084473
v 2.624375 1.160863 0.050773
v 2.738321 1.151525 0.023907
v 2.746675 1.184347 0.010499
v 2.754937 1.216855 0.025619
v 2.758373 1.229755 0.059848
v 2.754990 1.215697 0.093106
v 2.746605 1.183215 0.106355
v 2.738170 1.151084 0.091899
v 2.734841 1.137948 0.057851
v 2.860897 1.132070 0.028287
v 2.868124 1.166264 0.013754
v 2.875603 1.200552 0.028825
v 2.879072 1.214741 0.064248
v 2.876571 1.200565 0.099184
v 2.869302 1.166691 0.113663
v 2.861387 1.132720 0.099261
v 2.858022 1.118516 0.064074
v 3.002944 1.117652 0.032007
v 3.008050 1.153423 0.015623
v 3.014276 1.189860 0.030641
v 3.017876 1.205703 0.067887
v 3.016786 1.191870 0.105665
v 3.011521 1.156506 0.122245
v 3.004720 1.119957 0.107992
v 3.001079 1.104090 0.070591
v 3.166585 1.107220 0.047913
v 3.169121 1.143957 0.027824
v 3.174134 1.183577 0.041115
v 3.178637 1.203405 0.079667
v 3.180051 1.191899 0.121092
v 3.177635 1.155536 0.141762
v 3.172018 1.115283 0.129298
v 3.167530 1.095156 0.090304
v 3.361920 1.103489 0.085362
v 3.361544 1.139760 0.059755
v 3.365485 1.183166 0.068832
v 3.371475 1.208667 0.106659
v 3.375962 1.201987 0.152043
v 3.376282 1.166255 0.178604
v 3.372395 1.121997 0.170595
v 3.366449 1.095909 0.131843
v 3.575747 1.109023 0.131672
v 3.572656 1.142356 0.100665
v 3.575119 1.187928 0.103696
v 3.581525 1.219714 0.138276
v 3.588163 1.219504 0.184572
v 3.591324 1.186937 0.216277
v 3.589351 1.140781 0.214744
v 3.582868 1.108358 0.179598
v 3.781291 1.124905 0.156506
v 3.776303 1.154252 0.122132
v 3.777282 1.199861 0.119499
v 3.783453 1.235560 0.149379
v 3.791211 1.240556 0.194564
v 3.796202 1.211825 0.229335
v 3.795988 1.166005 0.233304
v 3.789730 1.129785 0.203145
v 3.984509 1.131996 0.151013
v 3.979151 1.157878 0.116972
v 3.979980 1.200649 0.111434
v 3.985384 1.235321 0.137053
v 3.992195 1.241989 0.179055
v 3.997066 1.216645 0.213386
v 3.997596 1.173965 0.219789
v 3.992130 1.138747 0.194062
v 4.174710 1.125823 0.122432
v 4.168926 1.148417 0.091593
v 4.170608 1.186641 0.085738
v 4.176977 1.218120 0.107819
v 4.183962 1.224819 0.145207
v 4.188924 1.202696 0.176326
v 4.188543 1.164571 0.182950
v 4.182855 1.132582 0.160593
v 4.343946 1.117392 0.084699
v 4.338385 1.137292 0.057538
v 4.340055 1.171046 0.052259
v 4.346867 1.198671 0.071525
v 4.354005 1.204489 0.104313
v 4.358644 1.184997 0.131670
v 4.357587 1.151448 0.137688
v 4.351918 1.123312 0.118127
v 4.485234 1.110426 0.046178
v 4.480402 1.128438 0.022404
v 4.481396 1.158199 0.018291
v 4.487628 1.182169 0.035673
v 4.494352 1.186734 0.064615
v 4.498400 1.169161 0.088524
v 4.497407 1.139495 0.093395
v 4.492246 1.115038 0.075797
v 4.600351 1.108641 0.011415
v 4.596450 1.125634 -0.009114
v 4.596816 1.152113 -0.011626
v 4.601682 1.172609 0.004876
v 4.607698 1.175398 0.030835
v 4.611353 1.158785 0.051435
v 4.610617 1.132257 0.054575
v 4.605978 1.111330 0.038057
v 4.696346 1.111794 -0.017168
v 4.693230 1.128465 -0.034734
v 4.693453 1.152418 -0.035492
v 4.697559 1.169683 -0.019361
v 4.702821 1.170423 0.004168
v 4.706037 1.154197 0.021664
v 4.705249 1.130194 0.022977
v 4.701203 1.112478 0.006944
v 4.796348 1.124845 -0.037156
v 4.794268 1.138639 -0.049392
v 4.794444 1.156755 -0.048443
v 4.796865 1.168591 -0.035114
v 4.800142 1.167446 -0.017250
v 4.802247 1.153994 -0.005108
v 4.801844 1.135862 -0.005724
v 4.799391 1.123678 -0.018956
v 4.861167 1.135526 -0.044402
v 4.860051 1.147619 -0.053072
v 4.860044 1.162017 -0.050927
v 4.861310 1.170428 -0.039352
v 4.863136 1.168053 -0.025022
v 4.864302 1.156153 -0.016251
v 4.864096 1.141569 -0.018285
v 4.862771 1.132962 -0.029956
v 3.857679 1.242041 0.199710
v 3.860471 1.223302 0.223771
v 3.929867 1.223985 0.218779
v 3.927430 1.242217 0.194851
v 3.872868 1.246148 0.206593
v 3.874846 1.232213 0.224685
v 3.913657 1.232437 0.222247
v 3.911989 1.246305 0.204216
v 3.874214 1.351967 0.309474
v 3.874732 1.348158 0.314157
v 3.886974 1.348396 0.312775
v 3.886397 1.352279 0.308109
v 3.877670 1.289297 0.238655
v 3.898020 1.289437 0.237382
v 3.899301 1.280181 0.249717
v 3.878951 1.280153 0.251090
v 3.873101 1.327574 0.276889
v 3.893968 1.327872 0.274944
v 3.895096 1.320290 0.284777
v 3.874049 1.320104 0.286814
vt 0.375000 0.312500
vt 0.406250 0.312500
vt 0.437500 0.312500
vt 0.468750 0.312500
vt 0.500000 0.312500
vt 0.531250 0.312500
vt 0.562500 0.312500
vt 0.593750 0.312500
vt 0.625000 0.312500
vt 0.375000 0.331250
vt 0.406250 0.331250
vt 0.437500 0.331250
vt 0.468750 0.331250
vt 0.500000 0.331250
vt 0.531250 0.331250
vt 0.562500 0.331250
vt 0.593750 0.331250
vt 0.625000 0.331250
vt 0.375000 0.350000
vt 0.406250 0.350000
vt 0.437500 0.350000
vt 0.468750 0.350000
vt 0.500000 0.350000
vt 0.531250 0.350000
vt 0.562500 0.350000
vt 0.593750 0.350000
vt 0.625000 0.350000
vt 0.375000 0.368750
vt 0.406250 0.368750
vt 0.437500 0.368750
vt 0.468750 0.368750
vt 0.500000 0.368750
vt 0.531250 0.368750
vt 0.562500 0.368750
vt 0.593750 0.368750
vt 0.625000 0.368750
vt 0.375000 0.387500
vt 0.406250 0.387500
vt 0.437500 0.387500
vt 0.468750 0.387500
vt 0.500000 0.387500
vt 0.531250 0.387500
vt 0.562500 0.387500
vt 0.593750 0.387500
vt 0.625000 0.387500
vt 0.375000 0.406250
vt 0.406250 0.406250
vt 0.437500 0.406250
vt 0.468750 0.406250
vt 0.500000 0.406250
vt 0.531250 0.406250
vt 0.562500 0.406250
vt 0.593750 0.406250
vt 0.625000 0.406250
vt 0.375000 0.425000
vt 0.406250 0.425000
vt 0.437500 0.425000
vt 0.468750 0.425000
vt 0.500000 0.425000
vt 0.531250 0.425000
vt 0.562500 0.425000
vt 0.593750 0.425000
vt 0.625000 0.425000
vt 0.375000 0.443750
vt 0.406250 0.443750
vt 0.437500 0.443750
vt 0.468750 0.443750
vt 0.500000 0.443750
vt 0.531250 0.443750
vt 0.562500 0.443750
vt 0.593750 0.443750
vt 0.625000 0.443750
vt 0.375000 0.462500
vt 0.406250 0.462500
vt 0.437500 0.462500
vt 0.468750 0.462500
vt 0.500000 0.462500
vt 0.531250 0.462500
vt 0.562500 0.462500
vt 0.593750 0.462500
vt 0.625000 0.462500
vt 0.375000 0.481250
vt 0.406250 0.481250
vt 0.437500 0.481250
vt 0.468750 0.481250
vt 0.500000 0.481250
vt 0.531250 0.481250
vt 0.562500 0.481250
vt 0.593750 0.481250
vt 0.625000 0.481250
vt 0.375000 0.500000
vt 0.406250 0.500000
vt 0.437500 0.500000
vt 0.468750 0.500000
vt 0.500000 0.500000
vt 0.531250 0.500000
vt 0.562500 0.500000
vt 0.593750 0.500000
vt 0.625000 0.500000
vt 0.375000 0.518750
vt 0.406250 0.518750
vt 0.437500 0.518750
vt 0.468750 0.518750
vt 0.500000 0.518750
vt 0.531250 0.518750
vt 0.562500 0.518750
vt 0.593750 0.518750
vt 0.625000 0.518750
vt 0.375000 0.537500
vt 0.406250 0.537500
vt 0.437500 0.537500
vt 0.468750 0.537500
vt 0.500000 0.537500
vt 0.531250 0.537500
vt 0.562500 0.537500
vt 0.593750 0.537500
vt 0.625000 0.537500
vt 0.375000 0.556250
vt 0.406250 0.556250
vt 0.437500 0.556250
vt 0.468750 0.556250
vt 0.500000 0.556250
vt 0.531250 0.556250
vt 0.562500 0.556250
vt 0.593750 0.556250
vt 0.625000 0.556250
vt 0.375000 0.575000
vt 0.406250 0.575000
vt 0.437500 0.575000
vt 0.468750 0.575000
vt 0.500000 0.575000
vt 0.531250 0.575000
vt 0.562500 0.575000
vt 0.593750 0.575000
vt 0.625000 0.575000
vt 0.375000 0.593750
vt 0.406250 0.593750
vt 0.437500 0.593750
vt 0.468750 0.593750
vt 0.500000 0.593750
vt 0.531250 0.593750
vt 0.562500 0.593750
vt 0.593750 0.593750
vt 0.625000 0.593750
vt 0.375000 0.612500
vt 0.406250 0.612500
vt 0.437500 0.612500
vt 0.468750 0.612500
vt 0.500000 0.612500
vt 0.531250 0.612500
vt 0.562500 0.612500
vt 0.593750 0.612500
vt 0.625000 0.612500
vt 0.375000 0.631250
vt 0.406250 0.631250
vt 0.437500 0.631250
vt 0.468750 0.631250
vt 0.500000 0.631250
vt 0.531250 0.631250
vt 0.562500 0.631250
vt 0.593750 0.631250
vt 0.625000 0.631250
vt 0.375000 0.650000
vt 0.406250 0.650000
vt 0.437500 0.650000
vt 0.468750 0.650000
vt 0.500000 0.650000
vt 0.531250 0.650000
vt 0.562500 0.650000
vt 0.593750 0.650000
vt 0.625000 0.650000
vt 0.375000 0.668750
vt 0.406250 0.668750
vt 0.437500 0.668750
vt 0.468750 0.668750
vt 0.500000 0.668750
vt 0.531250 0.668750
vt 0.562500 0.668750
vt 0.593750 0.668750
vt 0.625000 0.668750
vt 0.375000 0.687500
vt 0.406250 0.687500
vt 0.437500 0.687500
vt 0.468750 0.687500
vt 0.500000 0.687500
vt 0.531250 0.687500
vt 0.562500 0.687500
vt 0.593750 0.687500
vt 0.625000 0.687500
vt 0.500000 0.537500
vt 0.531250 0.537500
vt 0.531250 0.556250
vt 0.500000 0.556250
vt 0.500000 0.537500
vt 0.531250 0.537500
vt 0.531250 0.556250
vt 0.500000 0.556250
vt 0.500000 0.537500
vt 0.531250 0.537500
vt 0.531250 0.556250
vt 0.500000 0.556250
vt 0.500000 0.537500
vt 0.500000 0.556250
vt 0.531250 0.556250
vt 0.531250 0.537500
vt 0.500000 0.537500
vt 0.500000 0.556250
vt 0.531250 0.556250
vt 0.531250 0.537500
vn 0.067441 -0.705682 -0.705311
vn 0.038202 -0.035783 -0.998629
vn 0.047718 0.038544 -0.998117
vn 0.044476 -0.670657 -0.740433
vn 0.002477 0.685258 -0.728296
vn 0.044332 0.728254 -0.683872
vn -0.021822 0.999760 0.001833
vn 0.027737 0.999375 0.021930
vn -0.021528 0.673611 0.738772
vn 0.000222 0.695546 0.718482
vn 0.007521 -0.074062 0.997225
vn -0.013800 -0.016694 0.999765
vn 0.048240 -0.743725 0.666742
vn 0.001222 -0.712695 0.701473
vn 0.073591 -0.996641 -0.035936
vn 0.029018 -0.998999 -0.034052
vn 0.121646 0.991831 0.038388
vn 0.123426 0.728733 -0.673584
vn 0.055288 0.680490 0.730668
vn -0.032875 -0.028517 0.999053
vn -0.084838 -0.715472 0.693471
vn -0.074376 -0.996531 -0.037328
vn -0.012411 -0.668297 -0.743791
vn 0.066156 0.044072 -0.996836
vn 0.055809 0.041073 -0.997596
vn -0.076387 -0.668712 -0.739587
vn 0.164576 0.720337 -0.673817
vn 0.185438 0.981872 0.039249
vn 0.102247 0.671291 0.734108
vn -0.034755 -0.033184 0.998845
vn -0.140630 -0.712438 0.687499
vn -0.157884 -0.986872 -0.033998
vn 0.051194 0.032101 -0.998173
vn -0.107998 -0.672676 -0.732013
vn 0.182684 0.710616 -0.679450
vn 0.209649 0.977258 0.031839
vn 0.113784 0.672730 0.731087
vn -0.047753 -0.029440 0.998425
vn -0.176430 -0.708654 0.683142
vn -0.201226 -0.979066 -0.030633
vn 0.055007 0.020492 -0.998276
vn -0.108074 -0.685278 -0.720218
vn 0.182908 0.706578 -0.683588
vn 0.201517 0.979106 0.027247
vn 0.099369 0.679582 0.726839
vn -0.063324 -0.019711 0.997798
vn -0.189166 -0.703549 0.685008
vn -0.207127 -0.978103 -0.020310
vn 0.039346 0.004587 -0.999215
vn -0.096521 -0.704799 -0.702811
vn 0.143144 0.705539 -0.694064
vn 0.154596 0.987845 0.016180
vn 0.069217 0.691113 0.719425
vn -0.063218 -0.011574 0.997933
vn -0.165624 -0.703683 0.690941
vn -0.178732 -0.983887 -0.004597
vn 0.019365 -0.011568 -0.999746
vn -0.071027 -0.725356 -0.684700
vn 0.086441 0.703451 -0.705468
vn 0.090258 0.995908 -0.004474
vn 0.030051 0.712490 0.701038
vn -0.058742 0.005470 0.998258
vn -0.123265 -0.703251 0.700174
vn -0.127167 -0.991806 0.012257
vn 0.044670 -0.047035 -0.997894
vn -0.018628 -0.750518 -0.660587
vn 0.070366 0.679611 -0.730190
vn 0.039684 0.997900 -0.051201
vn -0.028561 0.749761 0.661093
vn -0.090652 0.047402 0.994754
vn -0.108261 -0.687009 0.718539
vn -0.078303 -0.996253 0.036723
vn 0.118283 -0.121154 -0.985561
vn 0.058073 -0.793211 -0.606172
vn 0.099976 0.619203 -0.778841
vn 0.009166 0.990993 -0.133598
vn -0.100244 0.801462 0.589584
vn -0.159018 0.129839 0.978701
vn -0.128797 -0.629744 0.766051
vn -0.039201 -0.993890 0.103176
vn 0.172099 -0.217807 -0.960699
vn 0.109731 -0.848970 -0.516922
vn 0.126007 0.532930 -0.836724
vn -0.003242 0.971345 -0.237651
vn -0.136761 0.853856 0.502221
vn -0.191354 0.235278 0.952905
vn -0.139660 -0.528662 0.837265
vn -0.016475 -0.975016 0.221522
vn 0.155526 -0.330843 -0.930782
vn 0.116289 -0.908567 -0.401227
vn 0.093056 0.433872 -0.896156
vn -0.030661 0.938831 -0.343012
vn -0.130330 0.900936 0.413919
vn -0.148242 0.342889 0.927605
vn -0.088697 -0.413055 0.906376
vn 0.015210 -0.933500 0.358255
vn 0.056703 -0.428388 -0.901814
vn 0.071114 -0.951317 -0.299898
vn 0.005378 0.343971 -0.938965
vn -0.042110 0.898021 -0.437934
vn -0.079569 0.967166 0.241368
vn -0.047532 0.350463 0.935370
vn 0.014969 -0.304098 0.952523
vn 0.050060 -0.883542 0.465669
vn -0.071210 -0.489537 -0.869070
vn -0.015298 -0.972205 -0.233633
vn -0.071926 0.282442 -0.956584
vn -0.016257 0.867345 -0.497441
vn 0.081325 0.987931 0.131824
vn -0.582056 0.708721 -0.398654
vn -0.395841 -0.555424 0.731310
vn 0.495055 -0.467835 0.732155
vn 0.383056 0.822559 -0.420315
vn 0.122009 -0.245188 0.961767
vn 0.153200 0.423894 0.892661
vn 0.063009 -0.852896 0.518264
vn -0.166050 -0.515572 -0.840603
vn -0.076450 -0.975937 -0.204212
vn -0.135378 0.249943 -0.958750
vn -0.008892 0.850313 -0.526202
vn 0.141360 0.968118 0.206797
vn 0.228719 0.523250 0.820912
vn 0.200785 -0.231029 0.952004
vn 0.074958 -0.845404 0.528842
vn -0.215881 -0.516960 -0.828341
vn -0.097749 -0.974631 -0.201347
vn -0.182315 0.247035 -0.951701
vn -0.024069 0.848114 -0.529267
vn 0.168596 0.966337 0.194339
vn 0.283384 0.520618 0.805389
vn 0.251417 -0.235008 0.938915
vn 0.094171 -0.848195 0.521246
vn -0.237660 -0.505002 -0.829753
vn -0.098415 -0.969633 -0.223888
vn -0.214058 0.259468 -0.941730
vn -0.045536 0.857170 -0.513018
vn 0.171230 0.963276 0.206834
vn 0.308458 0.504331 0.806538
vn 0.283100 -0.256007 0.924291
vn 0.114332 -0.861432 0.494837
vn -0.230147 -0.472476 -0.850764
vn -0.078709 -0.957666 -0.276912
vn -0.227414 0.294276 -0.928270
vn -0.070737 0.879189 -0.471194
vn 0.148793 0.956378 0.251399
vn 0.302230 0.472447 0.827920
vn 0.295218 -0.295214 0.908678
vn 0.135551 -0.884476 0.446463
vn -0.161831 -0.417344 -0.894223
vn -0.018568 -0.932827 -0.359846
vn -0.184736 0.349406 -0.918579
vn -0.068226 0.908416 -0.412463
vn 0.119284 0.939563 0.320923
vn 0.269984 0.420557 0.866164
vn 0.289243 -0.355225 0.888906
vn 0.165685 -0.913322 0.372010
vn -0.070064 -0.347241 -0.935155
vn 0.052241 -0.895874 -0.441226
vn -0.112627 0.416267 -0.902240
vn -0.047186 0.937578 -0.344558
vn 0.088245 0.913818 0.396421
vn 0.218153 0.364153 0.905429
vn 0.262773 -0.411189 0.872854
vn 0.189834 -0.934542 0.300990
vn -0.017218 -0.268781 -0.963047
vn 0.084894 -0.856063 -0.509853
vn -0.071857 0.490449 -0.868502
vn -0.043915 0.963605 -0.263699
vn 0.049658 0.881679 0.469229
vn 0.156870 0.312417 0.936903
vn 0.215496 -0.455981 0.863506
vn 0.183047 -0.951825 0.246016
vn -0.034320 0.457472 0.888561
vn -0.074593 0.951624 0.298072
vn 0.153168 0.477479 0.865190
vn 0.097239 0.959728 0.263565
vn -0.362670 -0.210615 0.907806
vn -0.506067 0.745173 -0.434296
vn 0.499680 -0.080940 0.862420
vn 0.451639 0.803311 -0.388219
vn -0.497749 -0.483068 0.720341
vn -0.570131 0.535747 -0.622837
vn 0.595349 -0.349619 0.723413
vn 0.450175 0.635602 -0.627178
vn -0.607410 0.569397 -0.553932
vn 0.462013 0.686340 -0.561677
vn 0.600562 -0.484032 0.636426
vn -0.485141 -0.610114 0.626417
s 1
g Cheese_Stick
usemtl initialShadingGroup
f 631/765/823 632/766/824 640/775/825 639/774/826
f 632/766/824 633/767/827 641/776/828 640/775/825
f 633/767/827 634/768/829 642/777/830 641/776/828
f 634/768/829 635/769/831 643/778/832 642/777/830
f 635/769/831 636/770/833 644/779/834 643/778/832
f 636/770/833 637/771/835 645/780/836 644/779/834
f 637/771/835 638/772/837 646/781/838 645/780/836
f 638/772/837 631/773/823 639/782/826 646/781/838
f 641/776/828 642/777/830 650/786/839 649/785/840
f 642/777/830 643/778/832 651/787/841 650/786/839
f 643/778/832 644/779/834 652/788/842 651/787/841
f 644/779/834 645/780/836 653/789/843 652/788/842
f 645/780/836 646/781/838 654/790/844 653/789/843
f 646/781/838 639/782/826 647/791/845 654/790/844
f 647/783/845 648/784/846 656/793/847 655/792/848
f 648/784/846 649/785/840 657/794/849 656/793/847
f 649/785/840 650/786/839 658/795/850 657/794/849
f 650/786/839 651/787/841 659/796/851 658/795/850
f 651/787/841 652/788/842 660/797/852 659/796/851
f 652/788/842 653/789/843 661/798/853 660/797/852
f 653/789/843 654/790/844 662/799/854 661/798/853
f 654/790/844 647/791/845 655/800/848 662/799/854
f 655/792/848 656/793/847 664/802/855 663/801/856
f 656/793/847 657/794/849 665/803/857 664/802/855
f 657/794/849 658/795/850 666/804/858 665/803/857
f 658/795/850 659/796/851 667/805/859 666/804/858
f 659/796/851 660/797/852 668/806/860 667/805/859
f 660/797/852 661/798/853 669/807/861 668/806/860
f 661/798/853 662/799/854 670/808/862 669/807/861
f 662/799/854 655/800/848 663/809/856 670/808/862
f 663/801/856 664/802/855 672/811/863 671/810/864
f 664/802/855 665/803/857 673/812/865 672/811/863
f 665/803/857 666/804/858 674/813/866 673/812/865
f 666/804/858 667/805/859 675/814/867 674/813/866
f 667/805/859 668/806/860 676/815/868 675/814/867
f 668/806/860 669/807/861 677/816/869 676/815/868
f 669/807/861 670/808/862 678/817/870 677/816/869
f 670/808/862 663/809/856 671/818/864 678/817/870
f 671/810/864 672/811/863 680/820/871 679/819/872
f 672/811/863 673/812/865 681/821/873 680/820/871
f 673/812/865 674/813/866 682/822/874 681/821/873
f 674/813/866 675/814/867 683/823/875 682/822/874
f 675/814/867 676/815/868 684/824/876 683/823/875
f 676/815/868 677/816/869 685/825/877 684/824/876
f 677/816/869 678/817/870 686/826/878 685/825/877
f 678/817/870 671/818/864 679/827/872 686/826/878
f 679/819/872 680/820/871 688/829/879 687/828/880
f 680/820/871 681/821/873 689/830/881 688/829/879
f 681/821/873 682/822/874 690/831/882 689/830/881
f 682/822/874 683/823/875 691/832/883 690/831/882
f 683/823/875 684/824/876 692/833/884 691/832/883
f 684/824/876 685/825/877 693/834/885 692/833/884
f 685/825/877 686/826/878 694/835/886 693/834/885
f 686/826/878 679/827/872 687/836/880 694/835/886
f 687/828/880 688/829/879 696/838/887 695/837/888
f 688/829/879 689/830/881 697/839/889 696/838/887
f 689/830/881 690/831/882 698/840/890 697/839/889
f 690/831/882 691/832/883 699/841/891 698/840/890
f 691/832/883 692/833/884 700/842/892 699/841/891
f 692/833/884 693/834/885 701/843/893 700/842/892
f 693/834/885 694/835/886 702/844/894 701/843/893
f 694/835/886 687/836/880 695/845/888 702/844/894
f 695/837/888 696/838/887 704/847/895 703/846/896
f 696/838/887 697/839/889 705/848/897 704/847/895
f 697/839/889 698/840/890 706/849/898 705/848/897
f 698/840/890 699/841/891 707/850/899 706/849/898
f 699/841/891 700/842/892 708/851/900 707/850/899
f 700/842/892 701/843/893 709/852/901 708/851/900
f 701/843/893 702/844/894 710/853/902 709/852/901
f 702/844/894 695/845/888 703/854/896 710/853/902
f 703/846/896 704/847/895 712/856/903 711/855/904
f 704/847/895 705/848/897 713/857/905 712/856/903
f 705/848/897 706/849/898 714/858/906 713/857/905
f 706/849/898 707/850/899 715/859/907 714/858/906
f 707/850/899 708/851/900 716/860/908 715/859/907
f 708/851/900 709/852/901 717/861/909 716/860/908
f 709/852/901 710/853/902 718/862/910 717/861/909
f 710/853/902 703/854/896 711/863/904 718/862/910
f 711/855/904 712/856/903 720/865/911 719/864/912
f 712/856/903 713/857/905 721/866/913 720/865/911
f 713/857/905 714/858/906 722/867/914 721/866/913
f 714/858/906 715/859/907 723/868/915 722/867/914
f 715/859/907 716/860/908 724/869/916 723/868/915
f 716/860/908 717/861/909 725/870/917 724/869/916
f 717/861/909 718/862/910 726/871/918 725/870/917
f 718/862/910 711/863/904 719/872/912 726/871/918
f 719/864/912 720/865/911 728/874/919 727/873/920
f 720/865/911 721/866/913 729/875/921 728/874/919
f 721/866/913 722/867/914 730/876/922 729/875/921
f 722/867/914 723/868/915 731/877/923 730/876/922
f 723/868/915 724/869/916 732/878/924 731/877/923
f 724/869/916 725/870/917 733/879/925 732/878/924
f 725/870/917 726/871/918 734/880/926 733/879/925
f 726/871/918 719/872/912 727/881/920 734/880/926
f 727/873/920 728/874/919 736/883/927 735/882/928
f 728/874/919 729/875/921 737/884/929 736/883/927
f 729/875/921 730/876/922 738/885/930 737/884/929
f 730/876/922 731/877/923 739/886/931 738/885/930
f 807/962/932 808/963/933 809/964/934 810/965/935
f 732/878/924 733/879/925 741/888/936 740/887/937
f 733/879/925 734/880/926 742/889/938 741/888/936
f 734/880/926 727/881/920 735/890/928 742/889/938
f 735/882/928 736/883/927 744/892/939 743/891/940
f 736/883/927 737/884/929 745/893/941 744/892/939
f 737/884/929 738/885/930 746/894/942 745/893/941
f 738/885/930 739/886/931 747/895/943 746/894/942
f 739/886/931 740/887/937 748/896/944 747/895/943
f 740/887/937 741/888/936 749/897/945 748/896/944
f 741/888/936 742/889/938 750/898/946 749/897/945
f 742/889/938 735/890/928 743/899/940 750/898/946
f 743/891/940 744/892/939 752/901/947 751/900/948
f 744/892/939 745/893/941 753/902/949 752/901/947
f 745/893/941 746/894/942 754/903/950 753/902/949
f 746/894/942 747/895/943 755/904/951 754/903/950
f 747/895/943 748/896/944 756/905/952 755/904/951
f 748/896/944 749/897/945 757/906/953 756/905/952
f 749/897/945 750/898/946 758/907/954 757/906/953
f 750/898/946 743/899/940 751/908/948 758/907/954
f 751/900/948 752/901/947 760/910/955 759/909/956
f 752/901/947 753/902/949 761/911/957 760/910/955
f 753/902/949 754/903/950 762/912/958 761/911/957
f 754/903/950 755/904/951 763/913/959 762/912/958
f 755/904/951 756/905/952 764/914/960 763/913/959
f 756/905/952 757/906/953 765/915/961 764/914/960
f 757/906/953 758/907/954 766/916/962 765/915/961
f 758/907/954 751/908/948 759/917/956 766/916/962
f 759/909/956 760/910/955 768/919/963 767/918/964
f 760/910/955 761/911/957 769/920/965 768/919/963
f 761/911/957 762/912/958 770/921/966 769/920/965
f 762/912/958 763/913/959 771/922/967 770/921/966
f 763/913/959 764/914/960 772/923/968 771/922/967
f 764/914/960 765/915/961 773/924/969 772/923/968
f 765/915/961 766/916/962 774/925/970 773/924/969
f 766/916/962 759/917/956 767/926/964 774/925/970
f 767/918/964 768/919/963 776/928/971 775/927/972
f 768/919/963 769/920/965 777/929/973 776/928/971
f 769/920/965 770/921/966 778/930/974 777/929/973
f 770/921/966 771/922/967 779/931/975 778/930/974
f 771/922/967 772/923/968 780/932/976 779/931/975
f 772/923/968 773/924/969 781/933/977 780/932/976
f 773/924/969 774/925/970 782/934/978 781/933/977
f 774/925/970 767/926/964 775/935/972 782/934/978
f 775/927/972 776/928/971 784/937/979 783/936/980
f 776/928/971 777/929/973 785/938/981 784/937/979
f 777/929/973 778/930/974 786/939/982 785/938/981
f 778/930/974 779/931/975 787/940/983 786/939/982
f 779/931/975 780/932/976 788/941/984 787/940/983
f 780/932/976 781/933/977 789/942/985 788/941/984
f 781/933/977 782/934/978 790/943/986 789/942/985
f 782/934/978 775/935/972 783/944/980 790/943/986
f 783/936/980 784/937/979 792/946/987 791/945/988
f 784/937/979 785/938/981 793/947/989 792/946/987
f 785/938/981 786/939/982 794/948/990 793/947/989
f 786/939/982 787/940/983 795/949/991 794/948/990
f 787/940/983 788/941/984 796/950/992 795/949/991
f 788/941/984 789/942/985 797/951/993 796/950/992
f 789/942/985 790/943/986 798/952/994 797/951/993
f 790/943/986 783/944/980 791/953/988 798/952/994
f 731/877/923 732/878/924 800/955/995 799/954/996
f 732/878/924 740/887/937 801/956/997 800/955/995
f 740/887/937 739/886/931 802/957/998 801/956/997
f 739/886/931 731/877/923 799/954/996 802/957/998
f 799/954/996 800/955/995 804/959/999 803/958/1000
f 800/955/995 801/956/997 805/960/1001 804/959/999
f 801/956/997 802/957/998 806/961/1002 805/960/1001
f 802/957/998 799/954/996 803/958/1000 806/961/1002
f 803/958/1000 804/959/999 814/969/1003 811/966/1004
f 804/959/999 805/960/1001 813/968/1005 814/969/1003
f 805/960/1001 806/961/1002 812/967/1006 813/968/1005
f 806/961/1002 803/958/1000 811/966/1004 812/967/1006
f 812/967/1006 811/966/1004 815/970/1007 816/971/1008
f 813/968/1005 812/967/1006 816/971/1008 817/972/1009
f 814/969/1003 813/968/1005 817/972/1009 818/973/1010
f 811/966/1004 814/969/1003 818/973/1010 815/970/1007
f 816/971/1008 815/970/1007 807/962/932 810/965/935
f 817/972/1009 816/971/1008 810/965/935 809/964/934
f 818/973/1010 817/972/1009 809/964/934 808/963/933
f 815/970/1007 818/973/1010 808/963/933 807/962/932
f 640/775/825 648/784/846 647/791/845 639/774/826
f 640/775/825 641/776/828 649/785/840 648/784/846
g default
v 2.319511 -0.634502 2.095338
v 2.318393 -0.634502 2.107230
v 2.327859 -0.635313 2.114119
v 2.337799 -0.636073 2.109055
v 2.338917 -0.636073 2.097162
v 2.330095 -0.635313 2.090334
v 2.342039 -0.578492 2.096367
v 2.340920 -0.578579 2.108269
v 2.351126 -0.579631 2.115279
v 2.361524 -0.580417 2.110241
v 2.362649 -0.580362 2.098270
v 2.353373 -0.579575 2.091383
v 2.340158 -0.541814 2.093982
v 2.339385 -0.542574 2.107853
v 2.351154 -0.545848 2.116981
v 2.363060 -0.551107 2.112292
v 2.364082 -0.550961 2.098882
v 2.352979 -0.545546 2.090035
v 2.320606 -0.511206 2.087624
v 2.319690 -0.510782 2.103522
v 2.332675 -0.513843 2.114749
v 2.346027 -0.510170 2.111372
v 2.346709 -0.509075 2.095907
v 2.334009 -0.512301 2.083536
v 2.252939 -0.498232 2.044610
v 2.240772 -0.498959 2.130942
v 2.320795 -0.485550 2.196227
v 2.401582 -0.465291 2.158984
v 2.402750 -0.455464 2.077705
v 2.334045 -0.482798 2.015850
v 2.251858 -0.492936 2.043790
v 2.239687 -0.493519 2.131000
v 2.320323 -0.479442 2.197156
v 2.401787 -0.457873 2.159640
v 2.403093 -0.447512 2.077371
v 2.333642 -0.476628 2.014817
v 2.264360 -0.468726 2.049194
v 2.261103 -0.458489 2.116560
v 2.320568 -0.440974 2.169107
v 2.377305 -0.416214 2.145432
v 2.383671 -0.415551 2.076982
v 2.330246 -0.447242 2.032219
v 2.287780 -0.420062 2.068951
v 2.285408 -0.413477 2.104290
v 2.320749 -0.404632 2.133206
v 2.349534 -0.389186 2.123835
v 2.351145 -0.389185 2.088223
v 2.324418 -0.409433 2.061230
v 2.321548 -0.387097 2.096887
v 2.334529 -0.528236 2.091286
v 2.346664 -0.532357 2.087394
v 2.357374 -0.533807 2.097934
v 2.356549 -0.534177 2.112518
v 2.345177 -0.532940 2.116554
v 2.333761 -0.528852 2.106329
v 2.342426 -0.558878 2.095927
v 2.354759 -0.562387 2.091371
v 2.364734 -0.564686 2.098633
v 2.363580 -0.564890 2.111017
v 2.352563 -0.562579 2.116229
v 2.341440 -0.559293 2.108674
v 2.334190 -0.601090 2.095971
v 2.345277 -0.601476 2.091014
v 2.354362 -0.601829 2.097867
v 2.353244 -0.601829 2.109759
v 2.343040 -0.601476 2.114798
v 2.333072 -0.601090 2.107863
vt 0.375000 0.312500
vt 0.416667 0.312500
vt 0.458333 0.312500
vt 0.500000 0.312500
vt 0.541667 0.312500
vt 0.583333 0.312500
vt 0.625000 0.312500
vt 0.375000 0.387500
vt 0.416667 0.387500
vt 0.458333 0.387500
vt 0.500000 0.387500
vt 0.541667 0.387500
vt 0.583333 0.387500
vt 0.625000 0.387500
vt 0.375000 0.462500
vt 0.416667 0.462500
vt 0.458333 0.462500
vt 0.500000 0.462500
vt 0.541667 0.462500
vt 0.583333 0.462500
vt 0.625000 0.462500
vt 0.375000 0.537500
vt 0.416667 0.537500
vt 0.458333 0.537500
vt 0.500000 0.537500
vt 0.541667 0.537500
vt 0.583333 0.537500
vt 0.625000 0.537500
vt 0.375000 0.612500
vt 0.416667 0.612500
vt 0.458333 0.612500
vt 0.500000 0.612500
vt 0.541667 0.612500
vt 0.583333 0.612500
vt 0.625000 0.612500
vt 0.375000 0.687500
vt 0.416667 0.687500
vt 0.458333 0.687500
vt 0.500000 0.687500
vt 0.541667 0.687500
vt 0.583333 0.687500
vt 0.625000 0.687500
vt 0.578125 0.708434
vt 0.421875 0.708434
vt 0.343750 0.843750
vt 0.421875 0.979066
vt 0.578125 0.979066
vt 0.656250 0.843750
vt 0.552083 0.753539
vt 0.447917 0.753539
vt 0.395833 0.843750
vt 0.447917 0.933961
vt 0.552083 0.933961
vt 0.604167 0.843750
vt 0.526042 0.798645
vt 0.473958 0.798645
vt 0.447917 0.843750
vt 0.473958 0.888855
vt 0.526042 0.888855
vt 0.552083 0.843750
vt 0.500000 0.843750
vt 0.625000 0.500000
vt 0.375000 0.500000
vt 0.583333 0.500000
vt 0.541667 0.500000
vt 0.500000 0.500000
vt 0.458333 0.500000
vt 0.416667 0.500000
vt 0.625000 0.425000
vt 0.375000 0.425000
vt 0.583333 0.425000
vt 0.541667 0.425000
vt 0.500000 0.425000
vt 0.458333 0.425000
vt 0.416667 0.425000
vt 0.625000 0.350000
vt 0.375000 0.350000
vt 0.583333 0.350000
vt 0.541667 0.350000
vt 0.500000 0.350000
vt 0.458333 0.350000
vt 0.416667 0.350000
vn -0.789093 0.357319 -0.499656
vn -0.858698 0.371653 0.352863
vn -0.844113 0.336420 0.417486
vn -0.754977 0.317834 -0.573577
vn -0.194869 0.065922 0.978611
vn -0.059580 -0.003209 0.998218
vn 0.748900 -0.348934 0.563377
vn 0.786150 -0.343546 0.513755
vn 0.837700 -0.369259 -0.402375
vn 0.861826 -0.356804 -0.360482
vn -0.009912 0.022608 -0.999695
vn 0.125034 -0.040727 -0.991316
vn -0.779889 0.160794 -0.604913
vn -0.880657 0.168625 0.442729
vn -0.897361 -0.048775 0.438594
vn -0.802704 -0.076551 -0.591444
vn -0.071583 -0.033132 0.996884
vn -0.135921 -0.049283 0.989493
vn 0.811254 -0.237996 0.534064
vn 0.818291 -0.068185 0.570746
vn 0.892562 -0.232586 -0.386312
vn 0.909002 -0.040780 -0.414792
vn 0.126205 -0.038079 -0.991273
vn 0.123402 -0.034953 -0.991741
vn -0.788610 -0.305910 -0.533399
vn -0.895083 -0.231219 0.381267
vn -0.814930 -0.484997 0.317281
vn -0.693226 -0.548646 -0.467360
vn -0.145053 -0.011276 0.989360
vn -0.156633 -0.025169 0.987336
vn 0.837146 0.166828 0.520918
vn 0.801330 0.359033 0.478504
vn 0.920801 0.185240 -0.343237
vn 0.887322 0.348857 -0.301593
vn 0.239653 -0.001605 -0.970857
vn 0.378569 0.039494 -0.924730
vn -0.104988 -0.973391 -0.203684
vn -0.165676 -0.976357 0.138850
vn -0.267985 -0.945153 0.186737
vn -0.207517 -0.942394 -0.262356
vn 0.090217 -0.930501 0.355005
vn 0.099607 -0.880883 0.462734
vn 0.566907 -0.799508 0.198502
vn 0.622279 -0.741758 0.250126
vn 0.677318 -0.697137 -0.235032
vn 0.729681 -0.636102 -0.250878
vn 0.353646 -0.841668 -0.408079
vn 0.323310 -0.802430 -0.501575
vn -0.812148 0.442477 0.380301
vn -0.778093 0.383702 -0.497336
vn -0.261541 0.475568 0.839900
vn 0.624273 0.497642 0.602193
vn 0.823962 0.447540 -0.347555
vn 0.112290 0.334036 -0.935848
vn -0.787020 0.538899 0.300312
vn -0.689014 0.511446 -0.513500
vn -0.284456 0.583750 0.760474
vn 0.519433 0.670508 0.529725
vn 0.667647 0.625916 -0.403083
vn 0.062785 0.505318 -0.860646
vn -0.769756 0.585524 0.254239
vn -0.656291 0.573829 -0.489901
vn -0.393579 0.653030 0.647029
vn 0.320923 0.851900 0.413853
vn 0.441770 0.816674 -0.371326
vn -0.043614 0.641575 -0.765819
vn -0.349470 0.933845 -0.076192
s 1
g MushRoomTall
usemtl initialShadingGroup
f 819/974/1011 820/975/1012 885/1055/1013 880/1050/1014
f 820/975/1012 821/976/1015 884/1054/1016 885/1055/1013
f 821/976/1015 822/977/1017 883/1053/1018 884/1054/1016
f 822/977/1017 823/978/1019 882/1052/1020 883/1053/1018
f 823/978/1019 824/979/1021 881/1051/1022 882/1052/1020
f 824/979/1021 819/980/1011 880/1049/1014 881/1051/1022
f 825/981/1023 826/982/1024 879/1048/1025 874/1043/1026
f 826/982/1024 827/983/1027 878/1047/1028 879/1048/1025
f 827/983/1027 828/984/1029 877/1046/1030 878/1047/1028
f 828/984/1029 829/985/1031 876/1045/1032 877/1046/1030
f 829/985/1031 830/986/1033 875/1044/1034 876/1045/1032
f 830/986/1033 825/987/1023 874/1042/1026 875/1044/1034
f 831/988/1035 832/989/1036 873/1041/1037 868/1036/1038
f 832/989/1036 833/990/1039 872/1040/1040 873/1041/1037
f 833/990/1039 834/991/1041 871/1039/1042 872/1040/1040
f 834/991/1041 835/992/1043 870/1038/1044 871/1039/1042
f 835/992/1043 836/993/1045 869/1037/1046 870/1038/1044
f 836/993/1045 831/994/1035 868/1035/1038 869/1037/1046
f 837/995/1047 838/996/1048 844/1003/1049 843/1002/1050
f 838/996/1048 839/997/1051 845/1004/1052 844/1003/1049
f 839/997/1051 840/998/1053 846/1005/1054 845/1004/1052
f 840/998/1053 841/999/1055 847/1006/1056 846/1005/1054
f 841/999/1055 842/1000/1057 848/1007/1058 847/1006/1056
f 842/1000/1057 837/1001/1047 843/1008/1050 848/1007/1058
f 843/1002/1050 844/1003/1049 850/1010/1059 849/1009/1060
f 844/1003/1049 845/1004/1052 851/1011/1061 850/1010/1059
f 845/1004/1052 846/1005/1054 852/1012/1062 851/1011/1061
f 846/1005/1054 847/1006/1056 853/1013/1063 852/1012/1062
f 847/1006/1056 848/1007/1058 854/1014/1064 853/1013/1063
f 848/1007/1058 843/1008/1050 849/1015/1060 854/1014/1064
f 849/1020/1060 850/1019/1059 856/1025/1065 855/1026/1066
f 850/1019/1059 851/1018/1061 857/1024/1067 856/1025/1065
f 851/1018/1061 852/1017/1062 858/1023/1068 857/1024/1067
f 852/1017/1062 853/1016/1063 859/1022/1069 858/1023/1068
f 853/1016/1063 854/1021/1064 860/1027/1070 859/1022/1069
f 854/1021/1064 849/1020/1060 855/1026/1066 860/1027/1070
f 855/1026/1066 856/1025/1065 862/1031/1071 861/1032/1072
f 856/1025/1065 857/1024/1067 863/1030/1073 862/1031/1071
f 857/1024/1067 858/1023/1068 864/1029/1074 863/1030/1073
f 858/1023/1068 859/1022/1069 865/1028/1075 864/1029/1074
f 859/1022/1069 860/1027/1070 866/1033/1076 865/1028/1075
f 860/1027/1070 855/1026/1066 861/1032/1072 866/1033/1076
f 861/1032/1072 862/1031/1071 867/1034/1077
f 862/1031/1071 863/1030/1073 867/1034/1077
f 863/1030/1073 864/1029/1074 867/1034/1077
f 864/1029/1074 865/1028/1075 867/1034/1077
f 865/1028/1075 866/1033/1076 867/1034/1077
f 866/1033/1076 861/1032/1072 867/1034/1077
f 869/1037/1046 868/1035/1038 837/1001/1047 842/1000/1057
f 870/1038/1044 869/1037/1046 842/1000/1057 841/999/1055
f 871/1039/1042 870/1038/1044 841/999/1055 840/998/1053
f 872/1040/1040 871/1039/1042 840/998/1053 839/997/1051
f 873/1041/1037 872/1040/1040 839/997/1051 838/996/1048
f 868/1036/1038 873/1041/1037 838/996/1048 837/995/1047
f 875/1044/1034 874/1042/1026 831/994/1035 836/993/1045
f 876/1045/1032 875/1044/1034 836/993/1045 835/992/1043
f 877/1046/1030 876/1045/1032 835/992/1043 834/991/1041
f 878/1047/1028 877/1046/1030 834/991/1041 833/990/1039
f 879/1048/1025 878/1047/1028 833/990/1039 832/989/1036
f 874/1043/1026 879/1048/1025 832/989/1036 831/988/1035
f 881/1051/1022 880/1049/1014 825/987/1023 830/986/1033
f 882/1052/1020 881/1051/1022 830/986/1033 829/985/1031
f 883/1053/1018 882/1052/1020 829/985/1031 828/984/1029
f 884/1054/1016 883/1053/1018 828/984/1029 827/983/1027
f 885/1055/1013 884/1054/1016 827/983/1027 826/982/1024
f 880/1050/1014 885/1055/1013 826/982/1024 825/981/1023
g default
v 4.027877 -0.646980 0.500000
v 5.759928 -0.631049 0.500000
v 4.893903 -0.646980 -1.000000
v 4.893903 -0.631049 1.000000
v 5.759928 -0.631049 -0.500000
v 4.027877 -0.652176 -0.500000
v 4.893903 -0.422382 0.000000
v 3.893903 -0.652176 0.000000
v 4.393903 -0.636471 0.866025
v 4.893903 -0.467252 0.500000
v 4.460890 -0.564008 -0.250000
v 4.460890 -0.537548 0.250000
v 5.393903 -0.636471 0.866025
v 5.893903 -0.636471 -0.000000
v 5.326915 -0.467252 -0.250000
v 5.326916 -0.467252 0.250000
v 5.393903 -0.636471 -0.866026
v 4.393903 -0.652176 -0.866025
v 4.893903 -0.537548 -0.500000
v 4.244384 -0.631049 -0.375000
v 3.927977 -0.652176 -0.258819
v 4.177396 -0.627989 0.125000
v 4.460890 -0.537548 0.000000
v 4.210890 -0.622265 -0.125000
v 3.927977 -0.650896 0.258819
v 4.186796 -0.641767 0.707107
v 4.427396 -0.585414 0.558013
v 4.194143 -0.626226 0.404006
v 4.635084 -0.632515 0.965926
v 4.893903 -0.564008 0.750000
v 4.677396 -0.467252 0.375000
v 4.660650 -0.550969 0.654006
v 4.893903 -0.422382 0.250000
v 4.677396 -0.467252 -0.125000
v 4.677396 -0.467252 0.125000
v 5.152722 -0.632515 0.965926
v 5.360409 -0.564008 0.558013
v 5.110409 -0.467252 0.375000
v 5.127156 -0.550969 0.654006
v 5.601009 -0.632515 0.707107
v 5.859828 -0.632515 0.258819
v 5.610409 -0.564008 0.125000
v 5.593662 -0.585071 0.404006
v 5.859828 -0.632515 -0.258819
v 5.543422 -0.564008 -0.375000
v 5.326915 -0.467252 -0.000000
v 5.576915 -0.550969 -0.125000
v 5.110409 -0.422382 -0.125000
v 5.110409 -0.422382 0.125000
v 5.601009 -0.632515 -0.707107
v 5.143903 -0.585414 -0.683013
v 5.110409 -0.467252 -0.375000
v 5.343662 -0.550969 -0.529006
v 5.152721 -0.641767 -0.965926
v 4.635084 -0.650896 -0.965926
v 4.643903 -0.627989 -0.683013
v 4.893903 -0.626226 -0.808013
v 4.186796 -0.652176 -0.707107
v 4.677396 -0.537548 -0.375000
v 4.444143 -0.622265 -0.529006
v 4.893903 -0.467252 -0.250000
vt 0.066987 0.250000
vt 0.933013 0.250000
vt 0.500000 1.000000
vt 0.500000 0.000000
vt 0.933013 0.750000
vt 0.066987 0.750000
vt 0.500000 0.500000
vt 0.000000 0.500000
vt 0.250000 0.066987
vt 0.500000 0.250000
vt 0.283494 0.625000
vt 0.283494 0.375000
vt 0.750000 0.066987
vt 1.000000 0.500000
vt 0.716506 0.625000
vt 0.716506 0.375000
vt 0.750000 0.933013
vt 0.250000 0.933013
vt 0.500000 0.750000
vt 0.175240 0.687500
vt 0.017037 0.629409
vt 0.141747 0.437500
vt 0.283494 0.500000
vt 0.158494 0.562500
vt 0.017037 0.370590
vt 0.146447 0.146447
vt 0.266747 0.220994
vt 0.150120 0.297997
vt 0.370591 0.017037
vt 0.500000 0.125000
vt 0.391747 0.312500
vt 0.383373 0.172997
vt 0.500000 0.375000
vt 0.391747 0.562500
vt 0.391747 0.437500
vt 0.629410 0.017037
vt 0.733253 0.220994
vt 0.608253 0.312500
vt 0.616627 0.172997
vt 0.853553 0.146447
vt 0.982963 0.370591
vt 0.858253 0.437500
vt 0.849880 0.297997
vt 0.982963 0.629410
vt 0.824759 0.687500
vt 0.716506 0.500000
vt 0.841506 0.562500
vt 0.608253 0.562500
vt 0.608253 0.437500
vt 0.853553 0.853553
vt 0.625000 0.841506
vt 0.608253 0.687500
vt 0.724880 0.764503
vt 0.629409 0.982963
vt 0.370590 0.982963
vt 0.375000 0.841506
vt 0.500000 0.904006
vt 0.146447 0.853553
vt 0.391747 0.687500
vt 0.275120 0.764503
vt 0.500000 0.625000
vn -0.309086 0.950437 -0.033692
vn -0.248910 0.957806 -0.143708
vn -0.134451 0.987875 -0.077625
vn -0.183100 0.982519 -0.033628
vn -0.078099 0.995925 -0.045091
vn -0.087279 0.995938 -0.022148
vn -0.092936 0.995672 0.000076
vn -0.190476 0.981632 0.010822
vn -0.299387 0.952357 0.058175
vn -0.092077 0.995709 0.009269
vn -0.186766 0.980884 0.054629
vn -0.101827 0.994055 0.038547
vn -0.158433 0.983668 0.085423
vn -0.162241 0.973751 0.159646
vn -0.228368 0.963939 0.136637
vn -0.096904 0.969382 0.225627
vn -0.159416 0.958245 0.237386
vn 0.000000 0.967268 0.253756
vn 0.000000 0.960959 0.276691
vn -0.007878 0.964646 0.263431
vn -0.230610 0.961002 0.152627
vn -0.051106 0.994719 0.089006
vn -0.253849 0.967226 0.005886
vn -0.102742 0.992938 -0.059318
vn -0.234762 0.962557 -0.135540
vn 0.137724 0.964003 0.227442
vn 0.118828 0.956253 0.267321
vn 0.083362 0.966757 0.241725
vn 0.141024 0.967215 0.211204
vn 0.185852 0.958210 0.217468
vn 0.243006 0.959825 0.140299
vn 0.171780 0.970717 0.167931
vn 0.247361 0.958340 0.142814
vn 0.201699 0.972500 0.116451
vn 0.231322 0.970717 0.064801
vn 0.253419 0.967215 0.016528
vn 0.281259 0.958210 0.052218
vn 0.251021 0.966757 -0.048669
vn 0.290921 0.956253 -0.030753
vn 0.219759 0.967268 -0.126878
vn 0.239622 0.960959 -0.138346
vn 0.224200 0.964646 -0.138538
vn 0.265833 0.964003 0.005551
vn 0.051529 0.994719 -0.088762
vn 0.102603 0.992957 0.059238
vn 0.016874 0.961002 -0.276028
vn 0.125874 0.958246 -0.256751
vn 0.146947 0.969382 -0.196735
vn 0.057137 0.973751 -0.220328
vn 0.004147 0.963939 -0.266091
vn -0.099313 0.952357 -0.288364
vn -0.005238 0.983668 -0.179918
vn -0.046073 0.980884 -0.189059
vn -0.017531 0.994055 -0.107458
vn -0.038011 0.995709 -0.084375
vn -0.046402 0.995672 -0.080523
vn -0.085866 0.981632 -0.170369
vn -0.062820 0.995938 -0.064512
vn -0.120673 0.982519 -0.141756
vn -0.183721 0.950437 -0.250830
vn -0.121827 0.967226 -0.222782
s 1
g Bonfire_Ground
usemtl initialShadingGroup
f 908/1078/1078 896/1066/1079 905/1075/1080 909/1079/1081
f 905/1075/1080 891/1061/1082 906/1076/1083 909/1079/1081
f 906/1076/1083 893/1063/1084 907/1077/1085 909/1079/1081
f 907/1077/1085 897/1067/1086 908/1078/1078 909/1079/1081
f 907/1077/1085 893/1063/1084 910/1080/1087 913/1083/1088
f 910/1080/1087 886/1056/1089 911/1081/1090 913/1083/1088
f 911/1081/1090 894/1064/1091 912/1082/1092 913/1083/1088
f 912/1082/1092 897/1067/1086 907/1077/1085 913/1083/1088
f 912/1082/1092 894/1064/1091 914/1084/1093 917/1087/1094
f 914/1084/1093 889/1059/1095 915/1085/1096 917/1087/1094
f 915/1085/1096 895/1065/1097 916/1086/1098 917/1087/1094
f 916/1086/1098 897/1067/1086 912/1082/1092 917/1087/1094
f 916/1086/1098 895/1065/1097 918/1088/1099 920/1090/1100
f 918/1088/1099 892/1062/1101 919/1089/1102 920/1090/1100
f 919/1089/1102 896/1066/1079 908/1078/1078 920/1090/1100
f 908/1078/1078 897/1067/1086 916/1086/1098 920/1090/1100
f 923/1093/1103 895/1065/1097 915/1085/1096 924/1094/1104
f 915/1085/1096 889/1059/1095 921/1091/1105 924/1094/1104
f 921/1091/1105 898/1068/1106 922/1092/1107 924/1094/1104
f 922/1092/1107 901/1071/1108 923/1093/1103 924/1094/1104
f 922/1092/1107 898/1068/1106 925/1095/1109 928/1098/1110
f 925/1095/1109 887/1057/1111 926/1096/1112 928/1098/1110
f 926/1096/1112 899/1069/1113 927/1097/1114 928/1098/1110
f 927/1097/1114 901/1071/1108 922/1092/1107 928/1098/1110
f 927/1097/1114 899/1069/1113 929/1099/1115 932/1102/1116
f 929/1099/1115 890/1060/1117 930/1100/1118 932/1102/1116
f 930/1100/1118 900/1070/1119 931/1101/1120 932/1102/1116
f 931/1101/1120 901/1071/1108 927/1097/1114 932/1102/1116
f 931/1101/1120 900/1070/1119 933/1103/1121 934/1104/1122
f 933/1103/1121 892/1062/1101 918/1088/1099 934/1104/1122
f 918/1088/1099 895/1065/1097 923/1093/1103 934/1104/1122
f 923/1093/1103 901/1071/1108 931/1101/1120 934/1104/1122
f 937/1107/1123 900/1070/1119 930/1100/1118 938/1108/1124
f 930/1100/1118 890/1060/1117 935/1105/1125 938/1108/1124
f 935/1105/1125 902/1072/1126 936/1106/1127 938/1108/1124
f 936/1106/1127 904/1074/1128 937/1107/1123 938/1108/1124
f 936/1106/1127 902/1072/1126 939/1109/1129 942/1112/1130
f 939/1109/1129 888/1058/1131 940/1110/1132 942/1112/1130
f 940/1110/1132 903/1073/1133 941/1111/1134 942/1112/1130
f 941/1111/1134 904/1074/1128 936/1106/1127 942/1112/1130
f 941/1111/1134 903/1073/1133 943/1113/1135 945/1115/1136
f 943/1113/1135 891/1061/1082 905/1075/1080 945/1115/1136
f 905/1075/1080 896/1066/1079 944/1114/1137 945/1115/1136
f 944/1114/1137 904/1074/1128 941/1111/1134 945/1115/1136
f 944/1114/1137 896/1066/1079 919/1089/1102 946/1116/1138
f 919/1089/1102 892/1062/1101 933/1103/1121 946/1116/1138
f 933/1103/1121 900/1070/1119 937/1107/1123 946/1116/1138
f 937/1107/1123 904/1074/1128 944/1114/1137 946/1116/1138
g default
v -27.020348 1.851125 -15.451090
v -27.412987 1.730378 -15.509787
v -27.244671 4.003333 -16.246952
v -26.822851 3.972701 -16.345631
v -26.319820 1.856593 -15.927395
v -26.634249 1.882288 -15.615304
v -26.560566 3.925244 -16.519144
v -26.252968 3.823695 -16.881153
v -26.011471 1.456148 -17.148918
v -26.053511 1.676288 -16.603796
v -26.083221 3.719890 -17.229727
v -25.982498 3.569805 -17.683857
v -26.251865 0.972172 -18.161936
v -26.067547 1.159095 -17.769531
v -26.002811 3.431842 -18.074974
v -26.139275 3.289945 -18.476028
v -27.063879 0.688454 -18.950274
v -26.638485 0.795863 -18.569752
v -26.331245 3.204653 -18.736902
v -26.669718 3.157018 -18.948936
v -27.849895 0.618087 -19.210407
v -27.505093 0.633866 -19.223454
v -26.967861 3.164782 -19.006386
v -27.379353 3.213928 -18.928181
v -28.703733 0.643651 -18.518887
v -28.390850 0.636961 -18.890228
v -27.676731 3.273512 -18.740646
v -27.964832 3.379387 -18.398899
v -28.824112 0.878196 -17.446758
v -28.868462 0.731656 -17.939985
v -28.139408 3.497442 -18.009943
v -28.229347 3.630885 -17.556868
v -28.303566 1.169803 -16.248007
v -28.525063 1.040785 -16.647854
v -28.217136 3.754108 -17.155319
v -28.087137 3.878014 -16.759922
v -27.766277 1.509030 -15.737434
v -28.036730 1.325994 -15.958149
v -27.882914 3.951686 -16.503563
v -27.520466 3.998302 -16.291664
v -26.666996 6.125304 -17.252544
v -26.240456 6.058943 -17.341433
v -26.034214 6.007123 -17.464123
v -25.734676 5.904127 -17.796005
v -25.614613 5.810838 -18.051929
v -25.537930 5.714160 -18.483871
v -25.575304 5.605519 -18.788118
v -25.735518 5.546064 -19.183483
v -25.924723 5.480979 -19.402296
v -26.286152 5.478803 -19.625492
v -26.552094 5.476701 -19.675488
v -26.972450 5.537167 -19.609541
v -27.229261 5.604741 -19.465466
v -27.521175 5.705548 -19.139502
v -27.654036 5.830729 -18.828344
v -27.714903 5.926044 -18.385635
v -27.652460 6.032721 -18.063641
v -27.467823 6.089421 -17.673693
v -27.265232 6.135540 -17.478909
v -26.891014 6.136020 -17.281288
v -26.419500 7.704317 -17.885855
v -26.001238 7.641321 -17.967501
v -25.837769 7.603345 -18.063225
v -25.551455 7.504941 -18.381256
v -25.453243 7.448447 -18.597256
v -25.386192 7.349322 -19.017246
v -25.417194 7.291606 -19.288654
v -25.582474 7.214797 -19.672609
v -25.744396 7.193092 -19.874748
v -26.107670 7.167976 -20.092997
v -26.332405 7.200319 -20.146828
v -26.753708 7.250963 -20.079897
v -26.973417 7.301291 -19.955725
v -27.255959 7.402914 -19.636040
v -27.370319 7.477870 -19.359600
v -27.411970 7.578076 -18.932589
v -27.354492 7.636394 -18.647110
v -27.152817 7.705275 -18.276680
v -26.982571 7.704814 -18.098402
v -26.601425 7.718670 -17.912640
v -26.390581 8.966183 -18.380890
v -25.970613 8.951795 -18.482410
v -25.833506 8.885924 -18.549683
v -25.543747 8.804647 -18.874603
v -25.460358 8.770594 -19.058985
v -25.391445 8.661152 -19.476978
v -25.418051 8.669440 -19.721052
v -25.584301 8.569402 -20.098701
v -25.721203 8.627623 -20.288372
v -26.086815 8.607469 -20.505398
v -26.275330 8.625988 -20.546076
v -26.698250 8.693346 -20.480696
v -26.881908 8.735097 -20.376448
v -27.167568 8.825913 -20.051260
v -27.265074 8.876546 -19.816233
v -27.310436 8.953760 -19.378399
v -27.264093 8.988312 -19.134573
v -27.062126 9.065039 -18.766119
v -26.922821 8.990171 -18.593977
v -26.539492 9.051999 -18.429346
v -26.404446 10.320995 -18.858868
v -25.983891 10.245639 -18.939547
v -25.860619 10.197797 -19.003815
v -25.566826 10.114868 -19.325108
v -25.492601 10.105474 -19.490482
v -25.420334 9.982750 -19.903824
v -25.444586 10.049912 -20.126112
v -25.613022 9.988718 -20.516668
v -25.741062 9.992855 -20.673630
v -26.108513 10.031322 -20.899202
v -26.279934 10.055978 -20.936455
v -26.702784 10.104400 -20.867046
v -26.870638 10.186357 -20.784672
v -27.161043 10.264369 -20.459286
v -27.250120 10.264519 -20.240299
v -27.297169 10.398369 -19.821468
v -27.257469 10.313128 -19.571192
v -27.055042 10.445972 -19.222385
v -26.928904 10.376938 -19.076187
v -26.546257 10.340815 -18.880136
v -26.410789 11.911540 -19.402708
v -26.013260 11.902288 -19.492388
v -25.885668 11.840187 -19.550541
v -25.603735 11.773427 -19.852444
v -25.531227 11.742714 -20.000710
v -25.460707 11.632581 -20.392267
v -25.486057 11.733419 -20.609341
v -25.648737 11.610215 -20.956995
v -25.771475 11.768644 -21.137316
v -26.115917 11.685089 -21.318529
v -26.286106 11.834838 -21.385134
v -26.685085 11.825283 -21.311796
v -26.845913 11.891764 -21.234226
v -27.124001 11.973991 -20.934050
v -27.210136 11.952949 -20.733776
v -27.254059 12.092911 -20.343164
v -27.222372 11.992308 -20.109867
v -27.029999 12.125050 -19.785154
v -26.913731 11.965769 -19.610470
v -26.552174 12.049633 -19.467129
v -26.362211 13.787252 -19.929949
v -25.993723 13.769277 -20.003796
v -25.858328 13.741399 -20.076038
v -25.593164 13.667527 -20.345469
v -25.519730 13.632636 -20.487488
v -25.453753 13.568932 -20.855227
v -25.475451 13.554932 -21.027384
v -25.632053 13.492208 -21.354832
v -25.746643 13.621163 -21.510864
v -26.072647 13.563270 -21.676556
v -26.241688 13.694761 -21.728079
v -26.611124 13.728391 -21.667889
v -26.767437 13.763297 -21.585857
v -27.030264 13.832990 -21.312489
v -27.110714 13.860708 -21.144871
v -27.165915 13.900879 -20.767006
v -27.134918 13.906380 -20.576624
v -26.962624 13.966918 -20.259262
v -26.845673 13.834370 -20.115826
v -26.512978 13.895365 -19.968187
v -26.227037 18.036852 -20.838428
v -25.932337 17.985489 -20.885660
v -25.811583 17.960182 -20.946976
v -25.597157 17.897282 -21.157263
v -25.533302 17.868959 -21.277605
v -25.479973 17.819878 -21.570410
v -25.498476 17.805305 -21.710503
v -25.624771 17.795200 -21.976116
v -25.725357 17.800346 -22.084209
v -25.984257 17.830643 -22.227493
v -26.129230 17.854561 -22.255140
v -26.423908 17.910610 -22.213587
v -26.554535 17.939444 -22.148155
v -26.767773 17.998699 -21.935909
v -26.835068 18.024712 -21.803614
v -26.883018 18.066975 -21.505775
v -26.860399 18.080151 -21.359566
v -26.727161 18.088783 -21.095856
v -26.625992 18.083889 -20.994175
v -26.362820 18.056110 -20.859871
v -26.367807 0.478501 -14.549664
v -26.861433 0.367370 -14.778482
v -26.771616 0.933197 -15.066492
v -26.303185 1.000389 -14.902115
v -28.158247 0.210077 -14.539015
v -28.535881 0.161745 -14.664356
v -28.153681 0.686808 -15.074206
v -27.802937 0.752546 -14.967918
v -24.720623 0.256874 -14.088614
v -25.081450 0.307645 -13.779083
v -25.201952 0.851009 -14.405998
v -24.880133 0.777589 -14.717541
v -25.141821 0.032941 -17.007877
v -25.218632 0.229494 -16.457859
v -25.404633 0.610619 -16.655397
v -25.377506 0.398701 -17.175259
v -24.320915 -1.045353 -18.879126
v -23.916973 -0.995159 -18.539330
v -24.407196 -0.547498 -18.507114
v -24.795717 -0.608594 -18.800013
v -26.650974 -0.566513 -18.911848
v -25.917683 -0.599040 -18.551395
v -26.160027 -0.209488 -18.560177
v -26.831951 -0.158969 -18.857513
v -29.137928 -1.025622 -21.405800
v -28.734306 -1.121728 -21.595810
v -28.620197 -0.674792 -20.945044
v -28.962063 -0.547850 -20.773699
v -29.858829 -0.702042 -19.113617
v -29.290489 -0.520600 -19.551960
v -29.084141 -0.027277 -19.227209
v -29.481239 -0.135536 -18.770613
v -31.534225 -0.627851 -17.691322
v -31.480770 -0.373098 -18.098356
v -30.643459 -0.102657 -17.933729
v -30.462917 -0.167617 -17.537600
v -29.051949 -0.160016 -16.372515
v -29.449980 -0.412554 -16.930872
v -29.057369 0.238232 -16.705891
v -28.635290 0.416004 -16.246103
v -23.542091 -0.832963 -11.452026
v -24.150711 -0.687399 -11.033392
v -26.322376 -0.605670 -12.612890
v -27.174143 -0.787385 -12.987814
v -23.603714 -1.515245 -16.301790
v -23.847694 -1.173808 -15.458006
v -21.851288 -2.718897 -18.989498
v -21.302261 -2.615681 -18.347336
v -25.717556 -2.238090 -19.472364
v -24.601954 -2.300978 -18.845387
v -29.499390 -2.843364 -24.029251
v -28.755407 -2.974425 -24.238615
v -31.758490 -2.335437 -20.377771
v -30.426392 -2.168209 -20.933910
v -35.265312 -1.095890 -18.523016
v -35.361744 -0.990200 -19.283405
v -30.572168 -1.282868 -16.001022
v -31.632648 -1.926279 -16.979736
v -29.754581 -1.022922 -12.242918
v -30.358059 -1.072010 -12.519022
v -27.298916 9.121256 -20.245331
v -27.204103 9.281291 -20.517681
v -27.272926 9.894978 -20.517303
v -27.193336 9.601781 -20.630424
v -27.501825 9.508622 -19.860058
v -27.422237 9.215420 -19.973017
v -27.491062 9.829104 -19.972509
v -27.396250 9.989138 -20.244703
v -27.830111 9.118579 -20.490154
v -27.745632 9.240382 -20.662525
v -27.803257 9.655955 -20.647232
v -27.734510 9.462972 -20.727648
v -28.007206 9.361901 -20.231304
v -27.938456 9.168916 -20.311598
v -27.996082 9.584488 -20.296228
v -27.911602 9.706287 -20.468470
v -29.819744 8.944680 -21.399864
v -29.733051 9.069563 -21.570671
v -29.792206 9.496070 -21.552505
v -29.721643 9.297958 -21.633934
v -30.001507 9.194576 -21.140331
v -29.930943 8.996462 -21.221645
v -29.990097 9.422968 -21.203472
v -29.903404 9.547850 -21.374163
v -32.358227 10.144275 -22.993668
v -32.266140 10.192398 -23.087399
v -32.210175 10.465011 -23.075823
v -32.204815 10.325252 -23.121429
v -32.432495 10.348832 -22.849533
v -32.427135 10.209075 -22.895138
v -32.371170 10.481689 -22.883560
v -32.279079 10.529808 -22.977295
v -28.808340 8.955213 -20.917980
v -28.722748 9.078572 -21.090317
v -28.711485 9.304081 -21.155231
v -28.781137 9.499635 -21.074568
v -28.890911 9.550683 -20.895657
v -28.976500 9.427324 -20.723434
v -28.987766 9.201819 -20.658712
v -28.918114 9.006265 -20.739292
v -30.791300 9.225086 -21.971746
v -30.722059 9.344665 -22.099457
v -30.673292 9.531746 -22.114614
v -30.673565 9.676744 -22.008448
v -30.722715 9.694715 -21.842985
v -30.791956 9.575130 -21.715042
v -30.840725 9.388044 -21.699730
v -30.840450 9.243054 -21.806129
vt 0.381521 0.387500
vt 0.375000 0.387500
vt 0.375000 0.366045
vt 0.378713 0.357041
vt 0.375000 0.395574
vt 0.382594 0.425000
vt 0.375000 0.425000
vt 0.375092 0.425138
vt 0.383289 0.462476
vt 0.375000 0.462500
vt 0.405005 0.387500
vt 0.393780 0.387500
vt 0.393954 0.356359
vt 0.404402 0.356299
vt 0.407070 0.425000
vt 0.392474 0.425000
vt 0.407707 0.462639
vt 0.391789 0.462438
vt 0.430550 0.387500
vt 0.419825 0.387500
vt 0.422298 0.357156
vt 0.427582 0.357188
vt 0.431758 0.425000
vt 0.417982 0.425000
vt 0.432267 0.462805
vt 0.417386 0.462313
vt 0.456096 0.387500
vt 0.444327 0.387500
vt 0.443920 0.356573
vt 0.457548 0.356656
vt 0.457058 0.425000
vt 0.443162 0.425000
vt 0.457480 0.462782
vt 0.442696 0.462196
vt 0.481117 0.387500
vt 0.469135 0.387500
vt 0.471496 0.357234
vt 0.477326 0.357269
vt 0.482361 0.425000
vt 0.467860 0.425000
vt 0.482818 0.462655
vt 0.467372 0.462224
vt 0.505315 0.387500
vt 0.493968 0.387500
vt 0.495523 0.356413
vt 0.505995 0.356513
vt 0.507102 0.425000
vt 0.492651 0.425000
vt 0.507601 0.462414
vt 0.492125 0.462321
vt 0.530636 0.387500
vt 0.519743 0.387500
vt 0.521724 0.357329
vt 0.528351 0.357265
vt 0.531646 0.425000
vt 0.517971 0.425000
vt 0.532120 0.462235
vt 0.517477 0.462517
vt 0.554920 0.387500
vt 0.544540 0.387500
vt 0.544617 0.356127
vt 0.555129 0.356022
vt 0.556687 0.425000
vt 0.543363 0.425000
vt 0.557157 0.462215
vt 0.542945 0.462759
vt 0.581385 0.387500
vt 0.570130 0.387500
vt 0.571872 0.356907
vt 0.577833 0.356954
vt 0.582065 0.425000
vt 0.568319 0.425000
vt 0.582626 0.462273
vt 0.567847 0.462789
vt 0.605969 0.387500
vt 0.594202 0.387500
vt 0.595507 0.356217
vt 0.605096 0.354592
vt 0.607671 0.425000
vt 0.592901 0.425000
vt 0.608328 0.462410
vt 0.592332 0.462709
vt 0.375000 0.475082
vt 0.383850 0.500000
vt 0.375000 0.500000
vt 0.408212 0.500000
vt 0.391250 0.500000
vt 0.432689 0.500000
vt 0.416885 0.500000
vt 0.457860 0.499880
vt 0.442282 0.500000
vt 0.483210 0.499756
vt 0.466998 0.499998
vt 0.508075 0.500000
vt 0.491668 0.500186
vt 0.532557 0.500000
vt 0.517020 0.500000
vt 0.557541 0.500000
vt 0.542546 0.500000
vt 0.583072 0.500191
vt 0.567457 0.500000
vt 0.608833 0.500000
vt 0.591898 0.499737
vt 0.375000 0.519810
vt 0.384300 0.537927
vt 0.375000 0.537500
vt 0.408709 0.537284
vt 0.390798 0.536935
vt 0.433192 0.536798
vt 0.416369 0.537532
vt 0.458323 0.536531
vt 0.441724 0.538023
vt 0.483740 0.537500
vt 0.466418 0.538367
vt 0.508609 0.537500
vt 0.491189 0.537500
vt 0.533086 0.537500
vt 0.516516 0.537500
vt 0.558080 0.537500
vt 0.541985 0.537500
vt 0.583684 0.538574
vt 0.566896 0.537500
vt 0.609370 0.538463
vt 0.591416 0.536287
vt 0.375000 0.555983
vt 0.384604 0.575000
vt 0.375000 0.575000
vt 0.409057 0.574627
vt 0.390535 0.574448
vt 0.433587 0.573818
vt 0.415998 0.575272
vt 0.458584 0.575000
vt 0.441195 0.576023
vt 0.484060 0.575000
vt 0.466317 0.575000
vt 0.508840 0.574389
vt 0.491005 0.575000
vt 0.516516 0.537500
vt 0.533086 0.537500
vt 0.533429 0.575427
vt 0.516247 0.575506
vt 0.541985 0.537500
vt 0.558080 0.537500
vt 0.558459 0.576181
vt 0.541665 0.574448
vt 0.583915 0.576524
vt 0.566598 0.573634
vt 0.609451 0.575000
vt 0.590945 0.575000
vt 0.375000 0.592799
vt 0.384323 0.612865
vt 0.375000 0.612500
vt 0.409058 0.612500
vt 0.390672 0.612141
vt 0.433752 0.611264
vt 0.415990 0.612500
vt 0.458716 0.610940
vt 0.441279 0.613583
vt 0.483839 0.611154
vt 0.466293 0.613906
vt 0.508810 0.612063
vt 0.491171 0.613743
vt 0.516247 0.575506
vt 0.533429 0.575427
vt 0.533546 0.613026
vt 0.516261 0.612903
vt 0.541665 0.574448
vt 0.558459 0.576181
vt 0.558532 0.613699
vt 0.541507 0.611900
vt 0.583814 0.613965
vt 0.566439 0.611144
vt 0.609248 0.613648
vt 0.591067 0.610849
vt 0.375000 0.628167
vt 0.384005 0.650000
vt 0.375000 0.650000
vt 0.408899 0.650000
vt 0.390990 0.650000
vt 0.433663 0.650000
vt 0.416116 0.650000
vt 0.458584 0.648826
vt 0.441361 0.650000
vt 0.483616 0.649035
vt 0.466490 0.651073
vt 0.508651 0.650000
vt 0.491424 0.650908
vt 0.533539 0.650000
vt 0.516345 0.650000
vt 0.558440 0.650000
vt 0.541435 0.650000
vt 0.583653 0.651105
vt 0.566600 0.650000
vt 0.608869 0.650825
vt 0.591265 0.648797
vt 0.375000 0.663951
vt 0.383749 0.687500
vt 0.375000 0.687500
vt 0.408721 0.687500
vt 0.391253 0.687500
vt 0.433594 0.687500
vt 0.416280 0.687500
vt 0.458473 0.687500
vt 0.441411 0.687500
vt 0.483467 0.687500
vt 0.466516 0.687500
vt 0.508549 0.687500
vt 0.491499 0.687500
vt 0.533527 0.687500
vt 0.516455 0.687500
vt 0.558496 0.687500
vt 0.541491 0.687500
vt 0.583547 0.687500
vt 0.566517 0.687500
vt 0.608674 0.687500
vt 0.591457 0.687500
vt 0.378361 0.344269
vt 0.375000 0.343434
vt 0.375000 0.314550
vt 0.378272 0.312500
vt 0.622198 0.344286
vt 0.625000 0.344321
vt 0.624955 0.347348
vt 0.621912 0.349848
vt 0.604971 0.344073
vt 0.595661 0.344017
vt 0.595811 0.312500
vt 0.604936 0.312500
vt 0.404269 0.344002
vt 0.394123 0.344028
vt 0.394490 0.312500
vt 0.404029 0.312500
vt 0.427304 0.344284
vt 0.422551 0.344276
vt 0.422601 0.312500
vt 0.427289 0.312500
vt 0.457906 0.344003
vt 0.443589 0.344079
vt 0.443464 0.312500
vt 0.457864 0.312500
vt 0.477103 0.343974
vt 0.471967 0.344010
vt 0.472036 0.312500
vt 0.477088 0.312500
vt 0.505961 0.343667
vt 0.495650 0.343642
vt 0.495787 0.312500
vt 0.505673 0.312500
vt 0.528113 0.343943
vt 0.522084 0.343947
vt 0.522117 0.312500
vt 0.528122 0.312500
vt 0.555117 0.338231
vt 0.544912 0.343654
vt 0.544778 0.312500
vt 0.555215 0.312500
vt 0.577395 0.344041
vt 0.571833 0.346128
vt 0.572169 0.312500
vt 0.577348 0.312500
vt 0.618748 0.387500
vt 0.617307 0.425000
vt 0.616626 0.462513
vt 0.616101 0.500000
vt 0.615677 0.536420
vt 0.615524 0.575000
vt 0.615641 0.611244
vt 0.616015 0.649133
vt 0.616326 0.687500
vt 0.622258 0.312500
vt 0.605111 0.356271
vt 0.621973 0.357064
vt 0.533086 0.537500
vt 0.516516 0.537500
vt 0.516247 0.575506
vt 0.533429 0.575427
vt 0.558080 0.537500
vt 0.541985 0.537500
vt 0.558459 0.576181
vt 0.541665 0.574448
vt 0.533086 0.537500
vt 0.516516 0.537500
vt 0.516247 0.575506
vt 0.533429 0.575427
vt 0.558080 0.537500
vt 0.541985 0.537500
vt 0.558459 0.576181
vt 0.541665 0.574448
vt 0.533086 0.537500
vt 0.516516 0.537500
vt 0.516247 0.575506
vt 0.533429 0.575427
vt 0.558080 0.537500
vt 0.541985 0.537500
vt 0.558459 0.576181
vt 0.541665 0.574448
vt 0.516516 0.537500
vt 0.533086 0.537500
vt 0.533086 0.537500
vt 0.516516 0.537500
vt 0.533429 0.575427
vt 0.516247 0.575506
vt 0.516247 0.575506
vt 0.533429 0.575427
vt 0.541985 0.537500
vt 0.558080 0.537500
vt 0.558080 0.537500
vt 0.541985 0.537500
vt 0.558459 0.576181
vt 0.558459 0.576181
vt 0.541665 0.574448
vt 0.541665 0.574448
vn 0.013566 0.403098 0.915056
vn -0.265996 0.379819 0.885993
vn -0.211976 0.467549 0.858175
vn -0.231642 0.571274 0.787393
vn 0.285710 0.337290 0.896998
vn -0.080735 0.365240 0.927406
vn 0.365443 0.304952 0.879463
vn 0.123281 0.379342 0.917007
vn 0.799267 0.560992 0.215546
vn 0.387287 0.580141 0.716551
vn 0.112000 0.806260 0.580862
vn 0.832834 0.551334 -0.049187
vn 0.844654 0.124717 0.520581
vn 0.649823 0.230643 0.724247
vn 0.830380 0.066320 0.553237
vn 0.697220 0.153460 0.700239
vn 0.959746 0.278890 -0.033294
vn 0.911951 0.409648 0.023116
vn 0.837071 0.519574 -0.171333
vn 0.781194 0.622743 -0.043897
vn 0.994445 -0.070880 0.077819
vn 0.958247 0.013167 0.285639
vn 0.987727 -0.121812 0.097763
vn 0.953702 -0.055606 0.295569
vn 0.626355 0.254535 -0.736811
vn 0.886467 0.387024 -0.253750
vn 0.663653 0.706803 -0.244938
vn 0.224998 0.431067 -0.873818
vn 0.877916 -0.188281 -0.440242
vn 0.975640 -0.138982 -0.169736
vn 0.874060 -0.252016 -0.415339
vn 0.959288 -0.208536 -0.190472
vn 0.585156 0.085081 -0.806445
vn 0.531385 0.050799 -0.845606
vn 0.216036 0.260529 -0.940985
vn 0.608678 0.344889 -0.714537
vn 0.475733 -0.184806 -0.859956
vn 0.681341 -0.210501 -0.701044
vn 0.389638 -0.303569 -0.869499
vn 0.637914 -0.298844 -0.709759
vn -0.330896 0.560967 -0.758830
vn 0.410891 0.265324 -0.872222
vn 0.430686 0.632514 -0.643767
vn -0.478344 0.764392 -0.432311
vn -0.356303 0.000854 -0.934370
vn 0.068781 -0.108340 -0.991732
vn -0.333339 -0.210108 -0.919097
vn -0.043842 -0.266402 -0.962864
vn -0.707915 0.493528 -0.505259
vn -0.584946 0.523281 -0.619690
vn -0.526231 0.756970 -0.387398
vn -0.433924 0.749627 -0.499769
vn -0.846531 0.137588 -0.514252
vn -0.654520 0.084019 -0.751361
vn -0.837643 -0.018212 -0.545914
vn -0.670385 -0.104479 -0.734621
vn -0.868024 0.470907 0.157423
vn -0.774659 0.561828 -0.290264
vn -0.396275 0.865035 -0.307701
vn -0.525696 0.645282 0.554306
vn -0.980302 0.196748 0.017298
vn -0.948920 0.178190 -0.260381
vn -0.981000 0.178569 -0.075843
vn -0.954565 0.090394 -0.283963
vn -0.868729 0.275352 0.411694
vn -0.889762 0.319841 0.325614
vn -0.654418 0.573865 0.492358
vn -0.806222 0.531124 0.260602
vn -0.855822 0.267546 0.442706
vn -0.946668 0.223695 0.231907
vn -0.824824 0.370228 0.427314
vn -0.934013 0.289663 0.209083
vn -0.491607 0.377554 0.784714
vn -0.751971 0.329540 0.570914
vn -0.707975 0.628584 0.321954
vn -0.172172 0.593664 0.786079
vn -0.455884 0.352053 0.817453
vn -0.648377 0.322747 0.689523
vn -0.325032 0.443910 0.835044
vn -0.554409 0.436644 0.708500
vn 0.338021 0.316586 0.886293
vn 0.137995 0.353530 0.925189
vn 0.823824 0.147420 0.547340
vn 0.697212 0.207396 0.686209
vn 0.997646 -0.030130 0.061598
vn 0.968161 0.031551 0.248332
vn 0.871936 -0.182230 -0.454445
vn 0.957758 -0.128997 -0.257020
vn 0.400519 -0.271888 -0.875021
vn 0.617395 -0.250447 -0.745721
vn -0.309221 -0.227393 -0.923404
vn -0.052640 -0.261804 -0.963684
vn -0.835444 -0.063445 -0.545901
vn -0.675210 -0.135370 -0.725098
vn -0.991630 0.127579 -0.019819
vn -0.969896 0.048814 -0.238578
vn -0.812150 0.296152 0.502699
vn -0.922595 0.235329 0.305678
vn -0.321208 0.380424 0.867239
vn -0.520657 0.367184 0.770774
vn 0.318793 0.328742 0.888988
vn 0.144127 0.346748 0.926819
vn 0.812638 0.202677 0.546390
vn 0.699169 0.248613 0.670339
vn 0.997971 0.031295 0.055454
vn 0.970365 0.089278 0.224548
vn 0.876390 -0.132641 -0.462976
vn 0.954529 -0.077507 -0.287866
vn 0.405728 -0.248643 -0.879524
vn 0.602337 -0.218302 -0.767812
vn -0.301465 -0.248532 -0.920517
vn -0.070628 -0.264653 -0.961754
vn -0.830444 -0.206578 -0.517387
vn -0.620549 -0.227516 -0.750437
vn -0.997049 0.041005 0.064899
vn -0.977052 -0.099128 -0.188528
vn -0.826188 0.209451 0.523014
vn -0.925870 0.153535 0.345242
vn -0.336206 0.329829 0.882144
vn -0.512993 0.308689 0.800968
vn 0.309389 0.312927 0.897973
vn 0.145926 0.324102 0.934700
vn 0.799938 0.203364 0.564572
vn 0.695465 0.240675 0.677056
vn 0.996704 0.044494 0.067834
vn 0.969473 0.094327 0.226327
vn 0.876896 -0.113640 -0.467055
vn 0.951683 -0.065309 -0.300058
vn 0.404381 -0.230161 -0.885157
vn 0.590115 -0.202379 -0.781542
vn -0.289235 -0.244340 -0.925549
vn -0.078537 -0.253526 -0.964135
vn 0.169228 -0.532047 -0.829631
vn -0.388750 -0.851938 -0.350819
vn 0.531740 0.731380 -0.427008
vn 0.529665 0.096586 -0.842690
vn -0.730845 -0.575843 0.366430
vn -0.623819 0.034427 0.780811
vn -0.281661 0.608943 0.741523
vn 0.167632 0.947660 0.271735
vn -0.830142 0.184121 0.526273
vn -0.923946 0.128812 0.360182
vn -0.336383 0.306690 0.890386
vn -0.501257 0.280777 0.818478
vn 0.297895 0.276387 0.913712
vn 0.134012 0.294706 0.946145
vn 0.791883 0.175559 0.584894
vn 0.683487 0.212345 0.698395
vn 0.996739 0.031697 0.074208
vn 0.968711 0.074456 0.236762
vn 0.869906 -0.112063 -0.480318
vn 0.946595 -0.072343 -0.314205
vn 0.395997 -0.207259 -0.894556
vn 0.576676 -0.180424 -0.796801
vn -0.279267 -0.204448 -0.938195
vn -0.070099 -0.207726 -0.975672
vn -0.624082 -0.162531 -0.764268
vn -0.816216 -0.061152 -0.574501
vn -0.808432 -0.106972 -0.578788
vn -0.672089 -0.144050 -0.726324
vn -0.975392 0.058943 -0.212455
vn -0.996245 0.067420 0.054317
vn -0.999085 0.031682 -0.028724
vn -0.975811 -0.020921 -0.217613
vn -0.830698 0.175183 0.528443
vn -0.924043 0.131876 0.358822
vn -0.335255 0.275089 0.901072
vn -0.502018 0.263600 0.823707
vn 0.289089 0.211709 0.933599
vn 0.120770 0.226982 0.966382
vn 0.783880 0.130319 0.607083
vn 0.663598 0.159088 0.730978
vn 0.996862 0.017530 0.077188
vn 0.966237 0.053047 0.252136
vn 0.866410 -0.089158 -0.491308
vn 0.943087 -0.057679 -0.327506
vn 0.390652 -0.149289 -0.908352
vn 0.577360 -0.128497 -0.806315
vn -0.269248 -0.131345 -0.954073
vn -0.046278 -0.141069 -0.988918
vn -0.792154 -0.054696 -0.607865
vn -0.651221 -0.084614 -0.754156
vn -0.997548 0.052894 -0.045841
vn -0.969538 0.015873 -0.244428
vn -0.822919 0.160795 0.544930
vn -0.926596 0.127491 0.353789
vn -0.327407 0.221717 0.918502
vn -0.504789 0.216339 0.835694
vn 0.277857 0.193075 0.941019
vn 0.095593 0.205007 0.974081
vn 0.776339 0.119885 0.618810
vn 0.651200 0.146194 0.744692
vn 0.996951 0.018992 0.075683
vn 0.964410 0.051451 0.259359
vn 0.855427 -0.075203 -0.512435
vn 0.939905 -0.049072 -0.337892
vn 0.365593 -0.126333 -0.922162
vn 0.556604 -0.116103 -0.822625
vn -0.279051 -0.111841 -0.953741
vn -0.067706 -0.124048 -0.989964
vn -0.788791 -0.041655 -0.613249
vn -0.652411 -0.068853 -0.754731
vn -0.996567 0.057461 -0.059607
vn -0.967198 0.023731 -0.252911
vn -0.834542 0.155091 0.528665
vn -0.931133 0.125346 0.342461
vn -0.345544 0.208412 0.914967
vn -0.524854 0.198419 0.827743
vn -0.304912 0.799229 0.517941
vn -0.091330 0.804344 0.587103
vn -0.060494 0.856231 0.513040
vn -0.261414 0.859178 0.439858
vn -0.011847 0.854042 0.520069
vn -0.539426 0.837486 0.087385
vn -0.491692 0.865691 0.093902
vn -0.086374 0.895494 0.436612
vn 0.751414 0.655882 -0.072086
vn -0.073619 0.904752 0.419528
vn 0.053204 0.936834 0.345705
vn 0.596357 0.801491 0.044388
vn 0.667143 0.743385 0.047949
vn 0.829538 0.539504 -0.144230
vn 0.774939 0.619446 -0.125527
vn 0.617364 0.783474 0.070927
vn 0.016477 0.157163 -0.987435
vn 0.589463 0.805567 -0.059957
vn 0.578787 0.809577 -0.097934
vn 0.345241 0.569816 -0.745733
vn 0.571332 0.588599 -0.571954
vn 0.219476 0.289057 -0.931813
vn 0.018324 0.116249 -0.993051
vn 0.565624 0.598759 -0.567060
vn -0.598450 0.711095 -0.369055
vn 0.509492 0.668634 -0.541614
vn 0.444794 0.704456 -0.553083
vn -0.337842 0.803342 -0.490412
vn -0.174897 0.774966 -0.607321
vn -0.611140 0.691699 -0.384787
vn -0.603158 0.703476 -0.375928
vn -0.077247 0.768923 -0.634658
vn -0.288171 0.605555 0.741796
vn -0.079982 0.859516 -0.504811
vn -0.087962 0.910500 -0.404045
vn -0.243477 0.850375 0.466456
vn -0.616108 0.786153 0.048727
vn -0.525520 0.667776 0.527167
vn -0.327888 0.534470 0.778994
vn -0.576933 0.816560 0.019444
vn -0.439034 -0.840015 -0.318784
vn -0.017226 -0.458909 -0.888316
vn -0.029799 -0.118577 -0.992498
vn -0.484585 0.473210 -0.735697
vn -0.819720 0.038936 0.571440
vn -0.752031 -0.607764 0.255093
vn -0.822118 0.349502 0.449411
vn -0.727828 0.662740 -0.176188
vn 0.147238 -0.983213 -0.107762
vn 0.341998 -0.605223 -0.718848
vn 0.300658 0.061795 -0.951728
vn 0.032731 0.732595 -0.679878
vn -0.465152 -0.094460 0.880177
vn -0.208062 -0.773432 0.598760
vn -0.499995 0.577739 0.645154
vn -0.314624 0.948932 0.023217
vn 0.140222 -0.983160 -0.117191
vn 0.375480 -0.601220 -0.705372
vn 0.408353 0.075243 -0.909718
vn 0.210173 0.771288 -0.600785
vn -0.405552 -0.108012 0.907668
vn -0.203325 -0.781751 0.589512
vn -0.375719 0.576722 0.725415
vn -0.137814 0.981480 0.133061
vn 0.305105 -0.589135 -0.748218
vn -0.004048 -0.977125 -0.212627
vn -0.236201 -0.923172 -0.303254
vn 0.210353 -0.578000 -0.788459
vn 0.328394 0.786032 -0.523747
vn 0.442975 0.085512 -0.892447
vn 0.524414 0.052738 -0.849829
vn 0.545784 0.723834 -0.422119
vn -0.357983 -0.794884 0.489906
vn -0.496170 -0.131001 0.858285
vn -0.595596 -0.105342 0.796347
vn -0.578898 -0.718927 0.384736
vn -0.368927 0.551791 0.747944
vn -0.325763 0.529613 0.783192
vn -0.040273 0.974477 0.220846
vn 0.146474 0.933426 0.327507
s 1
g Tree2
usemtl initialShadingGroup
f 947/1117/1139 948/1118/1140 1129/1119/1141 1130/1120/1142
f 948/1121/1140 947/1117/1139 950/1122/1143 949/1123/1144
f 949/1124/1144 950/1122/1143 988/1125/1145 987/1126/1146
f 951/1127/1147 952/1128/1148 1137/1129/1149 1138/1130/1150
f 952/1128/1148 951/1127/1147 954/1131/1151 953/1132/1152
f 953/1132/1152 954/1131/1151 990/1133/1153 989/1134/1154
f 955/1135/1155 956/1136/1156 1141/1137/1157 1142/1138/1158
f 956/1136/1156 955/1135/1155 958/1139/1159 957/1140/1160
f 957/1140/1160 958/1139/1159 992/1141/1161 991/1142/1162
f 959/1143/1163 960/1144/1164 1145/1145/1165 1146/1146/1166
f 960/1144/1164 959/1143/1163 962/1147/1167 961/1148/1168
f 961/1148/1168 962/1147/1167 994/1149/1169 993/1150/1170
f 963/1151/1171 964/1152/1172 1149/1153/1173 1150/1154/1174
f 964/1152/1172 963/1151/1171 966/1155/1175 965/1156/1176
f 965/1156/1176 966/1155/1175 996/1157/1177 995/1158/1178
f 967/1159/1179 968/1160/1180 1153/1161/1181 1154/1162/1182
f 968/1160/1180 967/1159/1179 970/1163/1183 969/1164/1184
f 969/1164/1184 970/1163/1183 998/1165/1185 997/1166/1186
f 971/1167/1187 972/1168/1188 1157/1169/1189 1158/1170/1190
f 972/1168/1188 971/1167/1187 974/1171/1191 973/1172/1192
f 973/1172/1192 974/1171/1191 1000/1173/1193 999/1174/1194
f 975/1175/1195 976/1176/1196 1161/1177/1197 1162/1178/1198
f 976/1176/1196 975/1175/1195 978/1179/1199 977/1180/1200
f 977/1180/1200 978/1179/1199 1002/1181/1201 1001/1182/1202
f 979/1183/1203 980/1184/1204 1165/1185/1205 1166/1186/1206
f 980/1184/1204 979/1183/1203 982/1187/1207 981/1188/1208
f 981/1188/1208 982/1187/1207 1004/1189/1209 1003/1190/1210
f 983/1191/1211 984/1192/1212 1133/1193/1213 1134/1194/1214
f 984/1192/1212 983/1191/1211 986/1195/1215 985/1196/1216
f 985/1196/1216 986/1195/1215 1006/1197/1217 1005/1198/1218
f 987/1199/1146 988/1125/1145 1008/1200/1219 1007/1201/1220
f 989/1134/1154 990/1133/1153 1010/1202/1221 1009/1203/1222
f 991/1142/1162 992/1141/1161 1012/1204/1223 1011/1205/1224
f 993/1150/1170 994/1149/1169 1014/1206/1225 1013/1207/1226
f 995/1158/1178 996/1157/1177 1016/1208/1227 1015/1209/1228
f 997/1166/1186 998/1165/1185 1018/1210/1229 1017/1211/1230
f 999/1174/1194 1000/1173/1193 1020/1212/1231 1019/1213/1232
f 1001/1182/1202 1002/1181/1201 1022/1214/1233 1021/1215/1234
f 1003/1190/1210 1004/1189/1209 1024/1216/1235 1023/1217/1236
f 1005/1198/1218 1006/1197/1217 1026/1218/1237 1025/1219/1238
f 1007/1220/1220 1008/1200/1219 1028/1221/1239 1027/1222/1240
f 1009/1203/1222 1010/1202/1221 1030/1223/1241 1029/1224/1242
f 1011/1205/1224 1012/1204/1223 1032/1225/1243 1031/1226/1244
f 1013/1207/1226 1014/1206/1225 1034/1227/1245 1033/1228/1246
f 1015/1209/1228 1016/1208/1227 1036/1229/1247 1035/1230/1248
f 1017/1211/1230 1018/1210/1229 1038/1231/1249 1037/1232/1250
f 1019/1213/1232 1020/1212/1231 1040/1233/1251 1039/1234/1252
f 1021/1215/1234 1022/1214/1233 1042/1235/1253 1041/1236/1254
f 1023/1217/1236 1024/1216/1235 1044/1237/1255 1043/1238/1256
f 1025/1219/1238 1026/1218/1237 1046/1239/1257 1045/1240/1258
f 1027/1241/1240 1028/1221/1239 1048/1242/1259 1047/1243/1260
f 1029/1224/1242 1030/1223/1241 1050/1244/1261 1049/1245/1262
f 1031/1226/1244 1032/1225/1243 1052/1246/1263 1051/1247/1264
f 1033/1228/1246 1034/1227/1245 1054/1248/1265 1053/1249/1266
f 1035/1230/1248 1036/1229/1247 1056/1250/1267 1055/1251/1268
f 1037/1232/1250 1038/1231/1249 1058/1252/1269 1057/1253/1270
f 1212/1254/1271 1211/1255/1272 1213/1256/1273 1214/1257/1274
f 1216/1258/1275 1215/1259/1276 1217/1260/1277 1218/1261/1278
f 1043/1238/1256 1044/1237/1255 1064/1262/1279 1063/1263/1280
f 1045/1240/1258 1046/1239/1257 1066/1264/1281 1065/1265/1282
f 1047/1266/1260 1048/1242/1259 1068/1267/1283 1067/1268/1284
f 1049/1245/1262 1050/1244/1261 1070/1269/1285 1069/1270/1286
f 1051/1247/1264 1052/1246/1263 1072/1271/1287 1071/1272/1288
f 1053/1249/1266 1054/1248/1265 1074/1273/1289 1073/1274/1290
f 1055/1251/1268 1056/1250/1267 1076/1275/1291 1075/1276/1292
f 1057/1253/1270 1058/1252/1269 1078/1277/1293 1077/1278/1294
f 1059/1279/1295 1060/1280/1296 1080/1281/1297 1079/1282/1298
f 1061/1283/1299 1062/1284/1300 1082/1285/1301 1081/1286/1302
f 1063/1263/1280 1064/1262/1279 1084/1287/1303 1083/1288/1304
f 1065/1265/1282 1066/1264/1281 1086/1289/1305 1085/1290/1306
f 1067/1291/1284 1068/1267/1283 1088/1292/1307 1087/1293/1308
f 1069/1270/1286 1070/1269/1285 1090/1294/1309 1089/1295/1310
f 1071/1272/1288 1072/1271/1287 1092/1296/1311 1091/1297/1312
f 1073/1274/1290 1074/1273/1289 1094/1298/1313 1093/1299/1314
f 1075/1276/1292 1076/1275/1291 1096/1300/1315 1095/1301/1316
f 1077/1278/1294 1078/1277/1293 1098/1302/1317 1097/1303/1318
f 1079/1282/1298 1080/1281/1297 1100/1304/1319 1099/1305/1320
f 1081/1286/1302 1082/1285/1301 1102/1306/1321 1101/1307/1322
f 1083/1288/1304 1084/1287/1303 1104/1308/1323 1103/1309/1324
f 1085/1290/1306 1086/1289/1305 1106/1310/1325 1105/1311/1326
f 1087/1312/1308 1088/1292/1307 1108/1313/1327 1107/1314/1328
f 1089/1295/1310 1090/1294/1309 1110/1315/1329 1109/1316/1330
f 1091/1297/1312 1092/1296/1311 1112/1317/1331 1111/1318/1332
f 1093/1299/1314 1094/1298/1313 1114/1319/1333 1113/1320/1334
f 1095/1301/1316 1096/1300/1315 1116/1321/1335 1115/1322/1336
f 1097/1303/1318 1098/1302/1317 1118/1323/1337 1117/1324/1338
f 1099/1305/1320 1100/1304/1319 1120/1325/1339 1119/1326/1340
f 1101/1307/1322 1102/1306/1321 1122/1327/1341 1121/1328/1342
f 1103/1309/1324 1104/1308/1323 1124/1329/1343 1123/1330/1344
f 1105/1311/1326 1106/1310/1325 1126/1331/1345 1125/1332/1346
f 1127/1333/1347 1128/1334/1348 1170/1335/1349 1169/1336/1350
f 1128/1337/1348 1127/1338/1347 1130/1339/1142 1129/1340/1141
f 1131/1341/1351 1132/1342/1352 1186/1343/1353 1185/1344/1354
f 1132/1342/1352 1131/1341/1351 1134/1194/1214 1133/1193/1213
f 1135/1345/1355 1136/1346/1356 1168/1347/1357 1167/1348/1358
f 1136/1346/1356 1135/1345/1355 1138/1130/1150 1137/1129/1149
f 1139/1349/1359 1140/1350/1360 1172/1351/1361 1171/1352/1362
f 1140/1350/1360 1139/1349/1359 1142/1138/1158 1141/1137/1157
f 1143/1353/1363 1144/1354/1364 1174/1355/1365 1173/1356/1366
f 1144/1354/1364 1143/1353/1363 1146/1146/1166 1145/1145/1165
f 1147/1357/1367 1148/1358/1368 1176/1359/1369 1175/1360/1370
f 1148/1358/1368 1147/1357/1367 1150/1154/1174 1149/1153/1173
f 1151/1361/1371 1152/1362/1372 1178/1363/1373 1177/1364/1374
f 1152/1362/1372 1151/1361/1371 1154/1162/1182 1153/1161/1181
f 1155/1365/1375 1156/1366/1376 1180/1367/1377 1179/1368/1378
f 1156/1366/1376 1155/1365/1375 1158/1170/1190 1157/1169/1189
f 1159/1369/1379 1160/1370/1380 1182/1371/1381 1181/1372/1382
f 1160/1370/1380 1159/1369/1379 1162/1178/1198 1161/1177/1197
f 1163/1373/1383 1164/1374/1384 1184/1375/1385 1183/1376/1386
f 1164/1374/1384 1163/1373/1383 1166/1186/1206 1165/1185/1205
f 947/1117/1139 952/1128/1148 953/1132/1152 950/1122/1143
f 951/1127/1147 956/1136/1156 957/1140/1160 954/1131/1151
f 955/1135/1155 960/1144/1164 961/1148/1168 958/1139/1159
f 959/1143/1163 964/1152/1172 965/1156/1176 962/1147/1167
f 963/1151/1171 968/1160/1180 969/1164/1184 966/1155/1175
f 967/1159/1179 972/1168/1188 973/1172/1192 970/1163/1183
f 971/1167/1187 976/1176/1196 977/1180/1200 974/1171/1191
f 975/1175/1195 980/1184/1204 981/1188/1208 978/1179/1199
f 979/1183/1203 984/1192/1212 985/1196/1216 982/1187/1207
f 983/1191/1211 948/1377/1140 949/1378/1144 986/1195/1215
f 950/1122/1143 953/1132/1152 989/1134/1154 988/1125/1145
f 954/1131/1151 957/1140/1160 991/1142/1162 990/1133/1153
f 958/1139/1159 961/1148/1168 993/1150/1170 992/1141/1161
f 962/1147/1167 965/1156/1176 995/1158/1178 994/1149/1169
f 966/1155/1175 969/1164/1184 997/1166/1186 996/1157/1177
f 970/1163/1183 973/1172/1192 999/1174/1194 998/1165/1185
f 974/1171/1191 977/1180/1200 1001/1182/1202 1000/1173/1193
f 978/1179/1199 981/1188/1208 1003/1190/1210 1002/1181/1201
f 982/1187/1207 985/1196/1216 1005/1198/1218 1004/1189/1209
f 986/1195/1215 949/1378/1144 987/1379/1146 1006/1197/1217
f 988/1125/1145 989/1134/1154 1009/1203/1222 1008/1200/1219
f 990/1133/1153 991/1142/1162 1011/1205/1224 1010/1202/1221
f 992/1141/1161 993/1150/1170 1013/1207/1226 1012/1204/1223
f 994/1149/1169 995/1158/1178 1015/1209/1228 1014/1206/1225
f 996/1157/1177 997/1166/1186 1017/1211/1230 1016/1208/1227
f 998/1165/1185 999/1174/1194 1019/1213/1232 1018/1210/1229
f 1000/1173/1193 1001/1182/1202 1021/1215/1234 1020/1212/1231
f 1002/1181/1201 1003/1190/1210 1023/1217/1236 1022/1214/1233
f 1004/1189/1209 1005/1198/1218 1025/1219/1238 1024/1216/1235
f 1006/1197/1217 987/1379/1146 1007/1380/1220 1026/1218/1237
f 1008/1200/1219 1009/1203/1222 1029/1224/1242 1028/1221/1239
f 1010/1202/1221 1011/1205/1224 1031/1226/1244 1030/1223/1241
f 1012/1204/1223 1013/1207/1226 1033/1228/1246 1032/1225/1243
f 1014/1206/1225 1015/1209/1228 1035/1230/1248 1034/1227/1245
f 1016/1208/1227 1017/1211/1230 1037/1232/1250 1036/1229/1247
f 1018/1210/1229 1019/1213/1232 1039/1234/1252 1038/1231/1249
f 1020/1212/1231 1021/1215/1234 1041/1236/1254 1040/1233/1251
f 1022/1214/1233 1023/1217/1236 1043/1238/1256 1042/1235/1253
f 1024/1216/1235 1025/1219/1238 1045/1240/1258 1044/1237/1255
f 1026/1218/1237 1007/1380/1220 1027/1381/1240 1046/1239/1257
f 1028/1221/1239 1029/1224/1242 1049/1245/1262 1048/1242/1259
f 1030/1223/1241 1031/1226/1244 1051/1247/1264 1050/1244/1261
f 1032/1225/1243 1033/1228/1246 1053/1249/1266 1052/1246/1263
f 1034/1227/1245 1035/1230/1248 1055/1251/1268 1054/1248/1265
f 1036/1229/1247 1037/1232/1250 1057/1253/1270 1056/1250/1267
f 1038/1231/1249 1039/1234/1252 1059/1279/1295 1058/1252/1269
f 1211/1255/1272 1216/1258/1275 1218/1261/1278 1213/1256/1273
f 1042/1235/1253 1043/1238/1256 1063/1263/1280 1062/1284/1300
f 1044/1237/1255 1045/1240/1258 1065/1265/1282 1064/1262/1279
f 1046/1239/1257 1027/1381/1240 1047/1382/1260 1066/1264/1281
f 1048/1242/1259 1049/1245/1262 1069/1270/1286 1068/1267/1283
f 1050/1244/1261 1051/1247/1264 1071/1272/1288 1070/1269/1285
f 1052/1246/1263 1053/1249/1266 1073/1274/1290 1072/1271/1287
f 1054/1248/1265 1055/1251/1268 1075/1276/1292 1074/1273/1289
f 1056/1250/1267 1057/1253/1270 1077/1278/1294 1076/1275/1291
f 1058/1252/1269 1059/1279/1295 1079/1282/1298 1078/1277/1293
f 1060/1280/1296 1061/1283/1299 1081/1286/1302 1080/1281/1297
f 1062/1284/1300 1063/1263/1280 1083/1288/1304 1082/1285/1301
f 1064/1262/1279 1065/1265/1282 1085/1290/1306 1084/1287/1303
f 1066/1264/1281 1047/1382/1260 1067/1383/1284 1086/1289/1305
f 1068/1267/1283 1069/1270/1286 1089/1295/1310 1088/1292/1307
f 1070/1269/1285 1071/1272/1288 1091/1297/1312 1090/1294/1309
f 1072/1271/1287 1073/1274/1290 1093/1299/1314 1092/1296/1311
f 1074/1273/1289 1075/1276/1292 1095/1301/1316 1094/1298/1313
f 1076/1275/1291 1077/1278/1294 1097/1303/1318 1096/1300/1315
f 1078/1277/1293 1079/1282/1298 1099/1305/1320 1098/1302/1317
f 1080/1281/1297 1081/1286/1302 1101/1307/1322 1100/1304/1319
f 1082/1285/1301 1083/1288/1304 1103/1309/1324 1102/1306/1321
f 1084/1287/1303 1085/1290/1306 1105/1311/1326 1104/1308/1323
f 1086/1289/1305 1067/1383/1284 1087/1384/1308 1106/1310/1325
f 1088/1292/1307 1089/1295/1310 1109/1316/1330 1108/1313/1327
f 1090/1294/1309 1091/1297/1312 1111/1318/1332 1110/1315/1329
f 1092/1296/1311 1093/1299/1314 1113/1320/1334 1112/1317/1331
f 1094/1298/1313 1095/1301/1316 1115/1322/1336 1114/1319/1333
f 1096/1300/1315 1097/1303/1318 1117/1324/1338 1116/1321/1335
f 1098/1302/1317 1099/1305/1320 1119/1326/1340 1118/1323/1337
f 1100/1304/1319 1101/1307/1322 1121/1328/1342 1120/1325/1339
f 1102/1306/1321 1103/1309/1324 1123/1330/1344 1122/1327/1341
f 1104/1308/1323 1105/1311/1326 1125/1332/1346 1124/1329/1343
f 1106/1310/1325 1087/1384/1308 1107/1385/1328 1126/1331/1345
f 1128/1337/1348 1129/1340/1141 1134/1194/1214 1131/1341/1351
f 1130/1120/1142 1127/1333/1347 1136/1346/1356 1137/1129/1149
f 1138/1130/1150 1135/1345/1355 1140/1350/1360 1141/1137/1157
f 1142/1138/1158 1139/1349/1359 1144/1354/1364 1145/1145/1165
f 1146/1146/1166 1143/1353/1363 1148/1358/1368 1149/1153/1173
f 1150/1154/1174 1147/1357/1367 1152/1362/1372 1153/1161/1181
f 1154/1162/1182 1151/1361/1371 1156/1366/1376 1157/1169/1189
f 1158/1170/1190 1155/1365/1375 1160/1370/1380 1161/1177/1197
f 1162/1178/1198 1159/1369/1379 1164/1374/1384 1165/1185/1205
f 1166/1186/1206 1163/1373/1383 1132/1342/1352 1133/1193/1213
f 1127/1333/1347 1169/1336/1350 1168/1347/1357 1136/1346/1356
f 1135/1345/1355 1167/1348/1358 1172/1351/1361 1140/1350/1360
f 1139/1349/1359 1171/1352/1362 1174/1355/1365 1144/1354/1364
f 1143/1353/1363 1173/1356/1366 1176/1359/1369 1148/1358/1368
f 1147/1357/1367 1175/1360/1370 1178/1363/1373 1152/1362/1372
f 1151/1361/1371 1177/1364/1374 1180/1367/1377 1156/1366/1376
f 1155/1365/1375 1179/1368/1378 1182/1371/1381 1160/1370/1380
f 1159/1369/1379 1181/1372/1382 1184/1375/1385 1164/1374/1384
f 1163/1373/1383 1183/1376/1386 1186/1343/1353 1132/1342/1352
f 1131/1341/1351 1185/1344/1354 1170/1386/1349 1128/1337/1348
f 1130/1120/1142 1137/1129/1149 952/1128/1148 947/1117/1139
f 1138/1130/1150 1141/1137/1157 956/1136/1156 951/1127/1147
f 1142/1138/1158 1145/1145/1165 960/1144/1164 955/1135/1155
f 1146/1146/1166 1149/1153/1173 964/1152/1172 959/1143/1163
f 1150/1154/1174 1153/1161/1181 968/1160/1180 963/1151/1171
f 1154/1162/1182 1157/1169/1189 972/1168/1188 967/1159/1179
f 1158/1170/1190 1161/1177/1197 976/1176/1196 971/1167/1187
f 1162/1178/1198 1165/1185/1205 980/1184/1204 975/1175/1195
f 1166/1186/1206 1133/1193/1213 984/1192/1212 979/1183/1203
f 1134/1387/1214 1129/1388/1141 948/1377/1140 983/1191/1211
f 1039/1234/1252 1040/1233/1251 1187/1389/1387 1188/1390/1388
f 1060/1280/1296 1059/1279/1295 1190/1391/1389 1189/1392/1390
f 1059/1279/1295 1039/1234/1252 1188/1390/1388 1190/1391/1389
f 1041/1236/1254 1042/1235/1253 1191/1393/1391 1192/1394/1392
f 1042/1235/1253 1062/1284/1300 1193/1395/1393 1191/1393/1391
f 1062/1284/1300 1061/1283/1299 1194/1396/1394 1193/1395/1393
f 1040/1233/1251 1041/1236/1254 1192/1394/1392 1187/1389/1387
f 1061/1283/1299 1060/1280/1296 1189/1392/1390 1194/1396/1394
f 1188/1390/1388 1187/1389/1387 1195/1397/1395 1196/1398/1396
f 1189/1392/1390 1190/1391/1389 1198/1399/1397 1197/1400/1398
f 1190/1391/1389 1188/1390/1388 1196/1398/1396 1198/1399/1397
f 1192/1394/1392 1191/1393/1391 1199/1401/1399 1200/1402/1400
f 1191/1393/1391 1193/1395/1393 1201/1403/1401 1199/1401/1399
f 1193/1395/1393 1194/1396/1394 1202/1404/1402 1201/1403/1401
f 1187/1389/1387 1192/1394/1392 1200/1402/1400 1195/1397/1395
f 1194/1396/1394 1189/1392/1390 1197/1400/1398 1202/1404/1402
f 1196/1398/1396 1195/1397/1395 1219/1405/1403 1220/1406/1404
f 1197/1400/1398 1198/1399/1397 1221/1407/1405 1222/1408/1406
f 1198/1399/1397 1196/1398/1396 1220/1406/1404 1221/1407/1405
f 1200/1402/1400 1199/1401/1399 1225/1409/1407 1226/1410/1408
f 1199/1401/1399 1201/1403/1401 1224/1411/1409 1225/1409/1407
f 1201/1403/1401 1202/1404/1402 1223/1412/1410 1224/1411/1409
f 1195/1397/1395 1200/1402/1400 1226/1410/1408 1219/1405/1403
f 1202/1404/1402 1197/1400/1398 1222/1408/1406 1223/1412/1410
f 1204/1413/1411 1203/1414/1412 1227/1415/1413 1228/1416/1414
f 1205/1417/1415 1206/1418/1416 1229/1419/1417 1230/1420/1418
f 1206/1418/1416 1204/1413/1411 1228/1416/1414 1229/1419/1417
f 1208/1421/1419 1207/1422/1420 1233/1423/1421 1234/1424/1422
f 1207/1422/1420 1209/1425/1423 1232/1426/1424 1233/1423/1421
f 1209/1425/1423 1210/1427/1425 1231/1428/1426 1232/1426/1424
f 1203/1414/1412 1208/1421/1419 1234/1424/1422 1227/1415/1413
f 1210/1427/1425 1205/1417/1415 1230/1420/1418 1231/1428/1426
f 1220/1406/1404 1219/1405/1403 1203/1414/1412 1204/1413/1411
f 1221/1407/1405 1220/1406/1404 1204/1413/1411 1206/1418/1416
f 1222/1408/1406 1221/1407/1405 1206/1418/1416 1205/1417/1415
f 1223/1412/1410 1222/1408/1406 1205/1417/1415 1210/1427/1425
f 1224/1411/1409 1223/1412/1410 1210/1427/1425 1209/1425/1423
f 1225/1409/1407 1224/1411/1409 1209/1425/1423 1207/1422/1420
f 1226/1410/1408 1225/1409/1407 1207/1422/1420 1208/1421/1419
f 1219/1405/1403 1226/1410/1408 1208/1421/1419 1203/1414/1412
f 1228/1416/1414 1227/1415/1413 1211/1255/1272 1212/1254/1271
f 1229/1419/1417 1228/1416/1414 1212/1254/1271 1214/1257/1274
f 1230/1420/1418 1229/1419/1417 1214/1257/1274 1213/1256/1273
f 1231/1428/1426 1230/1420/1418 1213/1256/1273 1218/1261/1278
f 1232/1426/1424 1231/1428/1426 1218/1261/1278 1217/1260/1277
f 1233/1423/1421 1232/1426/1424 1217/1260/1277 1215/1259/1276
f 1234/1424/1422 1233/1423/1421 1215/1259/1276 1216/1258/1275
f 1227/1415/1413 1234/1424/1422 1216/1258/1275 1211/1255/1272
g default
v 1.769920 1.325511 5.256474
v 1.765135 1.362657 5.106585
v 1.781680 1.603039 5.076977
v 1.784213 1.418409 5.197237
v 1.750806 1.476690 5.281956
vt 0.000215 0.500025
vt 0.333430 0.000061
vt 0.999785 0.500025
vt 0.333422 0.500000
vt 0.333430 0.999936
vn 0.989333 -0.071162 0.127109
vn 0.983894 -0.117164 -0.135003
vn 0.997013 0.006997 0.076914
vn 0.997596 0.046909 0.051009
vn 0.950561 0.148102 0.272948
s 1
g Leaf_01
usemtl initialShadingGroup
f 1235/1429/1427 1236/1430/1428 1238/1432/1429
f 1236/1430/1428 1237/1431/1430 1238/1432/1429
f 1235/1429/1427 1238/1432/1429 1239/1433/1431
f 1238/1432/1429 1237/1431/1430 1239/1433/1431
g default
v 4.831732 -0.507392 0.829520
v 4.827626 -0.460583 0.821402
v 4.851852 -0.427449 0.821256
v 4.900077 -0.426904 0.829773
v 4.937770 -0.459267 0.842182
v 4.942049 -0.506075 0.850289
v 4.910407 -0.539384 0.835874
v 4.862200 -0.539929 0.827219
v 4.790124 -0.531762 0.815089
v 4.781567 -0.439020 0.815084
v 4.821667 -0.372639 0.819566
v 4.919426 -0.371548 0.836875
v 4.994812 -0.436388 0.865561
v 5.003369 -0.529130 0.856877
v 4.940085 -0.593811 0.814345
v 4.842417 -0.594901 0.797036
v 4.803411 -0.410640 0.600118
v 4.794853 -0.307246 0.642957
v 4.858137 -0.235640 0.685489
v 4.956191 -0.234549 0.702798
v 5.031577 -0.304614 0.684746
v 5.040134 -0.408007 0.641906
v 4.976850 -0.480843 0.599375
v 4.878796 -0.481934 0.582066
v 4.840175 -0.304207 0.385148
v 4.831618 -0.200813 0.427987
v 4.894902 -0.129207 0.470518
v 4.992956 -0.128116 0.487828
v 5.068342 -0.198181 0.469775
v 5.076899 -0.301575 0.426936
v 5.013615 -0.374410 0.384404
v 4.915561 -0.375501 0.367095
v 4.880540 -0.204681 0.176540
v 4.872096 -0.109944 0.215804
v 4.933604 -0.047376 0.255139
v 5.029721 -0.052250 0.272857
v 5.105106 -0.117090 0.254805
v 5.113663 -0.209831 0.211965
v 5.050380 -0.274512 0.169434
v 4.954204 -0.271857 0.156129
v 4.914803 -0.111216 -0.027901
v 4.904049 -0.012637 -0.018847
v 4.967556 0.062088 0.002060
v 5.067206 0.060235 0.035999
v 5.142412 -0.010407 0.034362
v 5.150982 -0.101589 -0.004724
v 5.088436 -0.166975 -0.039604
v 4.991261 -0.173494 -0.039541
v 4.971747 -0.080568 -0.023823
v 4.966595 -0.031458 -0.017459
v 4.998196 0.005568 -0.007267
v 5.047918 0.006080 0.005935
v 5.085856 -0.029117 0.007009
v 5.090261 -0.076227 -0.008487
v 5.058993 -0.109814 -0.023961
v 5.010115 -0.112331 -0.027406
v 4.880729 -0.483727 0.843061
v 5.028812 -0.052753 -0.012855
vt 0.555243 0.101007
vt 0.500000 0.078125
vt 0.444757 0.101007
vt 0.421875 0.156250
vt 0.444757 0.211493
vt 0.500000 0.234375
vt 0.555243 0.211493
vt 0.578125 0.156250
vt 0.610485 0.045765
vt 0.500000 0.000000
vt 0.389515 0.045765
vt 0.343750 0.156250
vt 0.389515 0.266735
vt 0.500000 0.312500
vt 0.610485 0.266735
vt 0.656250 0.156250
vt 0.375000 0.312500
vt 0.406250 0.312500
vt 0.437500 0.312500
vt 0.468750 0.312500
vt 0.500000 0.312500
vt 0.531250 0.312500
vt 0.562500 0.312500
vt 0.593750 0.312500
vt 0.625000 0.312500
vt 0.375000 0.406250
vt 0.406250 0.406250
vt 0.437500 0.406250
vt 0.468750 0.406250
vt 0.500000 0.406250
vt 0.531250 0.406250
vt 0.562500 0.406250
vt 0.593750 0.406250
vt 0.625000 0.406250
vt 0.375000 0.500000
vt 0.406250 0.500000
vt 0.437500 0.500000
vt 0.468750 0.500000
vt 0.500000 0.500000
vt 0.531250 0.500000
vt 0.562500 0.500000
vt 0.593750 0.500000
vt 0.625000 0.500000
vt 0.375000 0.593750
vt 0.406250 0.593750
vt 0.437500 0.593750
vt 0.468750 0.593750
vt 0.500000 0.593750
vt 0.531250 0.593750
vt 0.562500 0.593750
vt 0.593750 0.593750
vt 0.625000 0.593750
vt 0.375000 0.687500
vt 0.406250 0.687500
vt 0.437500 0.687500
vt 0.468750 0.687500
vt 0.500000 0.687500
vt 0.531250 0.687500
vt 0.562500 0.687500
vt 0.593750 0.687500
vt 0.625000 0.687500
vt 0.610485 0.733265
vt 0.500000 0.687500
vt 0.389515 0.733265
vt 0.343750 0.843750
vt 0.389515 0.954235
vt 0.500000 1.000000
vt 0.610485 0.954235
vt 0.656250 0.843750
vt 0.555243 0.788507
vt 0.500000 0.765625
vt 0.444757 0.788507
vt 0.421875 0.843750
vt 0.444757 0.898993
vt 0.500000 0.921875
vt 0.555243 0.898993
vt 0.578125 0.843750
vt 0.500000 0.156250
vt 0.500000 0.843750
vn -0.224207 -0.139560 0.964497
vn -0.195363 0.056910 0.979078
vn -0.149457 0.023516 0.988488
vn -0.214158 -0.199731 0.956161
vn -0.153527 0.015801 0.988018
vn -0.137848 -0.031235 0.989961
vn -0.245595 0.014496 0.969264
vn -0.269538 -0.040560 0.962135
vn -0.268734 0.017605 0.963054
vn -0.295608 -0.022565 0.955043
vn -0.196744 -0.178045 0.964153
vn -0.207616 -0.207186 0.956018
vn -0.163718 -0.374382 0.912707
vn -0.159418 -0.402708 0.901339
vn -0.170969 -0.373913 0.911569
vn -0.169534 -0.405919 0.898047
vn -0.992050 -0.062743 -0.109089
vn -0.992050 -0.062743 -0.109089
vn -0.988502 -0.030657 -0.148070
vn -0.989099 -0.034780 -0.143087
vn -0.808745 0.500907 0.308260
vn -0.808745 0.500907 0.308260
vn -0.796060 0.566598 0.212734
vn -0.798243 0.558787 0.224866
vn -0.130086 0.711044 0.691010
vn -0.130086 0.711044 0.691010
vn -0.106431 0.828188 0.550253
vn -0.107474 0.823930 0.556406
vn 0.493611 0.601202 0.628414
vn 0.493611 0.601202 0.628414
vn 0.593197 0.613403 0.521396
vn 0.604892 0.614007 0.507051
vn 0.978767 0.032224 0.202429
vn 0.978767 0.032224 0.202429
vn 0.982060 0.020648 0.187435
vn 0.982485 0.019056 0.185367
vn 0.778444 -0.597558 -0.192222
vn 0.778444 -0.597558 -0.192222
vn 0.783863 -0.595498 -0.175899
vn 0.784218 -0.595354 -0.174804
vn 0.089717 -0.887850 -0.451302
vn 0.089717 -0.887850 -0.451302
vn 0.087843 -0.893277 -0.440840
vn 0.087843 -0.893275 -0.440843
vn -0.716657 -0.574415 -0.395538
vn -0.716657 -0.574415 -0.395538
vn -0.693994 -0.593576 -0.407480
vn -0.695829 -0.592069 -0.406542
vn -0.983289 -0.007469 -0.181897
vn -0.983364 -0.007576 -0.181488
vn -0.774284 0.617150 0.140036
vn -0.774396 0.616961 0.140251
vn -0.064906 0.920403 0.385546
vn -0.064942 0.920368 0.385624
vn 0.670249 0.633306 0.386898
vn 0.670252 0.633097 0.387233
vn 0.984875 0.010102 0.172972
vn 0.984876 0.010110 0.172967
vn 0.780646 -0.606225 -0.151933
vn 0.780395 -0.606595 -0.151741
vn 0.072811 -0.901716 -0.426154
vn 0.072767 -0.901726 -0.426140
vn -0.674295 -0.608144 -0.418912
vn -0.674331 -0.608158 -0.418835
vn -0.982897 -0.029145 -0.181838
vn -0.982881 -0.028773 -0.181980
vn -0.763059 0.631070 0.139615
vn -0.763107 0.630795 0.140591
vn -0.059751 0.926240 0.372169
vn -0.060558 0.925532 0.373795
vn 0.653051 0.651381 0.386300
vn 0.653659 0.651478 0.385107
vn 0.984713 0.012158 0.173763
vn 0.984720 0.012105 0.173727
vn 0.765117 -0.622834 -0.163319
vn 0.765168 -0.622813 -0.163163
vn 0.054064 -0.899636 -0.433280
vn 0.053887 -0.899458 -0.433673
vn -0.658723 -0.623326 -0.421366
vn -0.658457 -0.623605 -0.421369
vn -0.983566 -0.054662 -0.172075
vn -0.983566 -0.054662 -0.172075
vn -0.763951 0.624707 0.161615
vn -0.763951 0.624707 0.161615
vn -0.074839 0.912393 0.402415
vn -0.074839 0.912393 0.402415
vn 0.637858 0.648652 0.415196
vn 0.637858 0.648652 0.415196
vn 0.984498 0.013795 0.174850
vn 0.984498 0.013795 0.174850
vn 0.758713 -0.625308 -0.182608
vn 0.758713 -0.625308 -0.182608
vn 0.048391 -0.893839 -0.445770
vn 0.048391 -0.893839 -0.445770
vn -0.642152 -0.640324 -0.421458
vn -0.642152 -0.640324 -0.421458
vn 0.020931 0.137997 -0.990212
vn 0.057833 0.155236 -0.986183
vn 0.069061 0.154878 -0.985517
vn 0.034760 0.144111 -0.988951
vn 0.184157 0.277139 -0.943017
vn 0.187071 0.264560 -0.946051
vn 0.305873 0.350055 -0.885383
vn 0.294945 0.329282 -0.896984
vn 0.290876 0.364583 -0.884574
vn 0.280218 0.349484 -0.894057
vn 0.211800 0.346254 -0.913920
vn 0.208533 0.339713 -0.917120
vn 0.088224 0.274314 -0.957585
vn 0.092810 0.270049 -0.958363
vn 0.007735 0.199266 -0.979915
vn 0.018286 0.201402 -0.979338
vn -0.182086 0.051563 0.981930
vn 0.156665 0.222537 -0.962255
s 1
g Fire_Log_02
usemtl initialShadingGroup
f 1240/1434/1432 1241/1435/1433 1249/1443/1434 1248/1442/1435
f 1241/1435/1433 1242/1436/1436 1250/1444/1437 1249/1443/1434
f 1242/1436/1436 1243/1437/1438 1251/1445/1439 1250/1444/1437
f 1243/1437/1438 1244/1438/1440 1252/1446/1441 1251/1445/1439
f 1244/1438/1440 1245/1439/1442 1253/1447/1443 1252/1446/1441
f 1245/1439/1442 1246/1440/1444 1254/1448/1445 1253/1447/1443
f 1246/1440/1444 1247/1441/1446 1255/1449/1447 1254/1448/1445
f 1247/1441/1446 1240/1434/1432 1248/1442/1435 1255/1449/1447
s 2
f 1248/1450/1448 1249/1451/1449 1257/1460/1450 1256/1459/1451
s 3
f 1249/1451/1452 1250/1452/1453 1258/1461/1454 1257/1460/1455
s 4
f 1250/1452/1456 1251/1453/1457 1259/1462/1458 1258/1461/1459
s 5
f 1251/1453/1460 1252/1454/1461 1260/1463/1462 1259/1462/1463
s 6
f 1252/1454/1464 1253/1455/1465 1261/1464/1466 1260/1463/1467
s 7
f 1253/1455/1468 1254/1456/1469 1262/1465/1470 1261/1464/1471
s 8
f 1254/1456/1472 1255/1457/1473 1263/1466/1474 1262/1465/1475
s 9
f 1255/1457/1476 1248/1458/1477 1256/1467/1478 1263/1466/1479
s 2
f 1256/1459/1451 1257/1460/1450 1265/1469/1480 1264/1468/1481
s 3
f 1257/1460/1455 1258/1461/1454 1266/1470/1482 1265/1469/1483
s 4
f 1258/1461/1459 1259/1462/1458 1267/1471/1484 1266/1470/1485
s 5
f 1259/1462/1463 1260/1463/1462 1268/1472/1486 1267/1471/1487
s 6
f 1260/1463/1467 1261/1464/1466 1269/1473/1488 1268/1472/1489
s 7
f 1261/1464/1471 1262/1465/1470 1270/1474/1490 1269/1473/1491
s 8
f 1262/1465/1475 1263/1466/1474 1271/1475/1492 1270/1474/1493
s 9
f 1263/1466/1479 1256/1467/1478 1264/1476/1494 1271/1475/1495
s 2
f 1264/1468/1481 1265/1469/1480 1273/1478/1496 1272/1477/1497
s 3
f 1265/1469/1483 1266/1470/1482 1274/1479/1498 1273/1478/1499
s 4
f 1266/1470/1485 1267/1471/1484 1275/1480/1500 1274/1479/1501
s 5
f 1267/1471/1487 1268/1472/1486 1276/1481/1502 1275/1480/1503
s 6
f 1268/1472/1489 1269/1473/1488 1277/1482/1504 1276/1481/1505
s 7
f 1269/1473/1491 1270/1474/1490 1278/1483/1506 1277/1482/1507
s 8
f 1270/1474/1493 1271/1475/1492 1279/1484/1508 1278/1483/1509
s 9
f 1271/1475/1495 1264/1476/1494 1272/1485/1510 1279/1484/1511
s 2
f 1272/1477/1497 1273/1478/1496 1281/1487/1512 1280/1486/1513
s 3
f 1273/1478/1499 1274/1479/1498 1282/1488/1514 1281/1487/1515
s 4
f 1274/1479/1501 1275/1480/1500 1283/1489/1516 1282/1488/1517
s 5
f 1275/1480/1503 1276/1481/1502 1284/1490/1518 1283/1489/1519
s 6
f 1276/1481/1505 1277/1482/1504 1285/1491/1520 1284/1490/1521
s 7
f 1277/1482/1507 1278/1483/1506 1286/1492/1522 1285/1491/1523
s 8
f 1278/1483/1509 1279/1484/1508 1287/1493/1524 1286/1492/1525
s 9
f 1279/1484/1511 1272/1485/1510 1280/1494/1526 1287/1493/1527
s 10
f 1280/1501/1528 1281/1500/1529 1289/1508/1530 1288/1509/1531
f 1281/1500/1529 1282/1499/1532 1290/1507/1533 1289/1508/1530
f 1282/1499/1532 1283/1498/1534 1291/1506/1535 1290/1507/1533
f 1283/1498/1534 1284/1497/1536 1292/1505/1537 1291/1506/1535
f 1284/1497/1536 1285/1496/1538 1293/1504/1539 1292/1505/1537
f 1285/1496/1538 1286/1495/1540 1294/1503/1541 1293/1504/1539
f 1286/1495/1540 1287/1502/1542 1295/1510/1543 1294/1503/1541
f 1287/1502/1542 1280/1501/1528 1288/1509/1531 1295/1510/1543
s 1
f 1241/1435/1433 1240/1434/1432 1296/1511/1544
f 1242/1436/1436 1241/1435/1433 1296/1511/1544
f 1243/1437/1438 1242/1436/1436 1296/1511/1544
f 1244/1438/1440 1243/1437/1438 1296/1511/1544
f 1245/1439/1442 1244/1438/1440 1296/1511/1544
f 1246/1440/1444 1245/1439/1442 1296/1511/1544
f 1247/1441/1446 1246/1440/1444 1296/1511/1544
f 1240/1434/1432 1247/1441/1446 1296/1511/1544
s 10
f 1288/1509/1531 1289/1508/1530 1297/1512/1545
f 1289/1508/1530 1290/1507/1533 1297/1512/1545
f 1290/1507/1533 1291/1506/1535 1297/1512/1545
f 1291/1506/1535 1292/1505/1537 1297/1512/1545
f 1292/1505/1537 1293/1504/1539 1297/1512/1545
f 1293/1504/1539 1294/1503/1541 1297/1512/1545
f 1294/1503/1541 1295/1510/1543 1297/1512/1545
f 1295/1510/1543 1288/1509/1531 1297/1512/1545
g default
v -31.867184 0.936944 -8.660982
v -32.235321 0.831560 -8.848866
v -32.226784 3.137742 -9.263115
v -31.790806 3.144528 -9.197840
v -31.080658 0.968233 -8.869591
v -31.457197 0.968931 -8.685024
v -31.490503 3.135822 -9.263300
v -31.093819 3.107385 -9.490458
v -30.457417 0.745338 -9.903641
v -30.650791 0.871620 -9.410604
v -30.830364 3.071326 -9.758121
v -30.596096 3.006834 -10.156448
v -30.372120 0.481661 -10.919043
v -30.321198 0.586339 -10.494505
v -30.492437 2.935923 -10.543306
v -30.495478 2.852070 -10.984619
v -30.894012 0.335447 -11.914108
v -30.611361 0.374741 -11.425997
v -30.598270 2.791321 -11.309439
v -30.864027 2.737231 -11.640522
v -31.569715 0.264986 -12.412246
v -31.227203 0.316665 -12.308510
v -31.142635 2.713887 -11.806348
v -31.575138 2.688476 -11.886879
v -32.659348 0.094075 -12.053472
v -32.219227 0.168404 -12.296837
v -31.925026 2.672205 -11.822507
v -32.312153 2.685976 -11.606928
v -33.144035 0.171548 -11.097694
v -33.025604 0.089853 -11.568086
v -32.598793 2.730832 -11.302074
v -32.817356 2.804519 -10.902300
v -32.953522 0.361520 -9.824018
v -33.074566 0.262447 -10.265114
v -32.921024 2.892326 -10.509653
v -32.908710 2.996573 -10.075782
v -32.533779 0.639006 -9.179852
v -32.755035 0.487607 -9.470560
v -32.783955 3.067010 -9.748175
v -32.484970 3.119671 -9.409081
v -32.202454 5.631720 -9.466097
v -31.743000 5.639666 -9.379064
v -31.491100 5.635065 -9.416727
v -31.069780 5.622370 -9.624500
v -30.846292 5.577905 -9.837570
v -30.608173 5.548774 -10.241138
v -30.516518 5.466805 -10.574862
v -30.529724 5.429773 -11.039213
v -30.628428 5.357538 -11.340923
v -30.913193 5.323241 -11.704279
v -31.159657 5.281569 -11.860937
v -31.613289 5.264726 -11.956249
v -31.931532 5.270538 -11.909542
v -32.346424 5.282484 -11.700727
v -32.606770 5.356515 -11.437039
v -32.824570 5.391870 -11.028743
v -32.891937 5.476648 -10.676329
v -32.844177 5.519152 -10.216942
v -32.721642 5.578337 -9.934790
v -32.414280 5.611722 -9.587957
v -32.213238 7.543344 -9.669462
v -31.752180 7.551239 -9.581303
v -31.545940 7.548598 -9.611477
v -31.123648 7.527731 -9.817383
v -30.935562 7.509016 -9.997085
v -30.696318 7.462706 -10.398914
v -30.617561 7.426437 -10.689947
v -30.628635 7.360369 -11.152636
v -30.715614 7.332869 -11.419009
v -30.996862 7.268505 -11.783666
v -31.210037 7.271424 -11.922298
v -31.664246 7.238606 -12.021151
v -31.937458 7.236364 -11.982608
v -32.353008 7.259558 -11.773174
v -32.580379 7.298634 -11.541479
v -32.795258 7.359806 -11.132500
v -32.853935 7.402272 -10.820789
v -32.802940 7.472276 -10.362491
v -32.697472 7.479721 -10.116106
v -32.388233 7.533914 -9.770712
v -32.305695 9.079250 -9.964455
v -31.850758 9.147512 -9.884914
v -31.676020 9.104403 -9.899857
v -31.254845 9.105073 -10.104372
v -31.099068 9.105692 -10.254284
v -30.857628 9.045843 -10.651543
v -30.799778 9.082671 -10.903419
v -30.808552 8.984689 -11.360411
v -30.892422 9.051724 -11.593498
v -31.175129 8.988605 -11.957634
v -31.351604 8.977639 -12.072625
v -31.806587 8.957294 -12.175325
v -32.032970 8.951357 -12.145203
v -32.447392 8.960931 -11.938372
v -32.636517 8.982987 -11.746168
v -32.851967 9.022296 -11.335297
v -32.900787 9.042673 -11.075026
v -32.851639 9.125885 -10.618607
v -32.760113 9.043493 -10.398834
v -32.454609 9.160236 -10.065874
v -32.430252 10.686722 -10.316589
v -31.975939 10.685048 -10.219943
v -31.822981 10.662050 -10.232805
v -31.403751 10.660035 -10.428883
v -31.270178 10.684725 -10.561178
v -31.026920 10.610154 -10.948879
v -30.985275 10.706337 -11.175517
v -31.000214 10.649275 -11.634764
v -31.071774 10.649930 -11.840049
v -31.359653 10.645290 -12.208145
v -31.518181 10.639798 -12.313883
v -31.962687 10.593013 -12.417874
v -32.169781 10.635860 -12.401899
v -32.580357 10.625490 -12.202114
v -32.744286 10.596041 -12.027448
v -32.963127 10.706591 -11.635662
v -32.998848 10.598084 -11.382703
v -32.953701 10.744226 -10.946499
v -32.872055 10.678056 -10.752464
v -32.564484 10.686826 -10.397354
v -32.538517 12.417747 -10.749224
v -32.124500 12.485225 -10.669851
v -31.969803 12.452348 -10.677006
v -31.579950 12.463367 -10.855695
v -31.452282 12.458789 -10.971289
v -31.225494 12.396915 -11.330301
v -31.193913 12.510887 -11.543636
v -31.205404 12.389276 -11.953691
v -31.292084 12.537032 -12.162359
v -31.543341 12.399851 -12.479673
v -31.710377 12.518847 -12.600956
v -32.113663 12.422061 -12.693224
v -32.304909 12.448973 -12.680227
v -32.687737 12.453889 -12.502378
v -32.835869 12.401045 -12.349030
v -33.038368 12.504847 -11.989079
v -33.073383 12.401077 -11.762208
v -33.029610 12.544231 -11.362307
v -32.953972 12.393771 -11.156063
v -32.675713 12.533598 -10.860983
v -32.613731 15.906756 -11.493238
v -32.240211 15.957205 -11.415039
v -32.083630 15.960547 -11.429775
v -31.728544 15.958449 -11.582792
v -31.604195 15.950336 -11.690731
v -31.402744 15.930443 -12.021156
v -31.360233 15.925693 -12.197445
v -31.382492 15.867015 -12.576269
v -31.456085 15.966039 -12.771926
v -31.695026 15.873484 -13.057038
v -31.854773 15.959873 -13.174463
v -32.225304 15.923750 -13.261903
v -32.404572 15.922402 -13.245430
v -32.754616 15.920712 -13.089087
v -32.892075 15.920439 -12.961630
v -33.081360 15.921382 -12.624843
v -33.120041 15.919431 -12.432060
v -33.081982 15.978919 -12.056305
v -33.005371 15.877680 -11.869457
v -32.756657 15.974962 -11.592752
v -32.738998 18.101770 -12.155092
v -32.451759 18.106936 -12.087033
v -32.319180 18.108742 -12.098321
v -32.046818 18.104223 -12.212774
v -31.944839 18.099472 -12.300785
v -31.790958 18.088436 -12.554102
v -31.758074 18.084244 -12.692297
v -31.779953 18.077679 -12.989231
v -31.834904 18.075439 -13.126879
v -32.023808 18.073969 -13.356045
v -32.148026 18.075104 -13.435858
v -32.434097 18.075752 -13.507460
v -32.577152 18.075514 -13.495659
v -32.847584 18.076778 -13.379072
v -32.955826 18.078161 -13.282110
v -33.104179 18.082424 -13.025666
v -33.135220 18.085468 -12.881487
v -33.106590 18.090778 -12.584925
v -33.049873 18.093628 -12.451813
v -32.856003 18.099140 -12.226704
v -31.495720 -0.219007 -7.591531
v -31.925629 -0.342095 -7.974441
v -31.735081 0.118881 -8.229744
v -31.322163 0.206437 -7.909140
v -33.267990 -0.325328 -8.099714
v -33.612675 -0.331637 -8.320267
v -33.105434 0.011354 -8.636814
v -32.779507 0.037114 -8.439535
v -30.067173 -0.115523 -6.518584
v -30.497797 -0.121728 -6.357831
v -30.428907 0.266012 -7.004500
v -30.038923 0.254037 -7.178364
v -29.578850 -0.328183 -9.460714
v -29.837809 -0.268713 -8.986399
v -29.972847 0.033916 -9.236799
v -29.778835 -0.055714 -9.703338
v -27.982708 -0.449821 -10.821144
v -27.719166 -0.365068 -10.347727
v -28.272316 -0.183220 -10.509861
v -28.541357 -0.275625 -10.933243
v -30.361229 -0.665287 -11.738428
v -29.761908 -0.657223 -11.151466
v -30.044785 -0.395169 -11.248945
v -30.610394 -0.380020 -11.753872
v -31.657446 -0.712898 -14.851703
v -31.193531 -0.713741 -14.893398
v -31.417423 -0.435518 -14.242336
v -31.831181 -0.406687 -14.197144
v -33.354752 -0.949178 -12.951085
v -32.663246 -0.694874 -13.181982
v -32.679230 -0.343747 -12.815885
v -33.230305 -0.524534 -12.511805
v -35.451664 -1.030796 -12.107319
v -35.272678 -0.794730 -12.481120
v -34.633789 -0.550723 -12.058109
v -34.618710 -0.621034 -11.622271
v -33.696476 -0.705988 -10.108072
v -33.895958 -0.896694 -10.746740
v -33.594036 -0.378706 -10.443897
v -33.307430 -0.259857 -9.896294
v -29.791498 -0.594403 -3.492586
v -30.515671 -0.589042 -3.309972
v -32.012741 -0.870464 -5.650697
v -32.741302 -1.055025 -6.277510
v -28.131908 -1.099199 -8.188206
v -28.702509 -1.018435 -7.499778
v -25.339554 -1.291790 -10.083896
v -25.063766 -1.171912 -9.278273
v -28.925539 -1.592310 -11.916554
v -28.061035 -1.515589 -10.929689
v -30.757534 -2.126304 -17.543882
v -29.967503 -2.110887 -17.487005
v -34.196247 -2.340322 -14.861180
v -32.798340 -1.942543 -14.908855
v -38.328537 -1.936148 -14.275496
v -38.182735 -1.790815 -15.021941
v -35.198940 -1.531695 -10.144365
v -35.644642 -2.209314 -11.483568
v -35.437515 -0.860407 -6.241807
v -35.961594 -0.863131 -6.661869
v -32.564781 9.289495 -12.154743
v -32.407238 9.516116 -12.364431
v -32.595123 10.198822 -12.337361
v -32.420345 9.894518 -12.439737
v -32.975471 9.665952 -11.831796
v -32.800480 9.355124 -11.933465
v -32.986969 10.040709 -11.908611
v -32.829178 10.257837 -12.117602
v -32.970886 9.202276 -12.642853
v -32.852539 9.375924 -12.761881
v -32.994350 9.833023 -12.732130
v -32.862457 9.636944 -12.798676
v -33.279961 9.415891 -12.445103
v -33.148186 9.218506 -12.511524
v -33.289150 9.676641 -12.482452
v -33.170883 9.848265 -12.601303
v -34.361034 8.556952 -14.473980
v -34.242790 8.725154 -14.591681
v -34.382896 9.166585 -14.561152
v -34.252052 8.977742 -14.627758
v -34.667732 8.759397 -14.276468
v -34.537041 8.571588 -14.343087
v -34.676517 9.012316 -14.312943
v -34.558582 9.180703 -14.430868
v -36.264744 9.065600 -16.855850
v -36.156456 9.141026 -16.909332
v -36.160385 9.420534 -16.863665
v -36.113228 9.287997 -16.912569
v -36.421818 9.236905 -16.734550
v -36.374664 9.105275 -16.783459
v -36.378593 9.384032 -16.737793
v -36.270302 9.460357 -16.791271
v -33.661293 8.818547 -13.543496
v -33.542873 8.991086 -13.662116
v -33.552162 9.250109 -13.698180
v -33.683533 9.443581 -13.631279
v -33.859844 9.458843 -13.500484
v -33.978230 9.285694 -13.382085
v -33.969444 9.026812 -13.345387
v -33.838203 8.832725 -13.412224
v -35.042831 8.589471 -15.399139
v -34.956051 8.738945 -15.485205
v -34.942295 8.948005 -15.466475
v -35.009560 9.095486 -15.353909
v -35.118568 9.093657 -15.213364
v -35.205524 8.944020 -15.127186
v -35.219368 8.734312 -15.145931
v -35.151752 8.587866 -15.258390
vt 0.381521 0.387500
vt 0.375000 0.387500
vt 0.375000 0.366045
vt 0.378713 0.357041
vt 0.375000 0.395574
vt 0.382594 0.425000
vt 0.375000 0.425000
vt 0.375092 0.425138
vt 0.383289 0.462476
vt 0.375000 0.462500
vt 0.405005 0.387500
vt 0.393780 0.387500
vt 0.393954 0.356359
vt 0.404402 0.356299
vt 0.407070 0.425000
vt 0.392474 0.425000
vt 0.407707 0.462639
vt 0.391789 0.462438
vt 0.430550 0.387500
vt 0.419825 0.387500
vt 0.422298 0.357156
vt 0.427582 0.357188
vt 0.431758 0.425000
vt 0.417982 0.425000
vt 0.432267 0.462805
vt 0.417386 0.462313
vt 0.456096 0.387500
vt 0.444327 0.387500
vt 0.443920 0.356573
vt 0.457548 0.356656
vt 0.457058 0.425000
vt 0.443162 0.425000
vt 0.457480 0.462782
vt 0.442696 0.462196
vt 0.481117 0.387500
vt 0.469135 0.387500
vt 0.471496 0.357234
vt 0.477326 0.357269
vt 0.482361 0.425000
vt 0.467860 0.425000
vt 0.482818 0.462655
vt 0.467372 0.462224
vt 0.505315 0.387500
vt 0.493968 0.387500
vt 0.495523 0.356413
vt 0.505995 0.356513
vt 0.507102 0.425000
vt 0.492651 0.425000
vt 0.507601 0.462414
vt 0.492125 0.462321
vt 0.530636 0.387500
vt 0.519743 0.387500
vt 0.521724 0.357329
vt 0.528351 0.357265
vt 0.531646 0.425000
vt 0.517971 0.425000
vt 0.532120 0.462235
vt 0.517477 0.462517
vt 0.554920 0.387500
vt 0.544540 0.387500
vt 0.544617 0.356127
vt 0.555129 0.356022
vt 0.556687 0.425000
vt 0.543363 0.425000
vt 0.557157 0.462215
vt 0.542945 0.462759
vt 0.581385 0.387500
vt 0.570130 0.387500
vt 0.571872 0.356907
vt 0.577833 0.356954
vt 0.582065 0.425000
vt 0.568319 0.425000
vt 0.582626 0.462273
vt 0.567847 0.462789
vt 0.605969 0.387500
vt 0.594202 0.387500
vt 0.595507 0.356217
vt 0.605096 0.354592
vt 0.607671 0.425000
vt 0.592901 0.425000
vt 0.608328 0.462410
vt 0.592332 0.462709
vt 0.375000 0.475082
vt 0.383850 0.500000
vt 0.375000 0.500000
vt 0.408212 0.500000
vt 0.391250 0.500000
vt 0.432689 0.500000
vt 0.416885 0.500000
vt 0.457860 0.499880
vt 0.442282 0.500000
vt 0.483210 0.499756
vt 0.466998 0.499998
vt 0.508075 0.500000
vt 0.491668 0.500186
vt 0.532557 0.500000
vt 0.517020 0.500000
vt 0.557541 0.500000
vt 0.542546 0.500000
vt 0.583072 0.500191
vt 0.567457 0.500000
vt 0.608833 0.500000
vt 0.591898 0.499737
vt 0.375000 0.519810
vt 0.384300 0.537927
vt 0.375000 0.537500
vt 0.408709 0.537284
vt 0.390798 0.536935
vt 0.433192 0.536798
vt 0.416369 0.537532
vt 0.458323 0.536531
vt 0.441724 0.538023
vt 0.483740 0.537500
vt 0.466418 0.538367
vt 0.508609 0.537500
vt 0.491189 0.537500
vt 0.533086 0.537500
vt 0.516516 0.537500
vt 0.558080 0.537500
vt 0.541985 0.537500
vt 0.583684 0.538574
vt 0.566896 0.537500
vt 0.609370 0.538463
vt 0.591416 0.536287
vt 0.375000 0.555983
vt 0.384604 0.575000
vt 0.375000 0.575000
vt 0.409057 0.574627
vt 0.390535 0.574448
vt 0.433587 0.573818
vt 0.415998 0.575272
vt 0.458584 0.575000
vt 0.441195 0.576023
vt 0.484060 0.575000
vt 0.466317 0.575000
vt 0.508840 0.574389
vt 0.491005 0.575000
vt 0.516516 0.537500
vt 0.533086 0.537500
vt 0.533429 0.575427
vt 0.516247 0.575506
vt 0.541985 0.537500
vt 0.558080 0.537500
vt 0.558459 0.576181
vt 0.541665 0.574448
vt 0.583915 0.576524
vt 0.566598 0.573634
vt 0.609451 0.575000
vt 0.590945 0.575000
vt 0.375000 0.592799
vt 0.384323 0.612865
vt 0.375000 0.612500
vt 0.409058 0.612500
vt 0.390672 0.612141
vt 0.433752 0.611264
vt 0.415990 0.612500
vt 0.458716 0.610940
vt 0.441279 0.613583
vt 0.483839 0.611154
vt 0.466293 0.613906
vt 0.508810 0.612063
vt 0.491171 0.613743
vt 0.516247 0.575506
vt 0.533429 0.575427
vt 0.533546 0.613026
vt 0.516261 0.612903
vt 0.541665 0.574448
vt 0.558459 0.576181
vt 0.558532 0.613699
vt 0.541507 0.611900
vt 0.583814 0.613965
vt 0.566439 0.611144
vt 0.609248 0.613648
vt 0.591067 0.610849
vt 0.375000 0.628167
vt 0.384005 0.650000
vt 0.375000 0.650000
vt 0.408899 0.650000
vt 0.390990 0.650000
vt 0.433663 0.650000
vt 0.416116 0.650000
vt 0.458584 0.648826
vt 0.441361 0.650000
vt 0.483616 0.649035
vt 0.466490 0.651073
vt 0.508651 0.650000
vt 0.491424 0.650908
vt 0.533539 0.650000
vt 0.516345 0.650000
vt 0.558440 0.650000
vt 0.541435 0.650000
vt 0.583653 0.651105
vt 0.566600 0.650000
vt 0.608869 0.650825
vt 0.591265 0.648797
vt 0.375000 0.663951
vt 0.383749 0.687500
vt 0.375000 0.687500
vt 0.408721 0.687500
vt 0.391253 0.687500
vt 0.433594 0.687500
vt 0.416280 0.687500
vt 0.458473 0.687500
vt 0.441411 0.687500
vt 0.483467 0.687500
vt 0.466516 0.687500
vt 0.508549 0.687500
vt 0.491499 0.687500
vt 0.533527 0.687500
vt 0.516455 0.687500
vt 0.558496 0.687500
vt 0.541491 0.687500
vt 0.583547 0.687500
vt 0.566517 0.687500
vt 0.608674 0.687500
vt 0.591457 0.687500
vt 0.378361 0.344269
vt 0.375000 0.343434
vt 0.375000 0.314550
vt 0.378272 0.312500
vt 0.622198 0.344286
vt 0.625000 0.344321
vt 0.624955 0.347348
vt 0.621912 0.349848
vt 0.604971 0.344073
vt 0.595661 0.344017
vt 0.595811 0.312500
vt 0.604936 0.312500
vt 0.404269 0.344002
vt 0.394123 0.344028
vt 0.394490 0.312500
vt 0.404029 0.312500
vt 0.427304 0.344284
vt 0.422551 0.344276
vt 0.422601 0.312500
vt 0.427289 0.312500
vt 0.457906 0.344003
vt 0.443589 0.344079
vt 0.443464 0.312500
vt 0.457864 0.312500
vt 0.477103 0.343974
vt 0.471967 0.344010
vt 0.472036 0.312500
vt 0.477088 0.312500
vt 0.505961 0.343667
vt 0.495650 0.343642
vt 0.495787 0.312500
vt 0.505673 0.312500
vt 0.528113 0.343943
vt 0.522084 0.343947
vt 0.522117 0.312500
vt 0.528122 0.312500
vt 0.555117 0.338231
vt 0.544912 0.343654
vt 0.544778 0.312500
vt 0.555215 0.312500
vt 0.577395 0.344041
vt 0.571833 0.346128
vt 0.572169 0.312500
vt 0.577348 0.312500
vt 0.618748 0.387500
vt 0.617307 0.425000
vt 0.616626 0.462513
vt 0.616101 0.500000
vt 0.615677 0.536420
vt 0.615524 0.575000
vt 0.615641 0.611244
vt 0.616015 0.649133
vt 0.616326 0.687500
vt 0.622258 0.312500
vt 0.605111 0.356271
vt 0.621973 0.357064
vt 0.533086 0.537500
vt 0.516516 0.537500
vt 0.516247 0.575506
vt 0.533429 0.575427
vt 0.558080 0.537500
vt 0.541985 0.537500
vt 0.558459 0.576181
vt 0.541665 0.574448
vt 0.533086 0.537500
vt 0.516516 0.537500
vt 0.516247 0.575506
vt 0.533429 0.575427
vt 0.558080 0.537500
vt 0.541985 0.537500
vt 0.558459 0.576181
vt 0.541665 0.574448
vt 0.533086 0.537500
vt 0.516516 0.537500
vt 0.516247 0.575506
vt 0.533429 0.575427
vt 0.558080 0.537500
vt 0.541985 0.537500
vt 0.558459 0.576181
vt 0.541665 0.574448
vt 0.516516 0.537500
vt 0.533086 0.537500
vt 0.533086 0.537500
vt 0.516516 0.537500
vt 0.533429 0.575427
vt 0.516247 0.575506
vt 0.516247 0.575506
vt 0.533429 0.575427
vt 0.541985 0.537500
vt 0.558080 0.537500
vt 0.558080 0.537500
vt 0.541985 0.537500
vt 0.558459 0.576181
vt 0.558459 0.576181
vt 0.541665 0.574448
vt 0.541665 0.574448
vn -0.308976 0.322784 0.894620
vn -0.505484 0.308580 0.805769
vn -0.430143 0.539712 0.723663
vn -0.536766 0.598628 0.594582
vn -0.078353 0.149411 0.985666
vn -0.403607 0.120037 0.907024
vn -0.051235 0.086854 0.994903
vn -0.293323 0.087313 0.952018
vn 0.631122 0.644891 0.431045
vn 0.057656 0.581711 0.811350
vn -0.205731 0.865394 0.456911
vn 0.730112 0.664704 0.158444
vn 0.617346 0.126784 0.776409
vn 0.343803 0.149575 0.927053
vn 0.562118 0.066075 0.824413
vn 0.359565 0.075662 0.930048
vn 0.847972 0.420237 0.323024
vn 0.813235 0.502579 0.293364
vn 0.752490 0.654150 0.076462
vn 0.481236 0.804856 0.347302
vn 0.933651 0.060750 0.352994
vn 0.824659 0.090395 0.558360
vn 0.914085 0.042956 0.403241
vn 0.802779 0.049569 0.594213
vn 0.762031 0.400558 -0.508785
vn 0.812663 0.575606 0.090866
vn 0.359436 0.924073 0.129979
vn 0.351508 0.606162 -0.713450
vn 0.981238 0.027558 -0.190822
vn 0.994500 0.042804 0.095589
vn 0.989851 0.023744 -0.140111
vn 0.994346 0.029681 0.101960
vn 0.799800 0.246029 -0.547530
vn 0.765137 0.174187 -0.619858
vn 0.437558 0.379078 -0.815379
vn 0.736494 0.570796 -0.362999
vn 0.731654 0.032915 -0.680881
vn 0.873465 0.018200 -0.486547
vn 0.697436 -0.002000 -0.716644
vn 0.868789 0.009164 -0.495098
vn -0.142071 0.642414 -0.753074
vn 0.616156 0.440174 -0.653145
vn 0.466877 0.835716 -0.289145
vn -0.415254 0.800707 -0.431777
vn 0.009608 0.098619 -0.995079
vn 0.407855 0.067362 -0.910559
vn 0.055714 -0.027931 -0.998056
vn 0.337753 -0.019326 -0.941036
vn -0.547981 0.499134 -0.671254
vn -0.404399 0.568308 -0.716581
vn -0.447362 0.791504 -0.416399
vn -0.267098 0.814897 -0.514395
vn -0.623165 0.100424 -0.775616
vn -0.343169 0.106477 -0.933219
vn -0.587568 -0.034305 -0.808448
vn -0.339482 -0.034434 -0.939982
vn -0.879638 0.468879 -0.079939
vn -0.661524 0.574927 -0.481503
vn -0.282383 0.902866 -0.324180
vn -0.640310 0.675267 0.366084
vn -0.964169 0.061072 -0.258162
vn -0.833197 0.086261 -0.546207
vn -0.934160 -0.012903 -0.356622
vn -0.818575 -0.025907 -0.573815
vn -0.949392 0.235818 0.207471
vn -0.953189 0.286433 0.096885
vn -0.706706 0.648597 0.282646
vn -0.751210 0.659763 0.019888
vn -0.972057 0.040336 0.231254
vn -0.998955 0.044095 -0.012058
vn -0.978182 0.034658 0.204839
vn -0.998852 0.012899 -0.046141
vn -0.685212 0.307277 0.660353
vn -0.872303 0.278298 0.402043
vn -0.638197 0.764256 0.092834
vn -0.300949 0.698664 0.649075
vn -0.701706 0.078679 0.708109
vn -0.845089 0.057871 0.531484
vn -0.669156 0.074615 0.739367
vn -0.830971 0.061957 0.552855
vn -0.083829 0.137712 0.986919
vn -0.286419 0.128348 0.949469
vn 0.535328 0.141372 0.832729
vn 0.350052 0.146127 0.925262
vn 0.907740 0.110988 0.404586
vn 0.804560 0.124819 0.580606
vn 0.988093 0.063777 -0.140015
vn 0.993287 0.083885 0.079651
vn 0.713549 0.003049 -0.700598
vn 0.862076 0.026335 -0.506095
vn 0.086984 -0.052670 -0.994816
vn 0.338460 -0.036639 -0.940267
vn -0.567540 -0.066943 -0.820620
vn -0.336865 -0.067629 -0.939121
vn -0.936034 -0.036355 -0.350026
vn -0.825333 -0.052850 -0.562168
vn -0.976172 0.021828 0.215899
vn -0.999967 -0.002172 -0.007858
vn -0.678486 0.089712 0.729115
vn -0.819136 0.067601 0.569602
vn -0.107584 0.192327 0.975416
vn -0.282810 0.172720 0.943497
vn 0.513166 0.208825 0.832498
vn 0.348487 0.210970 0.913262
vn 0.898600 0.165239 0.406465
vn 0.803353 0.184790 0.566106
vn 0.986142 0.091368 -0.138477
vn 0.991058 0.120137 0.058059
vn 0.721905 -0.009136 -0.691932
vn 0.852864 0.025316 -0.521519
vn 0.108947 -0.106338 -0.988343
vn 0.333664 -0.078358 -0.939430
vn -0.554296 -0.209898 -0.805419
vn -0.258495 -0.160597 -0.952569
vn -0.952592 -0.110494 -0.283479
vn -0.829153 -0.189004 -0.526101
vn -0.978444 -0.008524 0.206335
vn -0.999042 -0.043283 0.006470
vn -0.691456 0.104326 0.714846
vn -0.814647 0.070441 0.575663
vn -0.123029 0.217418 0.968294
vn -0.286543 0.199752 0.937012
vn 0.490957 0.235545 0.838737
vn 0.339258 0.238982 0.909831
vn 0.891091 0.181975 0.415742
vn 0.800064 0.204710 0.563908
vn 0.986113 0.090203 -0.139444
vn 0.991341 0.123299 0.045171
vn 0.725551 -0.027444 -0.687621
vn 0.847372 0.010825 -0.530889
vn 0.130123 -0.134483 -0.982335
vn 0.335761 -0.106660 -0.935889
vn 0.592810 -0.409058 -0.693721
vn 0.006200 -0.900094 -0.435651
vn 0.447310 0.843401 -0.297638
vn 0.742344 0.250792 -0.621313
vn -0.641274 -0.758035 0.118954
vn -0.844708 -0.190423 0.500208
vn -0.708550 0.432873 0.557295
vn -0.225660 0.942104 0.248026
vn -0.980080 -0.006836 0.198488
vn -0.998637 -0.050280 0.014003
vn -0.696057 0.119470 0.707977
vn -0.810460 0.083980 0.579744
vn -0.133320 0.212831 0.967951
vn -0.295383 0.200956 0.934005
vn 0.476759 0.216337 0.851997
vn 0.322199 0.225120 0.919515
vn 0.889654 0.155164 0.429464
vn 0.799058 0.174919 0.575248
vn 0.988274 0.053780 -0.142909
vn 0.996371 0.076138 0.038040
vn 0.725331 -0.059624 -0.685813
vn 0.842275 -0.037699 -0.537729
vn 0.140200 -0.146966 -0.979155
vn 0.345983 -0.131142 -0.929030
vn -0.251441 -0.129643 -0.959151
vn -0.527500 -0.085357 -0.845256
vn -0.515727 -0.157411 -0.842168
vn -0.317123 -0.164152 -0.934070
vn -0.832279 -0.039344 -0.552960
vn -0.950748 -0.077663 -0.300079
vn -0.923243 -0.089662 -0.373608
vn -0.824715 -0.122519 -0.552118
vn -0.978878 0.020467 0.203417
vn -0.999609 -0.022589 0.016508
vn -0.691301 0.135073 0.709830
vn -0.806930 0.102546 0.581677
vn -0.134392 0.232709 0.963216
vn -0.314465 0.211777 0.925344
vn 0.473609 0.238655 0.847784
vn 0.308374 0.244609 0.919278
vn 0.893428 0.172674 0.414693
vn 0.795000 0.197138 0.573682
vn 0.983662 0.056513 -0.170925
vn 0.994530 0.101381 0.025139
vn 0.709961 -0.058496 -0.701808
vn 0.836785 -0.008169 -0.547471
vn 0.142162 -0.135777 -0.980487
vn 0.343089 -0.111034 -0.932717
vn -0.498491 -0.147564 -0.854243
vn -0.306201 -0.152295 -0.939706
vn -0.915689 -0.083334 -0.393154
vn -0.813371 -0.111687 -0.570923
vn -0.981182 0.029470 0.190826
vn -0.999940 -0.010720 0.002164
vn -0.692501 0.152558 0.705102
vn -0.815651 0.112340 0.567533
vn -0.146580 0.281622 0.948263
vn -0.322322 0.257020 0.911070
vn 0.458835 0.312480 0.831761
vn 0.287628 0.312995 0.905154
vn 0.879944 0.257121 0.399484
vn 0.779841 0.282162 0.558777
vn 0.973875 0.143673 -0.175859
vn 0.983413 0.181363 0.002345
vn 0.695701 0.007812 -0.718289
vn 0.823328 0.051040 -0.565266
vn 0.125056 -0.100356 -0.987061
vn 0.334457 -0.070640 -0.939760
vn -0.491163 -0.136461 -0.860312
vn -0.305666 -0.134578 -0.942580
vn -0.907737 -0.085301 -0.410775
vn -0.805159 -0.110684 -0.582639
vn -0.982892 0.033689 0.181075
vn -0.999750 -0.010989 -0.019477
vn -0.698161 0.173376 0.694631
vn -0.821386 0.130656 0.555207
vn -0.434371 0.866977 0.244280
vn -0.130980 0.907429 0.399270
vn -0.075696 0.943132 0.323685
vn -0.379265 0.909756 0.168827
vn -0.006455 0.935797 0.352481
vn -0.379727 0.914763 -0.137899
vn -0.327388 0.937691 -0.116420
vn -0.035567 0.964741 0.260789
vn 0.514620 0.853850 0.078145
vn -0.274862 0.942272 0.191248
vn -0.172605 0.971569 0.162056
vn 0.263367 0.957982 0.113617
vn 0.241614 0.915243 0.322416
vn 0.638152 0.764497 0.091145
vn 0.541032 0.838632 0.063101
vn 0.196867 0.928753 0.314103
vn 0.303096 0.285737 -0.909113
vn 0.225479 0.953493 0.200027
vn 0.230385 0.957583 0.173082
vn 0.384374 0.784178 -0.487157
vn 0.548197 0.808805 -0.212873
vn 0.412610 0.530088 -0.740783
vn 0.297993 0.216186 -0.929765
vn 0.527180 0.819100 -0.226180
vn -0.530528 0.690202 -0.492099
vn 0.466485 0.855011 -0.226599
vn 0.404788 0.875126 -0.265143
vn -0.265725 0.822981 -0.502088
vn -0.054965 0.847945 -0.527226
vn -0.522654 0.690343 -0.500259
vn -0.542303 0.681623 -0.491220
vn 0.014647 0.853111 -0.521524
vn -0.601781 0.577063 0.552139
vn -0.037783 0.912134 -0.408147
vn -0.079020 0.935116 -0.345418
vn -0.498093 0.813677 0.299722
vn -0.471685 0.860142 -0.194086
vn -0.671006 0.693968 0.261073
vn -0.637020 0.519818 0.569206
vn -0.435886 0.872438 -0.221033
vn -0.133941 -0.853699 -0.503248
vn 0.429217 -0.289620 -0.855507
vn 0.381466 0.036979 -0.923643
vn -0.259545 0.475270 -0.840687
vn -0.960701 -0.138335 0.240660
vn -0.715516 -0.698066 -0.027218
vn -0.981544 0.142096 0.127986
vn -0.739057 0.524092 -0.423229
vn 0.424309 -0.904822 -0.035489
vn 0.760457 -0.384676 -0.523192
vn 0.643580 0.244135 -0.725399
vn 0.142249 0.779655 -0.609839
vn -0.758921 -0.260893 0.596636
vn -0.290040 -0.825119 0.484826
vn -0.856007 0.353498 0.377215
vn -0.540024 0.834063 -0.112755
vn 0.446084 -0.894660 -0.024350
vn 0.796671 -0.382280 -0.468164
vn 0.722432 0.258719 -0.641215
vn 0.251399 0.831614 -0.495194
vn -0.715460 -0.275693 0.641958
vn -0.248299 -0.839309 0.483640
vn -0.800505 0.364357 0.475852
vn -0.460112 0.887545 0.023692
vn 0.755236 -0.393245 -0.524382
vn 0.367537 -0.917874 -0.149748
vn 0.173013 -0.929749 -0.325012
vn 0.662430 -0.417074 -0.622283
vn 0.309815 0.855042 -0.415834
vn 0.737660 0.259533 -0.623297
vn 0.766933 0.239695 -0.595281
vn 0.454276 0.849238 -0.269127
vn -0.323223 -0.876757 0.356123
vn -0.755819 -0.306357 0.578691
vn -0.800645 -0.285562 0.526708
vn -0.483220 -0.851268 0.204550
vn -0.797861 0.348156 0.492144
vn -0.741741 0.362078 0.564553
vn -0.419772 0.900774 0.111348
vn -0.272896 0.919518 0.282867
s 1
g Tree1
usemtl initialShadingGroup
f 1298/1513/1546 1299/1514/1547 1480/1515/1548 1481/1516/1549
f 1299/1517/1547 1298/1513/1546 1301/1518/1550 1300/1519/1551
f 1300/1520/1551 1301/1518/1550 1339/1521/1552 1338/1522/1553
f 1302/1523/1554 1303/1524/1555 1488/1525/1556 1489/1526/1557
f 1303/1524/1555 1302/1523/1554 1305/1527/1558 1304/1528/1559
f 1304/1528/1559 1305/1527/1558 1341/1529/1560 1340/1530/1561
f 1306/1531/1562 1307/1532/1563 1492/1533/1564 1493/1534/1565
f 1307/1532/1563 1306/1531/1562 1309/1535/1566 1308/1536/1567
f 1308/1536/1567 1309/1535/1566 1343/1537/1568 1342/1538/1569
f 1310/1539/1570 1311/1540/1571 1496/1541/1572 1497/1542/1573
f 1311/1540/1571 1310/1539/1570 1313/1543/1574 1312/1544/1575
f 1312/1544/1575 1313/1543/1574 1345/1545/1576 1344/1546/1577
f 1314/1547/1578 1315/1548/1579 1500/1549/1580 1501/1550/1581
f 1315/1548/1579 1314/1547/1578 1317/1551/1582 1316/1552/1583
f 1316/1552/1583 1317/1551/1582 1347/1553/1584 1346/1554/1585
f 1318/1555/1586 1319/1556/1587 1504/1557/1588 1505/1558/1589
f 1319/1556/1587 1318/1555/1586 1321/1559/1590 1320/1560/1591
f 1320/1560/1591 1321/1559/1590 1349/1561/1592 1348/1562/1593
f 1322/1563/1594 1323/1564/1595 1508/1565/1596 1509/1566/1597
f 1323/1564/1595 1322/1563/1594 1325/1567/1598 1324/1568/1599
f 1324/1568/1599 1325/1567/1598 1351/1569/1600 1350/1570/1601
f 1326/1571/1602 1327/1572/1603 1512/1573/1604 1513/1574/1605
f 1327/1572/1603 1326/1571/1602 1329/1575/1606 1328/1576/1607
f 1328/1576/1607 1329/1575/1606 1353/1577/1608 1352/1578/1609
f 1330/1579/1610 1331/1580/1611 1516/1581/1612 1517/1582/1613
f 1331/1580/1611 1330/1579/1610 1333/1583/1614 1332/1584/1615
f 1332/1584/1615 1333/1583/1614 1355/1585/1616 1354/1586/1617
f 1334/1587/1618 1335/1588/1619 1484/1589/1620 1485/1590/1621
f 1335/1588/1619 1334/1587/1618 1337/1591/1622 1336/1592/1623
f 1336/1592/1623 1337/1591/1622 1357/1593/1624 1356/1594/1625
f 1338/1595/1553 1339/1521/1552 1359/1596/1626 1358/1597/1627
f 1340/1530/1561 1341/1529/1560 1361/1598/1628 1360/1599/1629
f 1342/1538/1569 1343/1537/1568 1363/1600/1630 1362/1601/1631
f 1344/1546/1577 1345/1545/1576 1365/1602/1632 1364/1603/1633
f 1346/1554/1585 1347/1553/1584 1367/1604/1634 1366/1605/1635
f 1348/1562/1593 1349/1561/1592 1369/1606/1636 1368/1607/1637
f 1350/1570/1601 1351/1569/1600 1371/1608/1638 1370/1609/1639
f 1352/1578/1609 1353/1577/1608 1373/1610/1640 1372/1611/1641
f 1354/1586/1617 1355/1585/1616 1375/1612/1642 1374/1613/1643
f 1356/1594/1625 1357/1593/1624 1377/1614/1644 1376/1615/1645
f 1358/1616/1627 1359/1596/1626 1379/1617/1646 1378/1618/1647
f 1360/1599/1629 1361/1598/1628 1381/1619/1648 1380/1620/1649
f 1362/1601/1631 1363/1600/1630 1383/1621/1650 1382/1622/1651
f 1364/1603/1633 1365/1602/1632 1385/1623/1652 1384/1624/1653
f 1366/1605/1635 1367/1604/1634 1387/1625/1654 1386/1626/1655
f 1368/1607/1637 1369/1606/1636 1389/1627/1656 1388/1628/1657
f 1370/1609/1639 1371/1608/1638 1391/1629/1658 1390/1630/1659
f 1372/1611/1641 1373/1610/1640 1393/1631/1660 1392/1632/1661
f 1374/1613/1643 1375/1612/1642 1395/1633/1662 1394/1634/1663
f 1376/1615/1645 1377/1614/1644 1397/1635/1664 1396/1636/1665
f 1378/1637/1647 1379/1617/1646 1399/1638/1666 1398/1639/1667
f 1380/1620/1649 1381/1619/1648 1401/1640/1668 1400/1641/1669
f 1382/1622/1651 1383/1621/1650 1403/1642/1670 1402/1643/1671
f 1384/1624/1653 1385/1623/1652 1405/1644/1672 1404/1645/1673
f 1386/1626/1655 1387/1625/1654 1407/1646/1674 1406/1647/1675
f 1388/1628/1657 1389/1627/1656 1409/1648/1676 1408/1649/1677
f 1563/1650/1678 1562/1651/1679 1564/1652/1680 1565/1653/1681
f 1567/1654/1682 1566/1655/1683 1568/1656/1684 1569/1657/1685
f 1394/1634/1663 1395/1633/1662 1415/1658/1686 1414/1659/1687
f 1396/1636/1665 1397/1635/1664 1417/1660/1688 1416/1661/1689
f 1398/1662/1667 1399/1638/1666 1419/1663/1690 1418/1664/1691
f 1400/1641/1669 1401/1640/1668 1421/1665/1692 1420/1666/1693
f 1402/1643/1671 1403/1642/1670 1423/1667/1694 1422/1668/1695
f 1404/1645/1673 1405/1644/1672 1425/1669/1696 1424/1670/1697
f 1406/1647/1675 1407/1646/1674 1427/1671/1698 1426/1672/1699
f 1408/1649/1677 1409/1648/1676 1429/1673/1700 1428/1674/1701
f 1410/1675/1702 1411/1676/1703 1431/1677/1704 1430/1678/1705
f 1412/1679/1706 1413/1680/1707 1433/1681/1708 1432/1682/1709
f 1414/1659/1687 1415/1658/1686 1435/1683/1710 1434/1684/1711
f 1416/1661/1689 1417/1660/1688 1437/1685/1712 1436/1686/1713
f 1418/1687/1691 1419/1663/1690 1439/1688/1714 1438/1689/1715
f 1420/1666/1693 1421/1665/1692 1441/1690/1716 1440/1691/1717
f 1422/1668/1695 1423/1667/1694 1443/1692/1718 1442/1693/1719
f 1424/1670/1697 1425/1669/1696 1445/1694/1720 1444/1695/1721
f 1426/1672/1699 1427/1671/1698 1447/1696/1722 1446/1697/1723
f 1428/1674/1701 1429/1673/1700 1449/1698/1724 1448/1699/1725
f 1430/1678/1705 1431/1677/1704 1451/1700/1726 1450/1701/1727
f 1432/1682/1709 1433/1681/1708 1453/1702/1728 1452/1703/1729
f 1434/1684/1711 1435/1683/1710 1455/1704/1730 1454/1705/1731
f 1436/1686/1713 1437/1685/1712 1457/1706/1732 1456/1707/1733
f 1438/1708/1715 1439/1688/1714 1459/1709/1734 1458/1710/1735
f 1440/1691/1717 1441/1690/1716 1461/1711/1736 1460/1712/1737
f 1442/1693/1719 1443/1692/1718 1463/1713/1738 1462/1714/1739
f 1444/1695/1721 1445/1694/1720 1465/1715/1740 1464/1716/1741
f 1446/1697/1723 1447/1696/1722 1467/1717/1742 1466/1718/1743
f 1448/1699/1725 1449/1698/1724 1469/1719/1744 1468/1720/1745
f 1450/1701/1727 1451/1700/1726 1471/1721/1746 1470/1722/1747
f 1452/1703/1729 1453/1702/1728 1473/1723/1748 1472/1724/1749
f 1454/1705/1731 1455/1704/1730 1475/1725/1750 1474/1726/1751
f 1456/1707/1733 1457/1706/1732 1477/1727/1752 1476/1728/1753
f 1478/1729/1754 1479/1730/1755 1521/1731/1756 1520/1732/1757
f 1479/1733/1755 1478/1734/1754 1481/1735/1549 1480/1736/1548
f 1482/1737/1758 1483/1738/1759 1537/1739/1760 1536/1740/1761
f 1483/1738/1759 1482/1737/1758 1485/1590/1621 1484/1589/1620
f 1486/1741/1762 1487/1742/1763 1519/1743/1764 1518/1744/1765
f 1487/1742/1763 1486/1741/1762 1489/1526/1557 1488/1525/1556
f 1490/1745/1766 1491/1746/1767 1523/1747/1768 1522/1748/1769
f 1491/1746/1767 1490/1745/1766 1493/1534/1565 1492/1533/1564
f 1494/1749/1770 1495/1750/1771 1525/1751/1772 1524/1752/1773
f 1495/1750/1771 1494/1749/1770 1497/1542/1573 1496/1541/1572
f 1498/1753/1774 1499/1754/1775 1527/1755/1776 1526/1756/1777
f 1499/1754/1775 1498/1753/1774 1501/1550/1581 1500/1549/1580
f 1502/1757/1778 1503/1758/1779 1529/1759/1780 1528/1760/1781
f 1503/1758/1779 1502/1757/1778 1505/1558/1589 1504/1557/1588
f 1506/1761/1782 1507/1762/1783 1531/1763/1784 1530/1764/1785
f 1507/1762/1783 1506/1761/1782 1509/1566/1597 1508/1565/1596
f 1510/1765/1786 1511/1766/1787 1533/1767/1788 1532/1768/1789
f 1511/1766/1787 1510/1765/1786 1513/1574/1605 1512/1573/1604
f 1514/1769/1790 1515/1770/1791 1535/1771/1792 1534/1772/1793
f 1515/1770/1791 1514/1769/1790 1517/1582/1613 1516/1581/1612
f 1298/1513/1546 1303/1524/1555 1304/1528/1559 1301/1518/1550
f 1302/1523/1554 1307/1532/1563 1308/1536/1567 1305/1527/1558
f 1306/1531/1562 1311/1540/1571 1312/1544/1575 1309/1535/1566
f 1310/1539/1570 1315/1548/1579 1316/1552/1583 1313/1543/1574
f 1314/1547/1578 1319/1556/1587 1320/1560/1591 1317/1551/1582
f 1318/1555/1586 1323/1564/1595 1324/1568/1599 1321/1559/1590
f 1322/1563/1594 1327/1572/1603 1328/1576/1607 1325/1567/1598
f 1326/1571/1602 1331/1580/1611 1332/1584/1615 1329/1575/1606
f 1330/1579/1610 1335/1588/1619 1336/1592/1623 1333/1583/1614
f 1334/1587/1618 1299/1773/1547 1300/1774/1551 1337/1591/1622
f 1301/1518/1550 1304/1528/1559 1340/1530/1561 1339/1521/1552
f 1305/1527/1558 1308/1536/1567 1342/1538/1569 1341/1529/1560
f 1309/1535/1566 1312/1544/1575 1344/1546/1577 1343/1537/1568
f 1313/1543/1574 1316/1552/1583 1346/1554/1585 1345/1545/1576
f 1317/1551/1582 1320/1560/1591 1348/1562/1593 1347/1553/1584
f 1321/1559/1590 1324/1568/1599 1350/1570/1601 1349/1561/1592
f 1325/1567/1598 1328/1576/1607 1352/1578/1609 1351/1569/1600
f 1329/1575/1606 1332/1584/1615 1354/1586/1617 1353/1577/1608
f 1333/1583/1614 1336/1592/1623 1356/1594/1625 1355/1585/1616
f 1337/1591/1622 1300/1774/1551 1338/1775/1553 1357/1593/1624
f 1339/1521/1552 1340/1530/1561 1360/1599/1629 1359/1596/1626
f 1341/1529/1560 1342/1538/1569 1362/1601/1631 1361/1598/1628
f 1343/1537/1568 1344/1546/1577 1364/1603/1633 1363/1600/1630
f 1345/1545/1576 1346/1554/1585 1366/1605/1635 1365/1602/1632
f 1347/1553/1584 1348/1562/1593 1368/1607/1637 1367/1604/1634
f 1349/1561/1592 1350/1570/1601 1370/1609/1639 1369/1606/1636
f 1351/1569/1600 1352/1578/1609 1372/1611/1641 1371/1608/1638
f 1353/1577/1608 1354/1586/1617 1374/1613/1643 1373/1610/1640
f 1355/1585/1616 1356/1594/1625 1376/1615/1645 1375/1612/1642
f 1357/1593/1624 1338/1775/1553 1358/1776/1627 1377/1614/1644
f 1359/1596/1626 1360/1599/1629 1380/1620/1649 1379/1617/1646
f 1361/1598/1628 1362/1601/1631 1382/1622/1651 1381/1619/1648
f 1363/1600/1630 1364/1603/1633 1384/1624/1653 1383/1621/1650
f 1365/1602/1632 1366/1605/1635 1386/1626/1655 1385/1623/1652
f 1367/1604/1634 1368/1607/1637 1388/1628/1657 1387/1625/1654
f 1369/1606/1636 1370/1609/1639 1390/1630/1659 1389/1627/1656
f 1371/1608/1638 1372/1611/1641 1392/1632/1661 1391/1629/1658
f 1373/1610/1640 1374/1613/1643 1394/1634/1663 1393/1631/1660
f 1375/1612/1642 1376/1615/1645 1396/1636/1665 1395/1633/1662
f 1377/1614/1644 1358/1776/1627 1378/1777/1647 1397/1635/1664
f 1379/1617/1646 1380/1620/1649 1400/1641/1669 1399/1638/1666
f 1381/1619/1648 1382/1622/1651 1402/1643/1671 1401/1640/1668
f 1383/1621/1650 1384/1624/1653 1404/1645/1673 1403/1642/1670
f 1385/1623/1652 1386/1626/1655 1406/1647/1675 1405/1644/1672
f 1387/1625/1654 1388/1628/1657 1408/1649/1677 1407/1646/1674
f 1389/1627/1656 1390/1630/1659 1410/1675/1702 1409/1648/1676
f 1562/1651/1679 1567/1654/1682 1569/1657/1685 1564/1652/1680
f 1393/1631/1660 1394/1634/1663 1414/1659/1687 1413/1680/1707
f 1395/1633/1662 1396/1636/1665 1416/1661/1689 1415/1658/1686
f 1397/1635/1664 1378/1777/1647 1398/1778/1667 1417/1660/1688
f 1399/1638/1666 1400/1641/1669 1420/1666/1693 1419/1663/1690
f 1401/1640/1668 1402/1643/1671 1422/1668/1695 1421/1665/1692
f 1403/1642/1670 1404/1645/1673 1424/1670/1697 1423/1667/1694
f 1405/1644/1672 1406/1647/1675 1426/1672/1699 1425/1669/1696
f 1407/1646/1674 1408/1649/1677 1428/1674/1701 1427/1671/1698
f 1409/1648/1676 1410/1675/1702 1430/1678/1705 1429/1673/1700
f 1411/1676/1703 1412/1679/1706 1432/1682/1709 1431/1677/1704
f 1413/1680/1707 1414/1659/1687 1434/1684/1711 1433/1681/1708
f 1415/1658/1686 1416/1661/1689 1436/1686/1713 1435/1683/1710
f 1417/1660/1688 1398/1778/1667 1418/1779/1691 1437/1685/1712
f 1419/1663/1690 1420/1666/1693 1440/1691/1717 1439/1688/1714
f 1421/1665/1692 1422/1668/1695 1442/1693/1719 1441/1690/1716
f 1423/1667/1694 1424/1670/1697 1444/1695/1721 1443/1692/1718
f 1425/1669/1696 1426/1672/1699 1446/1697/1723 1445/1694/1720
f 1427/1671/1698 1428/1674/1701 1448/1699/1725 1447/1696/1722
f 1429/1673/1700 1430/1678/1705 1450/1701/1727 1449/1698/1724
f 1431/1677/1704 1432/1682/1709 1452/1703/1729 1451/1700/1726
f 1433/1681/1708 1434/1684/1711 1454/1705/1731 1453/1702/1728
f 1435/1683/1710 1436/1686/1713 1456/1707/1733 1455/1704/1730
f 1437/1685/1712 1418/1779/1691 1438/1780/1715 1457/1706/1732
f 1439/1688/1714 1440/1691/1717 1460/1712/1737 1459/1709/1734
f 1441/1690/1716 1442/1693/1719 1462/1714/1739 1461/1711/1736
f 1443/1692/1718 1444/1695/1721 1464/1716/1741 1463/1713/1738
f 1445/1694/1720 1446/1697/1723 1466/1718/1743 1465/1715/1740
f 1447/1696/1722 1448/1699/1725 1468/1720/1745 1467/1717/1742
f 1449/1698/1724 1450/1701/1727 1470/1722/1747 1469/1719/1744
f 1451/1700/1726 1452/1703/1729 1472/1724/1749 1471/1721/1746
f 1453/1702/1728 1454/1705/1731 1474/1726/1751 1473/1723/1748
f 1455/1704/1730 1456/1707/1733 1476/1728/1753 1475/1725/1750
f 1457/1706/1732 1438/1780/1715 1458/1781/1735 1477/1727/1752
f 1479/1733/1755 1480/1736/1548 1485/1590/1621 1482/1737/1758
f 1481/1516/1549 1478/1729/1754 1487/1742/1763 1488/1525/1556
f 1489/1526/1557 1486/1741/1762 1491/1746/1767 1492/1533/1564
f 1493/1534/1565 1490/1745/1766 1495/1750/1771 1496/1541/1572
f 1497/1542/1573 1494/1749/1770 1499/1754/1775 1500/1549/1580
f 1501/1550/1581 1498/1753/1774 1503/1758/1779 1504/1557/1588
f 1505/1558/1589 1502/1757/1778 1507/1762/1783 1508/1565/1596
f 1509/1566/1597 1506/1761/1782 1511/1766/1787 1512/1573/1604
f 1513/1574/1605 1510/1765/1786 1515/1770/1791 1516/1581/1612
f 1517/1582/1613 1514/1769/1790 1483/1738/1759 1484/1589/1620
f 1478/1729/1754 1520/1732/1757 1519/1743/1764 1487/1742/1763
f 1486/1741/1762 1518/1744/1765 1523/1747/1768 1491/1746/1767
f 1490/1745/1766 1522/1748/1769 1525/1751/1772 1495/1750/1771
f 1494/1749/1770 1524/1752/1773 1527/1755/1776 1499/1754/1775
f 1498/1753/1774 1526/1756/1777 1529/1759/1780 1503/1758/1779
f 1502/1757/1778 1528/1760/1781 1531/1763/1784 1507/1762/1783
f 1506/1761/1782 1530/1764/1785 1533/1767/1788 1511/1766/1787
f 1510/1765/1786 1532/1768/1789 1535/1771/1792 1515/1770/1791
f 1514/1769/1790 1534/1772/1793 1537/1739/1760 1483/1738/1759
f 1482/1737/1758 1536/1740/1761 1521/1782/1756 1479/1733/1755
f 1481/1516/1549 1488/1525/1556 1303/1524/1555 1298/1513/1546
f 1489/1526/1557 1492/1533/1564 1307/1532/1563 1302/1523/1554
f 1493/1534/1565 1496/1541/1572 1311/1540/1571 1306/1531/1562
f 1497/1542/1573 1500/1549/1580 1315/1548/1579 1310/1539/1570
f 1501/1550/1581 1504/1557/1588 1319/1556/1587 1314/1547/1578
f 1505/1558/1589 1508/1565/1596 1323/1564/1595 1318/1555/1586
f 1509/1566/1597 1512/1573/1604 1327/1572/1603 1322/1563/1594
f 1513/1574/1605 1516/1581/1612 1331/1580/1611 1326/1571/1602
f 1517/1582/1613 1484/1589/1620 1335/1588/1619 1330/1579/1610
f 1485/1783/1621 1480/1784/1548 1299/1773/1547 1334/1587/1618
f 1390/1630/1659 1391/1629/1658 1538/1785/1794 1539/1786/1795
f 1411/1676/1703 1410/1675/1702 1541/1787/1796 1540/1788/1797
f 1410/1675/1702 1390/1630/1659 1539/1786/1795 1541/1787/1796
f 1392/1632/1661 1393/1631/1660 1542/1789/1798 1543/1790/1799
f 1393/1631/1660 1413/1680/1707 1544/1791/1800 1542/1789/1798
f 1413/1680/1707 1412/1679/1706 1545/1792/1801 1544/1791/1800
f 1391/1629/1658 1392/1632/1661 1543/1790/1799 1538/1785/1794
f 1412/1679/1706 1411/1676/1703 1540/1788/1797 1545/1792/1801
f 1539/1786/1795 1538/1785/1794 1546/1793/1802 1547/1794/1803
f 1540/1788/1797 1541/1787/1796 1549/1795/1804 1548/1796/1805
f 1541/1787/1796 1539/1786/1795 1547/1794/1803 1549/1795/1804
f 1543/1790/1799 1542/1789/1798 1550/1797/1806 1551/1798/1807
f 1542/1789/1798 1544/1791/1800 1552/1799/1808 1550/1797/1806
f 1544/1791/1800 1545/1792/1801 1553/1800/1809 1552/1799/1808
f 1538/1785/1794 1543/1790/1799 1551/1798/1807 1546/1793/1802
f 1545/1792/1801 1540/1788/1797 1548/1796/1805 1553/1800/1809
f 1547/1794/1803 1546/1793/1802 1570/1801/1810 1571/1802/1811
f 1548/1796/1805 1549/1795/1804 1572/1803/1812 1573/1804/1813
f 1549/1795/1804 1547/1794/1803 1571/1802/1811 1572/1803/1812
f 1551/1798/1807 1550/1797/1806 1576/1805/1814 1577/1806/1815
f 1550/1797/1806 1552/1799/1808 1575/1807/1816 1576/1805/1814
f 1552/1799/1808 1553/1800/1809 1574/1808/1817 1575/1807/1816
f 1546/1793/1802 1551/1798/1807 1577/1806/1815 1570/1801/1810
f 1553/1800/1809 1548/1796/1805 1573/1804/1813 1574/1808/1817
f 1555/1809/1818 1554/1810/1819 1578/1811/1820 1579/1812/1821
f 1556/1813/1822 1557/1814/1823 1580/1815/1824 1581/1816/1825
f 1557/1814/1823 1555/1809/1818 1579/1812/1821 1580/1815/1824
f 1559/1817/1826 1558/1818/1827 1584/1819/1828 1585/1820/1829
f 1558/1818/1827 1560/1821/1830 1583/1822/1831 1584/1819/1828
f 1560/1821/1830 1561/1823/1832 1582/1824/1833 1583/1822/1831
f 1554/1810/1819 1559/1817/1826 1585/1820/1829 1578/1811/1820
f 1561/1823/1832 1556/1813/1822 1581/1816/1825 1582/1824/1833
f 1571/1802/1811 1570/1801/1810 1554/1810/1819 1555/1809/1818
f 1572/1803/1812 1571/1802/1811 1555/1809/1818 1557/1814/1823
f 1573/1804/1813 1572/1803/1812 1557/1814/1823 1556/1813/1822
f 1574/1808/1817 1573/1804/1813 1556/1813/1822 1561/1823/1832
f 1575/1807/1816 1574/1808/1817 1561/1823/1832 1560/1821/1830
f 1576/1805/1814 1575/1807/1816 1560/1821/1830 1558/1818/1827
f 1577/1806/1815 1576/1805/1814 1558/1818/1827 1559/1817/1826
f 1570/1801/1810 1577/1806/1815 1559/1817/1826 1554/1810/1819
f 1579/1812/1821 1578/1811/1820 1562/1651/1679 1563/1650/1678
f 1580/1815/1824 1579/1812/1821 1563/1650/1678 1565/1653/1681
f 1581/1816/1825 1580/1815/1824 1565/1653/1681 1564/1652/1680
f 1582/1824/1833 1581/1816/1825 1564/1652/1680 1569/1657/1685
f 1583/1822/1831 1582/1824/1833 1569/1657/1685 1568/1656/1684
f 1584/1819/1828 1583/1822/1831 1568/1656/1684 1566/1655/1683
f 1585/1820/1829 1584/1819/1828 1566/1655/1683 1567/1654/1682
f 1578/1811/1820 1585/1820/1829 1567/1654/1682 1562/1651/1679
g default
v 1.814040 -0.680990 1.588636
v 1.811283 -0.680990 1.617958
v 1.834623 -0.682916 1.634943
v 1.859133 -0.684719 1.622457
v 1.861890 -0.684719 1.593134
v 1.840136 -0.682916 1.576298
v 1.841169 -0.517198 1.591174
v 1.838410 -0.517198 1.620521
v 1.863575 -0.524496 1.637804
v 1.889213 -0.528763 1.625382
v 1.891988 -0.528763 1.595866
v 1.869114 -0.524496 1.578883
v 1.842727 -0.411363 1.585565
v 1.840634 -0.411363 1.619750
v 1.868722 -0.421250 1.642168
v 1.896693 -0.429817 1.630476
v 1.899248 -0.429817 1.597413
v 1.873303 -0.421250 1.575735
v 1.807134 -0.346384 1.569614
v 1.804877 -0.346384 1.608815
v 1.836894 -0.345295 1.636498
v 1.869816 -0.344931 1.628171
v 1.871497 -0.344931 1.590038
v 1.840182 -0.345295 1.559534
v 1.649889 -0.372170 1.463552
v 1.619888 -0.372170 1.676427
v 1.817205 -0.359444 1.837403
v 2.016406 -0.346718 1.745570
v 2.019284 -0.346718 1.545158
v 1.849876 -0.359444 1.392638
v 1.647223 -0.360340 1.461531
v 1.617213 -0.360340 1.676569
v 1.816042 -0.346447 1.839692
v 2.016912 -0.332554 1.747188
v 2.020132 -0.332554 1.544333
v 1.848883 -0.346447 1.390090
v 1.678051 -0.332115 1.474855
v 1.670020 -0.332115 1.640963
v 1.816645 -0.319429 1.770532
v 1.956545 -0.306743 1.712153
v 1.972241 -0.306743 1.543372
v 1.840508 -0.319429 1.432999
v 1.735799 -0.297467 1.523572
v 1.729950 -0.297467 1.610709
v 1.817091 -0.291124 1.682009
v 1.888068 -0.284781 1.658901
v 1.892041 -0.284781 1.571090
v 1.826138 -0.291124 1.504533
v 1.819063 -0.279822 1.592453
v 1.830851 -0.372622 1.578644
v 1.860775 -0.378523 1.569046
v 1.887181 -0.381301 1.595037
v 1.885147 -0.381301 1.630996
v 1.857107 -0.378524 1.640950
v 1.828958 -0.372622 1.615736
v 1.846014 -0.455900 1.589975
v 1.875449 -0.469105 1.578648
v 1.899370 -0.476152 1.596491
v 1.896477 -0.476152 1.627022
v 1.869985 -0.469105 1.639936
v 1.843483 -0.455900 1.621395
v 1.830627 -0.598740 1.590195
v 1.857964 -0.600763 1.577974
v 1.880367 -0.602616 1.594871
v 1.877611 -0.602616 1.624194
v 1.852450 -0.600763 1.636619
v 1.827870 -0.598740 1.619518
vt 0.375000 0.312500
vt 0.416667 0.312500
vt 0.458333 0.312500
vt 0.500000 0.312500
vt 0.541667 0.312500
vt 0.583333 0.312500
vt 0.625000 0.312500
vt 0.375000 0.387500
vt 0.416667 0.387500
vt 0.458333 0.387500
vt 0.500000 0.387500
vt 0.541667 0.387500
vt 0.583333 0.387500
vt 0.625000 0.387500
vt 0.375000 0.462500
vt 0.416667 0.462500
vt 0.458333 0.462500
vt 0.500000 0.462500
vt 0.541667 0.462500
vt 0.583333 0.462500
vt 0.625000 0.462500
vt 0.375000 0.537500
vt 0.416667 0.537500
vt 0.458333 0.537500
vt 0.500000 0.537500
vt 0.541667 0.537500
vt 0.583333 0.537500
vt 0.625000 0.537500
vt 0.375000 0.612500
vt 0.416667 0.612500
vt 0.458333 0.612500
vt 0.500000 0.612500
vt 0.541667 0.612500
vt 0.583333 0.612500
vt 0.625000 0.612500
vt 0.375000 0.687500
vt 0.416667 0.687500
vt 0.458333 0.687500
vt 0.500000 0.687500
vt 0.541667 0.687500
vt 0.583333 0.687500
vt 0.625000 0.687500
vt 0.578125 0.708434
vt 0.421875 0.708434
vt 0.343750 0.843750
vt 0.421875 0.979066
vt 0.578125 0.979066
vt 0.656250 0.843750
vt 0.552083 0.753539
vt 0.447917 0.753539
vt 0.395833 0.843750
vt 0.447917 0.933961
vt 0.552083 0.933961
vt 0.604167 0.843750
vt 0.526042 0.798645
vt 0.473958 0.798645
vt 0.447917 0.843750
vt 0.473958 0.888855
vt 0.526042 0.888855
vt 0.552083 0.843750
vt 0.500000 0.843750
vt 0.625000 0.500000
vt 0.375000 0.500000
vt 0.583333 0.500000
vt 0.541667 0.500000
vt 0.500000 0.500000
vt 0.458333 0.500000
vt 0.416667 0.500000
vt 0.625000 0.425000
vt 0.375000 0.425000
vt 0.583333 0.425000
vt 0.541667 0.425000
vt 0.500000 0.425000
vt 0.458333 0.425000
vt 0.416667 0.425000
vt 0.625000 0.350000
vt 0.375000 0.350000
vt 0.583333 0.350000
vt 0.541667 0.350000
vt 0.500000 0.350000
vt 0.458333 0.350000
vt 0.416667 0.350000
vn -0.810714 0.176185 -0.558303
vn -0.900564 0.176185 0.397422
vn -0.892936 0.143889 0.426569
vn -0.797788 0.143889 -0.585518
vn -0.137366 0.006065 0.990502
vn -0.089275 -0.006597 0.995985
vn 0.803433 -0.191532 0.563747
vn 0.818284 -0.166113 0.550289
vn 0.894422 -0.191533 -0.404133
vn 0.906505 -0.166113 -0.388142
vn 0.049643 0.006064 -0.998749
vn 0.097914 -0.006597 -0.995173
vn -0.803483 0.089475 -0.588565
vn -0.898549 0.091388 0.429252
vn -0.900252 0.005130 0.435339
vn -0.806794 -0.018569 -0.590542
vn -0.116237 -0.011434 0.993156
vn -0.123489 -0.030076 0.991890
vn 0.814010 -0.132860 0.565452
vn 0.825442 -0.083403 0.558291
vn 0.904684 -0.129474 -0.405936
vn 0.913547 -0.067165 -0.401149
vn 0.080022 -0.010825 -0.996734
vn 0.130931 -0.027413 -0.991013
vn -0.795671 -0.226928 -0.561615
vn -0.897869 -0.154945 0.412096
vn -0.831885 -0.407790 0.376396
vn -0.690994 -0.528637 -0.493021
vn -0.136497 -0.015857 0.990514
vn -0.190797 -0.005852 0.981612
vn 0.843348 0.085735 0.530485
vn 0.811412 0.284506 0.510556
vn 0.930856 0.098473 -0.351868
vn 0.906227 0.260374 -0.333103
vn 0.246018 -0.030143 -0.968797
vn 0.317787 -0.037671 -0.947414
vn 0.100101 -0.994006 0.043949
vn 0.100518 -0.994767 -0.018299
vn -0.019731 -0.998693 0.047147
vn -0.010223 -0.998179 -0.059448
vn 0.063422 -0.997447 -0.032828
vn 0.046060 -0.992202 0.115819
vn 0.044071 -0.998977 -0.010176
vn 0.177471 -0.981533 0.071393
vn 0.048749 -0.998724 0.013164
vn 0.184984 -0.981144 -0.056016
vn 0.046892 -0.997741 0.048114
vn 0.105324 -0.987521 -0.117088
vn -0.603424 0.746475 0.280455
vn -0.635383 0.641705 -0.429539
vn -0.139416 0.798105 0.586167
vn 0.469767 0.809693 0.351733
vn 0.619692 0.747599 -0.238907
vn 0.135734 0.585556 -0.799187
vn -0.432643 0.887813 0.156872
vn -0.402657 0.857383 -0.320565
vn -0.143992 0.927734 0.344348
vn 0.231460 0.948712 0.215340
vn 0.347429 0.913163 -0.213135
vn 0.056980 0.863922 -0.500391
vn -0.376943 0.915921 0.137853
vn -0.309924 0.927485 -0.209092
vn -0.169777 0.943087 0.285941
vn 0.146300 0.977228 0.153691
vn 0.204969 0.970347 -0.128119
vn 0.008820 0.947323 -0.320160
vn -0.078562 0.996907 -0.001964
s 1
g MushroomFlat
usemtl initialShadingGroup
f 1586/1825/1834 1587/1826/1835 1652/1906/1836 1647/1901/1837
f 1587/1826/1835 1588/1827/1838 1651/1905/1839 1652/1906/1836
f 1588/1827/1838 1589/1828/1840 1650/1904/1841 1651/1905/1839
f 1589/1828/1840 1590/1829/1842 1649/1903/1843 1650/1904/1841
f 1590/1829/1842 1591/1830/1844 1648/1902/1845 1649/1903/1843
f 1591/1830/1844 1586/1831/1834 1647/1900/1837 1648/1902/1845
f 1592/1832/1846 1593/1833/1847 1646/1899/1848 1641/1894/1849
f 1593/1833/1847 1594/1834/1850 1645/1898/1851 1646/1899/1848
f 1594/1834/1850 1595/1835/1852 1644/1897/1853 1645/1898/1851
f 1595/1835/1852 1596/1836/1854 1643/1896/1855 1644/1897/1853
f 1596/1836/1854 1597/1837/1856 1642/1895/1857 1643/1896/1855
f 1597/1837/1856 1592/1838/1846 1641/1893/1849 1642/1895/1857
f 1598/1839/1858 1599/1840/1859 1640/1892/1860 1635/1887/1861
f 1599/1840/1859 1600/1841/1862 1639/1891/1863 1640/1892/1860
f 1600/1841/1862 1601/1842/1864 1638/1890/1865 1639/1891/1863
f 1601/1842/1864 1602/1843/1866 1637/1889/1867 1638/1890/1865
f 1602/1843/1866 1603/1844/1868 1636/1888/1869 1637/1889/1867
f 1603/1844/1868 1598/1845/1858 1635/1886/1861 1636/1888/1869
f 1604/1846/1870 1605/1847/1871 1611/1854/1872 1610/1853/1873
f 1605/1847/1871 1606/1848/1874 1612/1855/1875 1611/1854/1872
f 1606/1848/1874 1607/1849/1876 1613/1856/1877 1612/1855/1875
f 1607/1849/1876 1608/1850/1878 1614/1857/1879 1613/1856/1877
f 1608/1850/1878 1609/1851/1880 1615/1858/1881 1614/1857/1879
f 1609/1851/1880 1604/1852/1870 1610/1859/1873 1615/1858/1881
f 1610/1853/1873 1611/1854/1872 1617/1861/1882 1616/1860/1883
f 1611/1854/1872 1612/1855/1875 1618/1862/1884 1617/1861/1882
f 1612/1855/1875 1613/1856/1877 1619/1863/1885 1618/1862/1884
f 1613/1856/1877 1614/1857/1879 1620/1864/1886 1619/1863/1885
f 1614/1857/1879 1615/1858/1881 1621/1865/1887 1620/1864/1886
f 1615/1858/1881 1610/1859/1873 1616/1866/1883 1621/1865/1887
f 1616/1871/1883 1617/1870/1882 1623/1876/1888 1622/1877/1889
f 1617/1870/1882 1618/1869/1884 1624/1875/1890 1623/1876/1888
f 1618/1869/1884 1619/1868/1885 1625/1874/1891 1624/1875/1890
f 1619/1868/1885 1620/1867/1886 1626/1873/1892 1625/1874/1891
f 1620/1867/1886 1621/1872/1887 1627/1878/1893 1626/1873/1892
f 1621/1872/1887 1616/1871/1883 1622/1877/1889 1627/1878/1893
f 1622/1877/1889 1623/1876/1888 1629/1882/1894 1628/1883/1895
f 1623/1876/1888 1624/1875/1890 1630/1881/1896 1629/1882/1894
f 1624/1875/1890 1625/1874/1891 1631/1880/1897 1630/1881/1896
f 1625/1874/1891 1626/1873/1892 1632/1879/1898 1631/1880/1897
f 1626/1873/1892 1627/1878/1893 1633/1884/1899 1632/1879/1898
f 1627/1878/1893 1622/1877/1889 1628/1883/1895 1633/1884/1899
f 1628/1883/1895 1629/1882/1894 1634/1885/1900
f 1629/1882/1894 1630/1881/1896 1634/1885/1900
f 1630/1881/1896 1631/1880/1897 1634/1885/1900
f 1631/1880/1897 1632/1879/1898 1634/1885/1900
f 1632/1879/1898 1633/1884/1899 1634/1885/1900
f 1633/1884/1899 1628/1883/1895 1634/1885/1900
f 1636/1888/1869 1635/1886/1861 1604/1852/1870 1609/1851/1880
f 1637/1889/1867 1636/1888/1869 1609/1851/1880 1608/1850/1878
f 1638/1890/1865 1637/1889/1867 1608/1850/1878 1607/1849/1876
f 1639/1891/1863 1638/1890/1865 1607/1849/1876 1606/1848/1874
f 1640/1892/1860 1639/1891/1863 1606/1848/1874 1605/1847/1871
f 1635/1887/1861 1640/1892/1860 1605/1847/1871 1604/1846/1870
f 1642/1895/1857 1641/1893/1849 1598/1845/1858 1603/1844/1868
f 1643/1896/1855 1642/1895/1857 1603/1844/1868 1602/1843/1866
f 1644/1897/1853 1643/1896/1855 1602/1843/1866 1601/1842/1864
f 1645/1898/1851 1644/1897/1853 1601/1842/1864 1600/1841/1862
f 1646/1899/1848 1645/1898/1851 1600/1841/1862 1599/1840/1859
f 1641/1894/1849 1646/1899/1848 1599/1840/1859 1598/1839/1858
f 1648/1902/1845 1647/1900/1837 1592/1838/1846 1597/1837/1856
f 1649/1903/1843 1648/1902/1845 1597/1837/1856 1596/1836/1854
f 1650/1904/1841 1649/1903/1843 1596/1836/1854 1595/1835/1852
f 1651/1905/1839 1650/1904/1841 1595/1835/1852 1594/1834/1850
f 1652/1906/1836 1651/1905/1839 1594/1834/1850 1593/1833/1847
f 1647/1901/1837 1652/1906/1836 1593/1833/1847 1592/1832/1846
g default
v -48.109211 -0.621791 30.295065
v 12.480923 -0.621791 30.295065
v -48.109211 -0.621791 -30.295065
v 12.480923 -0.621791 -30.295065
vt 0.000000 0.000000
vt 1.000000 0.000000
vt 0.000000 1.000000
vt 1.000000 1.000000
vn 0.000000 1.000000 0.000000
vn 0.000000 1.000000 0.000000
vn 0.000000 1.000000 0.000000
vn 0.000000 1.000000 0.000000
s off
g Ground
usemtl initialShadingGroup
f 1653/1907/1901 1654/1908/1902 1656/1910/1903 1655/1909/1904
g default
v 0.949209 -0.370470 5.326317
v 0.455302 -0.699116 5.317642
v -0.148194 -0.699116 5.303978
v -0.631062 -0.370470 5.290466
v -0.803820 0.161290 5.283801
v -0.601448 0.693051 5.286253
v -0.105327 1.021697 5.295610
v 0.495646 1.021697 5.308490
v 0.966044 0.693051 5.318162
v 1.138852 0.161290 5.324836
v 1.015269 -0.424894 5.380474
v 0.471289 -0.788105 5.371465
v -0.192731 -0.788105 5.357278
v -0.723567 -0.424894 5.343207
v -0.914550 0.162794 5.335833
v -0.693684 0.750481 5.337674
v -0.148364 1.113692 5.347096
v 0.513906 1.113692 5.360743
v 1.033196 0.750481 5.371251
v 1.224179 0.162794 5.378627
v 1.119351 -0.443619 4.704699
v 0.561237 -0.806830 4.691329
v -0.118543 -0.806829 4.672283
v -0.660908 -0.443618 4.654649
v -0.851891 0.144069 4.647280
v -0.619196 0.731757 4.652768
v -0.057875 1.094968 4.667129
v 0.618461 1.094968 4.685107
v 1.143231 0.731757 4.697313
v 1.334214 0.144069 4.704689
v 1.160022 -0.462343 4.009361
v 0.596517 -0.825554 3.994330
v -0.088983 -0.825554 3.973514
v -0.635367 -0.462342 3.954647
v -0.826350 0.125345 3.947271
v -0.588983 0.713033 3.954207
v -0.021517 1.076244 3.970457
v 0.660022 1.076244 3.990046
v 1.377514 0.125345 4.010163
v 1.160022 -0.481067 3.301479
v 0.596517 -0.844278 3.286447
v -0.088983 -0.844278 3.265635
v -0.635367 -0.481067 3.246768
v -0.826350 0.106621 3.239392
v -0.588983 0.694309 3.246325
v -0.021517 1.057520 3.262578
v 0.660022 1.057520 3.282167
v 1.186531 0.694309 3.294904
v 1.377514 0.106621 3.302279
v 1.118253 -0.499791 2.580708
v 0.559686 -0.863002 2.567200
v -0.119837 -0.863002 2.548235
v -0.661591 -0.499791 2.530796
v -0.853334 0.086825 2.512899
v -0.623467 0.671180 2.476828
v -0.065658 1.031944 2.457118
v 0.609535 1.031944 2.474752
v 1.137059 0.671180 2.520783
v 1.332997 0.086825 2.570378
v 1.012366 -0.524263 1.834990
v 0.468956 -0.881726 1.831332
v -0.194625 -0.881726 1.817282
v -0.725243 -0.524263 1.798104
v -0.920757 0.038696 1.752861
v -0.709264 0.572131 1.677717
v -0.173491 0.902171 1.638635
v 0.484709 0.901998 1.650496
v 1.009319 0.574728 1.704368
v 1.216406 0.037180 1.794998
v 0.893954 -0.544909 1.090289
v 0.367827 -0.900450 1.092775
v -0.277636 -0.900450 1.085268
v -0.794471 -0.544831 1.070595
v -0.990040 -0.002920 1.027229
v -0.794033 0.507514 0.961933
v -0.275541 0.833769 0.934097
v 0.368565 0.833227 0.940507
v 0.886418 0.506667 0.977918
v 1.091006 -0.003369 1.049725
v 0.800354 -0.555381 0.364477
v 0.281990 -0.919174 0.367196
v -0.351663 -0.919174 0.366229
v -0.857378 -0.556033 0.361515
v -1.049451 0.013081 0.345356
v -0.858468 0.550196 0.325051
v -0.347682 0.890390 0.324223
v 0.289574 0.889547 0.325690
v 0.805019 0.559497 0.327960
v 1.000936 0.019595 0.349213
v 0.751908 -0.574687 -0.346213
v 0.229650 -0.937898 -0.341654
v -0.410295 -0.937898 -0.341654
v -0.920131 -0.574687 -0.346213
v -1.111423 0.014074 -0.353284
v -0.913184 0.607533 -0.344925
v -0.391974 0.976850 -0.325438
v 0.249352 0.976623 -0.325537
v 0.765601 0.609105 -0.342686
v 0.957354 0.014570 -0.353139
v 0.699581 -0.622942 -1.809619
v 0.166606 -1.011540 -1.829976
v -0.482934 -1.003673 -1.820158
v -0.996782 -0.599489 -1.791016
v -1.187765 0.014120 -1.775415
v -0.982651 0.616999 -1.744023
v -0.450679 0.979472 -1.724734
v 0.200698 0.979472 -1.724734
v 0.723248 0.616999 -1.744022
v 0.914761 0.007062 -1.776371
v 0.699581 -0.561498 -2.552012
v 0.166606 -0.948198 -2.592862
v -0.482934 -0.948669 -2.579127
v -0.996782 -0.560714 -2.526383
v -1.187765 0.066352 -2.485044
v -0.982651 0.672414 -2.421698
v -0.450679 1.033153 -2.383613
v 0.200698 1.033153 -2.383613
v 0.723248 0.672414 -2.421698
v 0.914761 0.065435 -2.485775
v 0.714615 -0.473481 -3.269892
v 0.184602 -0.840793 -3.316145
v -0.462357 -0.853550 -3.302975
v -0.975174 -0.491366 -3.257524
v -1.166156 0.119973 -3.193729
v -0.865473 0.799569 -3.232990
v -0.519370 1.035104 -3.203331
v 0.213247 1.085299 -3.073606
v 0.734813 0.725615 -3.118898
v 0.926474 0.130361 -3.193854
v 0.751661 -0.369513 -3.971861
v 0.229366 -0.729196 -4.017154
v -0.410627 -0.729196 -4.017154
v -0.920507 -0.369512 -3.971861
v -1.111423 0.212469 -3.898576
v -0.832044 0.844644 -3.695562
v -0.490735 1.080180 -3.665903
v 0.249352 1.154133 -3.779996
v 0.765601 0.794449 -3.825287
v 0.957237 0.212469 -3.898576
v 0.790566 -0.257916 -4.672871
v 0.278675 -0.617600 -4.718163
v -0.351780 -0.617600 -4.718163
v -0.857711 -0.257916 -4.672871
v -1.048693 0.324065 -4.599585
v -0.853374 0.906046 -4.526301
v -0.341204 1.265730 -4.481008
v 0.289382 1.265730 -4.481008
v 0.797363 0.906046 -4.526301
v 0.988650 0.324065 -4.599585
v 0.888462 -0.203235 -5.383246
v 0.337705 -0.598095 -5.432968
v -0.344246 -0.598095 -5.432968
v -0.895114 -0.203235 -5.383246
v -1.104775 0.435662 -5.302787
v -0.893621 1.074559 -5.222341
v -0.341245 1.469419 -5.172620
v 0.339563 1.469419 -5.172620
v 0.888462 1.074559 -5.222341
v 1.098122 0.435662 -5.302787
v 0.803190 -0.152269 -5.313813
v 0.303840 -0.509552 -5.358803
v -0.314056 -0.509552 -5.358803
v -0.812779 -0.152269 -5.313813
v -1.002487 0.425828 -5.241016
v -0.811213 1.003924 -5.168220
v -0.310635 1.361207 -5.123229
v 0.306327 1.361207 -5.123229
v 0.803943 1.003924 -5.168220
v 0.993651 0.425827 -5.241016
v 1.004378 -0.379619 4.755063
v 0.503597 -0.708264 4.744268
v -0.107655 -0.708264 4.728216
v -0.596262 -0.379618 4.712925
v -0.769070 0.152142 4.706254
v -0.560812 0.683903 4.710516
v -0.056851 1.012548 4.722291
v 0.550972 1.012548 4.737284
v 1.024051 0.683903 4.747783
v 1.196786 0.152142 4.754435
v 0.264466 -0.479872 -5.009113
v -0.302441 -0.479872 -5.009113
v -0.758502 -0.154417 -4.968131
v -0.931310 0.372179 -4.901820
v -0.755749 0.898776 -4.835509
v -0.295840 1.224231 -4.794527
v 0.270813 1.224231 -4.794527
v 0.727650 0.898776 -4.835509
v 0.900457 0.372179 -4.901820
v 0.723976 -0.154418 -4.968131
v 0.791645 -0.446771 6.264547
v 0.388830 -0.826752 6.608924
v 0.507867 -0.929901 6.663109
v 0.961090 -0.509855 6.319068
v 0.840707 0.008029 6.281133
v 1.020951 0.009597 6.329865
v -0.054643 0.926382 6.524971
v 0.534195 0.982530 6.792651
v 0.578750 1.182227 6.907397
v -0.183121 1.118428 6.602027
v 0.796724 0.774701 6.341940
v 0.951087 0.890489 6.396652
v 0.874877 0.223134 6.518242
v 1.067413 0.173847 6.598093
v -0.704641 -0.491731 6.444114
v -0.932111 0.113977 6.077416
v -1.180258 0.116111 6.144497
v -0.929290 -0.568981 6.512119
v -0.750034 0.607614 6.437338
v -0.974336 0.689132 6.503640
v -0.184482 0.962029 6.406994
v -0.345345 1.092609 6.473379
v 0.430981 -0.793518 6.735243
v -0.119175 -0.818810 6.605249
v -0.261070 -0.985708 6.663359
v 0.433774 -0.913481 6.810246
v -0.606122 -0.496217 6.297819
v -0.810862 -0.616520 6.342361
v 0.941895 0.828391 4.244618
v 1.144978 0.699404 4.331112
v 0.878374 0.916623 4.012753
v 1.225119 0.449941 4.223014
v 1.278913 0.381413 3.982197
v 1.192197 0.681116 3.663841
v 0.932169 0.848095 3.771940
v 1.215392 0.469644 3.750334
v 1.525248 1.157073 4.592990
v 1.597422 1.016939 4.651308
v 1.491816 1.218847 4.440302
v 1.666059 0.880534 4.581092
v 1.690953 0.827762 4.423476
v 1.585347 1.029670 4.212470
v 1.516710 1.166075 4.282685
v 1.657521 0.889536 4.270788
v 2.028762 1.411885 4.546157
v 2.082241 1.308049 4.589368
v 2.144837 1.347118 4.426262
v 2.003989 1.457659 4.433017
v 2.133100 1.206976 4.537337
v 2.151546 1.167873 4.420549
v 2.073294 1.317483 4.264199
v 2.022435 1.418556 4.316227
v 2.126773 1.213647 4.307410
v 1.758491 1.212958 4.594691
v 1.773558 1.184452 4.616066
v 1.844558 1.228895 4.593566
v 1.833394 1.250017 4.577728
v 1.753735 1.318215 4.878716
v 1.761235 1.297141 4.886074
v 1.796807 1.330477 4.879906
v 1.791250 1.346092 4.874452
v 1.738807 1.265460 5.083922
v 1.744858 1.253945 5.088725
v 1.773557 1.272159 5.084695
v 1.769074 1.280692 5.081138
v 1.722672 1.357413 5.332098
v 1.726293 1.350522 5.334972
v 1.743466 1.361421 5.332561
v 1.740783 1.366527 5.330431
v -0.993522 1.001670 -3.260963
v -0.795135 1.136992 -3.228320
v -0.778224 1.162889 -3.547355
v -0.974775 1.027567 -3.553935
v -1.070697 1.387739 -3.170189
v -0.953029 1.425063 -3.159884
v -0.942605 1.440722 -3.320585
v -1.059559 1.403398 -3.330888
v -1.011501 1.460707 -3.193950
v -1.007913 1.400345 -3.119710
v -0.924330 1.462933 -3.216268
v -0.994070 1.420453 -3.326057
v -1.077653 1.407720 -3.229499
v -0.730094 0.934648 -3.256438
v -0.692421 0.917336 -3.218161
v -0.620518 1.011846 -3.269691
v -0.897300 1.065014 -3.224570
v -0.833295 0.866709 -3.300318
v -0.586885 1.053414 -3.432947
v -0.602380 1.039622 -3.611869
v -0.751461 1.166984 -3.384121
v -0.704597 0.971682 -3.636489
v -0.661389 0.962412 -3.680732
v -0.813188 0.894484 -3.614541
v -0.873528 1.099544 -3.578918
v -0.848541 0.874106 -3.454875
v -0.995421 0.999804 -3.408354
v -0.979876 1.244347 -3.154455
v -0.890366 1.307408 -3.185797
v -1.064179 1.188849 -3.200727
v -0.844448 1.320813 -3.305643
v -0.875550 1.330097 -3.418638
v -0.959049 1.274600 -3.464910
v -1.047754 1.211538 -3.433567
v -1.058189 1.174341 -3.324086
v -0.865874 0.803937 -6.051319
v -0.715578 1.520764 -6.326612
v -0.583021 1.425759 -6.260386
v -0.698395 0.841812 -6.010795
v -0.263277 1.724156 -5.907917
v -0.222207 1.529480 -5.890177
v 0.324301 1.820055 -6.092555
v 0.245646 1.614842 -6.040869
v 0.955449 -0.255481 -5.973461
v 0.309196 -0.548335 -6.222948
v 0.254518 -0.396008 -6.103204
v 0.817770 -0.167801 -5.861356
v -0.302371 -0.559254 -5.734656
v -0.253628 -0.376125 -5.671361
v -0.792385 -0.169696 -6.075602
v -0.659449 -0.082016 -5.963497
v -0.978002 0.706197 -6.268360
v -0.812851 0.689277 -6.168624
v 0.429343 1.519274 -6.017941
v 1.049381 1.205301 -5.725908
v 0.879619 1.037585 -5.670218
v 0.396050 1.268548 -5.932571
v 1.241254 0.809230 -5.915596
v 1.024375 0.762276 -5.827786
v 0.953443 -0.054054 -5.953984
v 0.794390 0.076299 -5.852347
v -0.082151 0.152142 4.723090
v 0.527703 0.152142 4.738036
v 0.267638 0.372179 -4.901820
v -0.299141 0.372179 -4.901820
vt 0.563204 0.110329
vt 0.524142 0.081949
vt 0.475858 0.081949
vt 0.436796 0.110329
vt 0.421875 0.156250
vt 0.436796 0.202171
vt 0.475858 0.230551
vt 0.524142 0.230551
vt 0.563204 0.202171
vt 0.578125 0.156250
vt 0.626409 0.064409
vt 0.548284 0.007647
vt 0.451716 0.007647
vt 0.373591 0.064409
vt 0.343750 0.156250
vt 0.373591 0.248091
vt 0.451716 0.304853
vt 0.548284 0.304853
vt 0.626409 0.248091
vt 0.656250 0.156250
vt 0.375000 0.312500
vt 0.400000 0.312500
vt 0.425000 0.312500
vt 0.450000 0.312500
vt 0.475000 0.312500
vt 0.500000 0.312500
vt 0.525000 0.312500
vt 0.550000 0.312500
vt 0.575000 0.312500
vt 0.600000 0.312500
vt 0.625000 0.312500
vt 0.375000 0.337500
vt 0.400000 0.337500
vt 0.425000 0.337500
vt 0.450000 0.337500
vt 0.475000 0.337500
vt 0.500000 0.337500
vt 0.525000 0.337500
vt 0.550000 0.337500
vt 0.575000 0.337500
vt 0.600000 0.337500
vt 0.625000 0.337500
vt 0.375000 0.362500
vt 0.400000 0.362500
vt 0.425000 0.362500
vt 0.450000 0.362500
vt 0.475000 0.362500
vt 0.500000 0.362500
vt 0.525000 0.362500
vt 0.550000 0.362500
vt 0.575000 0.362500
vt 0.600000 0.362500
vt 0.625000 0.362500
vt 0.375000 0.387500
vt 0.400000 0.387500
vt 0.425000 0.387500
vt 0.450000 0.387500
vt 0.475000 0.387500
vt 0.500000 0.387500
vt 0.525000 0.387500
vt 0.550000 0.387500
vt 0.575000 0.387500
vt 0.600000 0.387500
vt 0.625000 0.387500
vt 0.375000 0.412500
vt 0.400000 0.412500
vt 0.425000 0.412500
vt 0.450000 0.412500
vt 0.475000 0.412500
vt 0.500000 0.412500
vt 0.525000 0.412500
vt 0.550000 0.412500
vt 0.575000 0.412500
vt 0.600000 0.412500
vt 0.625000 0.412500
vt 0.375000 0.437500
vt 0.400000 0.437500
vt 0.425000 0.437500
vt 0.450000 0.437500
vt 0.475000 0.437500
vt 0.500000 0.437500
vt 0.525000 0.437500
vt 0.550000 0.437500
vt 0.575000 0.437500
vt 0.600000 0.437500
vt 0.625000 0.437500
vt 0.375000 0.462500
vt 0.400000 0.462500
vt 0.425000 0.462500
vt 0.450000 0.462500
vt 0.475000 0.462500
vt 0.500000 0.462500
vt 0.525000 0.462500
vt 0.550000 0.462500
vt 0.575000 0.462500
vt 0.600000 0.462500
vt 0.625000 0.462500
vt 0.375000 0.487500
vt 0.400000 0.487500
vt 0.425000 0.487500
vt 0.450000 0.487500
vt 0.475000 0.487500
vt 0.500000 0.487500
vt 0.525000 0.487500
vt 0.550000 0.487500
vt 0.575000 0.487500
vt 0.600000 0.487500
vt 0.625000 0.487500
vt 0.375000 0.512500
vt 0.400000 0.512500
vt 0.425000 0.512500
vt 0.450000 0.512500
vt 0.475000 0.512500
vt 0.500000 0.512500
vt 0.525000 0.512500
vt 0.550000 0.512500
vt 0.575000 0.512500
vt 0.600000 0.512500
vt 0.625000 0.512500
vt 0.375000 0.562500
vt 0.400000 0.562500
vt 0.425000 0.562500
vt 0.450000 0.562500
vt 0.475000 0.562500
vt 0.500000 0.562500
vt 0.525000 0.562500
vt 0.550000 0.562500
vt 0.575000 0.562500
vt 0.600000 0.562500
vt 0.625000 0.562500
vt 0.375000 0.587500
vt 0.400000 0.587500
vt 0.425000 0.587500
vt 0.450000 0.587500
vt 0.475000 0.587500
vt 0.500000 0.587500
vt 0.525000 0.587500
vt 0.550000 0.587500
vt 0.575000 0.587500
vt 0.600000 0.587500
vt 0.625000 0.587500
vt 0.375052 0.612562
vt 0.400072 0.612597
vt 0.425060 0.612491
vt 0.449864 0.612510
vt 0.474599 0.612446
vt 0.501563 0.615675
vt 0.524135 0.615663
vt 0.549806 0.612282
vt 0.574994 0.612471
vt 0.600049 0.612523
vt 0.625156 0.612571
vt 0.375000 0.637500
vt 0.400000 0.637500
vt 0.425000 0.637500
vt 0.450000 0.637500
vt 0.475000 0.637500
vt 0.503125 0.634375
vt 0.521875 0.634375
vt 0.550000 0.637500
vt 0.575000 0.637500
vt 0.600000 0.637500
vt 0.625000 0.637500
vt 0.375000 0.662500
vt 0.400000 0.662500
vt 0.425000 0.662500
vt 0.450000 0.662500
vt 0.475000 0.662500
vt 0.500000 0.662500
vt 0.525000 0.662500
vt 0.550000 0.662500
vt 0.575000 0.662500
vt 0.600000 0.662500
vt 0.625000 0.662500
vt 0.375000 0.687500
vt 0.400000 0.687500
vt 0.425000 0.687500
vt 0.450000 0.687500
vt 0.475000 0.687500
vt 0.500000 0.687500
vt 0.525000 0.687500
vt 0.550000 0.687500
vt 0.575000 0.687500
vt 0.600000 0.687500
vt 0.625000 0.687500
vt 0.626409 0.751909
vt 0.548284 0.695147
vt 0.451716 0.695147
vt 0.373591 0.751909
vt 0.343750 0.843750
vt 0.373591 0.935591
vt 0.451716 0.992353
vt 0.548284 0.992353
vt 0.626409 0.935591
vt 0.656250 0.843750
vt 0.563204 0.797829
vt 0.524142 0.769449
vt 0.475858 0.769449
vt 0.436796 0.797829
vt 0.421875 0.843750
vt 0.436796 0.889671
vt 0.475858 0.918051
vt 0.524142 0.918051
vt 0.563204 0.889671
vt 0.578125 0.843750
vt 0.524142 0.081949
vt 0.563204 0.110329
vt 0.475858 0.081949
vt 0.436796 0.110329
vt 0.421875 0.156250
vt 0.436796 0.202171
vt 0.475858 0.230551
vt 0.524142 0.230551
vt 0.563204 0.202171
vt 0.578125 0.156250
vt 0.524142 0.918051
vt 0.475858 0.918051
vt 0.436796 0.889671
vt 0.421875 0.843750
vt 0.436796 0.797829
vt 0.475858 0.769449
vt 0.524142 0.769449
vt 0.563204 0.797829
vt 0.578125 0.843750
vt 0.563204 0.889671
vt 0.563204 0.110329
vt 0.524142 0.081949
vt 0.548284 0.007647
vt 0.626409 0.064409
vt 0.578125 0.156250
vt 0.656250 0.156250
vt 0.475858 0.230551
vt 0.524142 0.230551
vt 0.548284 0.304853
vt 0.451716 0.304853
vt 0.563204 0.202171
vt 0.626409 0.248091
vt 0.578125 0.156250
vt 0.656250 0.156250
vt 0.436796 0.110329
vt 0.421875 0.156250
vt 0.343750 0.156250
vt 0.373591 0.064409
vt 0.436796 0.202171
vt 0.373591 0.248091
vt 0.475858 0.230551
vt 0.451716 0.304853
vt 0.524142 0.081949
vt 0.475858 0.081949
vt 0.451716 0.007647
vt 0.548284 0.007647
vt 0.436796 0.110329
vt 0.373591 0.064409
vt 0.550000 0.337500
vt 0.575000 0.337500
vt 0.550000 0.362500
vt 0.600000 0.337500
vt 0.600000 0.362500
vt 0.575000 0.387500
vt 0.550000 0.387500
vt 0.600000 0.387500
vt 0.550000 0.337500
vt 0.575000 0.337500
vt 0.550000 0.362500
vt 0.600000 0.337500
vt 0.600000 0.362500
vt 0.575000 0.387500
vt 0.550000 0.387500
vt 0.600000 0.387500
vt 0.550000 0.337500
vt 0.575000 0.337500
vt 0.550000 0.362500
vt 0.600000 0.337500
vt 0.600000 0.362500
vt 0.575000 0.387500
vt 0.550000 0.387500
vt 0.600000 0.387500
vt 0.550000 0.337500
vt 0.575000 0.337500
vt 0.575000 0.337500
vt 0.550000 0.337500
vt 0.550000 0.337500
vt 0.575000 0.337500
vt 0.575000 0.337500
vt 0.550000 0.337500
vt 0.550000 0.337500
vt 0.575000 0.337500
vt 0.575000 0.337500
vt 0.550000 0.337500
vt 0.550000 0.337500
vt 0.575000 0.337500
vt 0.575000 0.337500
vt 0.550000 0.337500
vt 0.503125 0.615625
vt 0.521875 0.615625
vt 0.521875 0.634375
vt 0.503125 0.634375
vt 0.505556 0.618055
vt 0.519444 0.618055
vt 0.519444 0.631944
vt 0.505556 0.631944
vt 0.512500 0.625000
vt 0.512500 0.615625
vt 0.521875 0.625000
vt 0.512500 0.634375
vt 0.503125 0.625000
vt 0.512500 0.612500
vt 0.512500 0.612500
vt 0.521875 0.615625
vt 0.512500 0.612500
vt 0.503125 0.615625
vt 0.525000 0.625000
vt 0.521875 0.634375
vt 0.525000 0.625000
vt 0.512500 0.637500
vt 0.512500 0.637500
vt 0.503125 0.634375
vt 0.512500 0.637500
vt 0.500000 0.625000
vt 0.500000 0.625000
vt 0.512500 0.612500
vt 0.521875 0.615625
vt 0.503125 0.615625
vt 0.525000 0.625000
vt 0.521875 0.634375
vt 0.512500 0.637500
vt 0.503125 0.634375
vt 0.500000 0.625000
vt 0.343750 0.843750
vt 0.373591 0.751909
vt 0.436796 0.797829
vt 0.421875 0.843750
vt 0.451716 0.695147
vt 0.475858 0.769449
vt 0.548284 0.695147
vt 0.524142 0.769449
vt 0.626409 0.935591
vt 0.548284 0.992353
vt 0.524142 0.918051
vt 0.563204 0.889671
vt 0.451716 0.992353
vt 0.475858 0.918051
vt 0.373591 0.935591
vt 0.436796 0.889671
vt 0.343750 0.843750
vt 0.421875 0.843750
vt 0.548284 0.695147
vt 0.626409 0.751909
vt 0.563204 0.797829
vt 0.524142 0.769449
vt 0.656250 0.843750
vt 0.578125 0.843750
vt 0.626409 0.935591
vt 0.563204 0.889671
vt 0.476473 0.156250
vt 0.524945 0.156250
vt 0.524145 0.843750
vt 0.475799 0.843750
vn -0.749224 0.656573 0.087039
vn -0.802810 0.560978 0.201990
vn 0.472666 -0.873372 0.117507
vn 0.784483 -0.612402 0.097723
vn 0.194389 0.961861 0.192448
vn 0.096490 0.964833 0.244515
vn -0.175900 -0.984199 -0.020300
vn 0.149225 -0.988722 -0.012675
vn 0.324687 0.918122 0.227224
vn -0.672631 -0.737804 -0.056679
vn 0.909827 0.053524 0.411522
vn 0.944577 0.009302 0.328157
vn -0.995944 -0.004908 -0.089844
vn -0.854712 -0.514650 0.067845
vn 0.637926 -0.699798 0.321456
vn -0.765567 0.642282 0.037160
vn 0.725096 -0.669590 0.160887
vn -0.418692 0.900645 0.116343
vn -0.161023 -0.983623 0.080980
vn -0.095535 -0.964469 0.246320
vn 0.170298 0.979262 0.109745
vn -0.207589 0.975883 0.067526
vn -0.789156 -0.612522 0.045280
vn 0.803191 0.588782 0.090660
vn -0.895930 -0.437371 0.077561
vn 0.971963 0.039409 0.231810
vn -0.902384 0.430853 0.008265
vn 0.959280 -0.009102 0.282309
vn 0.799631 -0.597367 0.061185
vn 0.293556 -0.954913 -0.044333
vn 0.286877 -0.956415 0.054515
vn 0.776079 -0.622964 0.098072
vn -0.239283 -0.965787 -0.099995
vn -0.281050 -0.959669 0.006799
vn -0.755059 -0.637261 -0.154222
vn -0.789845 -0.612288 -0.035333
vn -0.980274 0.021511 -0.196467
vn -0.997154 0.033636 -0.067468
vn -0.734754 0.665907 -0.129246
vn -0.764324 0.640454 -0.075013
vn -0.299644 0.952915 -0.046546
vn -0.275188 0.960144 -0.048935
vn 0.231273 0.972625 -0.022666
vn 0.251066 0.967969 0.001699
vn 0.825739 0.561302 0.055635
vn 0.805443 0.589335 0.062821
vn 0.990548 -0.000867 0.137163
vn 0.990620 -0.076396 0.113293
vn 0.282840 -0.958595 0.033126
vn 0.774918 -0.630851 0.039096
vn -0.280404 -0.959672 0.020074
vn -0.789300 -0.614006 0.001684
vn -0.999061 0.038491 -0.019912
vn -0.761938 0.646782 -0.033533
vn -0.274701 0.960990 -0.032197
vn 0.172137 0.984874 -0.019815
vn -0.117120 0.838533 0.532114
vn 0.430408 -0.048820 0.901313
vn 0.890809 0.454244 -0.011006
vn -0.260365 0.964875 0.035026
vn 0.578507 -0.486677 0.654580
vn 0.709285 -0.703783 -0.040058
vn 0.987361 -0.155005 0.033045
vn 0.283773 -0.958740 0.017065
vn 0.776227 -0.630425 -0.006029
vn -0.280295 -0.959423 0.030705
vn -0.789558 -0.612871 0.031436
vn -0.998950 0.041805 0.018753
vn -0.759422 0.650598 -0.000987
vn -0.272132 0.962029 -0.021088
vn 0.248639 0.967920 -0.036200
vn 0.198272 0.158375 -0.967267
vn -0.146317 0.737751 -0.659026
vn 0.541002 -0.446867 -0.712479
vn 0.996709 -0.075264 -0.030105
vn 0.288482 -0.957482 -0.002342
vn 0.778699 -0.624669 -0.058449
vn -0.280501 -0.958841 0.044084
vn -0.789132 -0.610271 0.069570
vn -0.997206 0.045114 0.059547
vn -0.752154 0.658978 0.003620
vn -0.264661 0.962011 -0.066999
vn 0.288181 0.950417 -0.116871
vn 0.793471 0.607699 -0.033264
vn 0.783156 0.607928 -0.130731
vn 0.994227 -0.009125 -0.106906
vn 0.287341 -0.957709 -0.015100
vn 0.773211 -0.627052 -0.094602
vn -0.287193 -0.956347 0.054039
vn -0.786292 -0.610601 0.094401
vn -0.995782 0.028170 0.087315
vn -0.759546 0.650307 0.013805
vn -0.272777 0.958284 -0.085356
vn 0.277737 0.946631 -0.163561
vn 0.768739 0.610554 -0.190433
vn 0.986847 -0.013989 -0.161051
vn 0.290601 -0.956715 -0.015749
vn 0.773436 -0.626459 -0.096679
vn -0.293937 -0.954332 0.053400
vn -0.785815 -0.612038 0.088909
vn -0.995478 -0.000983 0.094984
vn -0.771333 0.631979 0.075150
vn -0.281314 0.959270 0.025763
vn 0.276030 0.959835 -0.050236
vn 0.774729 0.619919 -0.124477
vn 0.988840 -0.025046 -0.146862
vn 0.294302 -0.955703 -0.004325
vn 0.784987 -0.616085 -0.065075
vn -0.301120 -0.952209 0.051228
vn -0.794840 -0.601247 0.082050
vn -0.995301 0.000093 0.096829
vn -0.781435 0.612487 0.119248
vn -0.290064 0.948605 0.126538
vn 0.280864 0.956775 0.075478
vn 0.782768 0.621946 -0.021410
vn 0.996210 -0.011412 -0.086230
vn 0.303174 -0.952680 0.022033
vn 0.797788 -0.602688 -0.017356
vn -0.310131 -0.949200 0.053278
vn -0.806601 -0.587456 0.065504
vn -0.997732 0.003485 0.067214
vn -0.792778 0.605999 0.065339
vn -0.292360 0.954757 0.054454
vn 0.294359 0.955329 0.026453
vn 0.799613 0.600344 -0.014366
vn 0.999204 -0.016309 -0.036405
vn 0.294865 -0.955521 -0.005819
vn 0.792145 -0.609974 -0.020925
vn -0.318652 -0.947793 0.012221
vn -0.812419 -0.582518 0.025458
vn -0.999331 -0.002453 0.036493
vn -0.805321 0.591190 0.044183
vn -0.304384 0.951844 0.036645
vn 0.296920 0.954687 0.020287
vn 0.810189 0.586169 -0.000250
vn 0.999342 -0.030591 -0.019495
vn 0.304422 -0.947332 -0.099447
vn 0.799007 -0.598816 -0.054837
vn -0.316142 -0.943667 -0.097710
vn -0.816964 -0.573600 -0.059600
vn -0.999119 0.033802 -0.024864
vn -0.822204 0.568888 0.018607
vn -0.268960 0.961265 0.060255
vn 0.272193 0.959966 0.066161
vn 0.807203 0.587820 0.053774
vn 0.999669 -0.025310 0.004628
vn 0.301936 -0.944531 -0.129214
vn 0.795453 -0.603559 -0.054508
vn -0.304791 -0.939730 -0.154950
vn -0.808903 -0.575586 -0.119907
vn -0.996786 0.050180 -0.062451
vn -0.899991 0.435446 -0.020082
vn -0.219195 0.973547 0.064494
vn -0.564124 0.822629 0.071031
vn 0.256199 0.963474 0.077972
vn 0.804488 0.588907 0.077382
vn 0.999410 -0.023349 0.025193
vn -0.968432 0.243648 -0.052676
vn -0.879579 0.018486 0.475394
vn -0.093779 0.065635 0.993427
vn -0.312728 0.938472 0.146529
vn 0.795372 -0.604057 -0.049984
vn 0.300175 -0.944587 -0.132856
vn 0.304318 -0.950339 -0.065158
vn 0.798926 -0.601373 0.008305
vn -0.300889 -0.936855 -0.178239
vn -0.301551 -0.948079 -0.101063
vn -0.804160 -0.572636 -0.159417
vn -0.805094 -0.587585 -0.081047
vn -0.996473 0.053508 -0.064649
vn -0.999544 0.027959 0.011395
vn -0.902611 0.430458 -0.000603
vn -0.822814 0.556195 0.116723
vn -0.574498 0.816715 0.054114
vn -0.225706 0.966898 0.119016
vn 0.262589 0.953236 0.149624
vn 0.283358 0.929436 0.236342
vn -0.272489 0.938017 0.214183
vn 0.805211 0.582167 0.112767
vn 0.800620 0.568711 0.188614
vn 0.998907 -0.021153 0.041686
vn 0.994612 -0.018597 0.101982
vn 0.303551 -0.952722 -0.013329
vn 0.775846 -0.630502 0.023011
vn -0.308676 -0.948758 -0.067661
vn -0.848662 -0.520482 -0.094193
vn -0.998139 -0.015462 -0.058993
vn -0.835971 0.540005 0.097708
vn -0.327460 0.903039 0.278011
vn 0.258982 0.927850 0.268369
vn 0.748287 0.608439 0.264327
vn 0.985976 -0.080738 0.146055
vn 0.611221 -0.776342 -0.153955
vn 0.282938 -0.904410 -0.319358
vn -0.349188 0.899107 -0.263959
vn -0.296460 0.947878 -0.116785
vn -0.296680 -0.904208 -0.307227
vn 0.290048 0.956622 0.027313
vn -0.806009 -0.447117 -0.387860
vn 0.935791 0.350983 -0.033251
vn -0.923643 -0.070335 -0.376744
vn 0.876109 0.481499 -0.024328
vn -0.959979 0.068645 -0.271528
vn -0.769748 0.635253 -0.062784
vn 0.768566 -0.537399 -0.347144
vn 0.927665 -0.372835 -0.020795
vn -0.318569 0.930795 0.179263
vn 0.328021 -0.883663 -0.333978
vn 0.141540 0.972635 0.184247
vn 0.254710 -0.839450 -0.480049
vn 0.312361 0.941092 -0.129523
vn 0.764488 0.639736 0.079347
vn -0.656822 -0.649428 -0.383182
vn -0.586398 -0.683015 -0.435463
vn 0.996621 0.053036 -0.062715
vn -0.892752 0.089467 -0.441576
vn 0.870015 -0.418124 -0.261242
vn -0.955190 0.170273 -0.242115
vn -0.296863 0.954728 0.019169
vn -0.810119 0.578681 -0.093994
vn -0.591332 0.458354 0.663505
vn -0.212194 0.634087 0.743577
vn 0.266705 0.962110 0.056689
vn 0.162682 0.628358 0.760724
vn 0.778633 0.621227 0.088363
vn 0.535274 0.433121 0.725182
vn 0.994496 -0.020663 0.102719
vn 0.675203 -0.016568 0.737446
vn 0.742166 -0.668266 0.051092
vn 0.520989 -0.443095 0.729546
vn 0.273850 -0.961772 -0.001139
vn 0.158549 -0.615644 0.771910
vn -0.233538 -0.971854 -0.030975
vn -0.216637 -0.617580 0.756085
vn -0.831306 -0.547255 -0.097170
vn -0.600030 -0.425418 0.677483
vn -0.989143 -0.041249 -0.141047
vn -0.742268 0.017493 0.669874
vn -0.276852 0.959388 0.054107
vn 0.312001 0.942551 0.119384
vn 0.141148 0.537899 -0.831109
vn -0.133876 0.537137 -0.832803
vn 0.847996 0.506928 0.154680
vn 0.416481 0.408798 -0.812051
vn 0.993370 0.061834 0.096917
vn 0.513444 0.109184 -0.851149
vn 0.844780 -0.531546 -0.061692
vn 0.412881 -0.188377 -0.891091
vn 0.317551 -0.912424 -0.258155
vn 0.139086 -0.306901 -0.941524
vn -0.264665 -0.929654 -0.256311
vn -0.134355 -0.305642 -0.942620
vn -0.742910 -0.641459 -0.191352
vn -0.404840 -0.183638 -0.895757
vn -0.993172 0.091243 -0.072687
vn -0.502551 0.111953 -0.857268
vn -0.791742 0.610729 -0.012476
vn -0.405313 0.408348 -0.817908
vn 0.590605 0.420197 0.688927
vn 0.209941 0.937222 0.278459
vn 0.269222 0.962340 -0.037706
vn 0.959079 -0.044218 0.279665
vn 0.996520 0.042460 -0.071731
vn 0.447484 0.867253 -0.218243
vn 0.776070 0.562847 -0.284462
vn 0.969591 0.168565 -0.177424
vn -0.216991 -0.248857 0.943920
vn -0.552151 0.432594 0.712735
vn -0.494725 0.859448 0.128826
vn 0.184119 -0.638503 0.747271
vn 0.652513 -0.756393 0.045782
vn -0.098873 0.818099 -0.566513
vn 0.415415 0.353161 -0.838277
vn 0.737689 -0.352600 -0.575750
vn -0.749610 0.610752 -0.255082
vn 0.169553 -0.906188 0.387395
vn 0.743288 -0.586063 0.322573
vn -0.175296 0.931017 -0.320124
vn -0.023972 0.033525 0.999150
vn -0.343085 0.511023 0.788129
vn 0.241737 0.142499 0.959821
vn -0.135968 0.583278 0.800812
vn 0.217400 -0.952936 0.211307
vn -0.775185 0.618900 -0.126691
vn 0.845443 -0.484388 0.224932
vn -0.232155 0.955097 -0.184105
vn 0.237228 -0.965605 0.106441
vn -0.842643 0.529870 -0.095872
vn 0.750298 -0.656785 0.075408
vn -0.194660 0.980787 0.012798
vn -0.673405 -0.393290 0.625979
vn -0.161358 0.070201 0.984396
vn 0.216122 0.725039 0.653918
vn 0.253649 0.965209 0.063507
vn 0.027787 0.942617 -0.332717
vn -0.267482 0.468069 -0.842238
vn -0.788451 0.013091 -0.614958
vn -0.869955 -0.477037 -0.124955
vn -0.780203 -0.325293 0.534291
vn -0.643531 -0.593178 0.483744
vn 0.015501 -0.282023 0.959282
vn -0.009265 -0.230259 0.973085
vn 0.684300 0.127665 0.717938
vn 0.570971 0.259544 0.778864
vn 0.714205 0.694285 0.088766
vn 0.864893 0.492435 0.097302
vn 0.491705 0.697427 -0.521365
vn 0.356264 0.730831 -0.582205
vn -0.230766 0.330523 -0.915151
vn -0.261429 0.500253 -0.825471
vn -0.851943 0.094129 -0.515104
vn -0.730227 -0.243813 -0.638219
vn -0.821448 -0.560674 -0.104250
vn -0.976334 -0.201260 -0.079163
vn 0.613262 0.309977 0.726514
vn 0.681814 0.715135 0.153985
vn 0.373806 0.813936 -0.444721
vn -0.280016 0.735047 -0.617493
vn -0.835839 0.347949 -0.424623
vn -0.025026 0.004146 0.999678
vn -0.024672 0.005078 0.999683
vn -0.000000 0.124937 -0.992165
vn 0.000000 0.124937 -0.992165
s 1
g Log
usemtl initialShadingGroup
f 1846/2136/1905 1847/2137/1906 1848/2138/1907 1849/2139/1908
f 1868/2158/1909 1869/2159/1910 1870/2160/1911 1871/2161/1912
f 1869/2159/1910 1872/2162/1913 1873/2163/1914 1870/2160/1911
f 1860/2150/1915 1861/2151/1916 1862/2152/1917 1863/2153/1918
f 1861/2151/1916 1864/2154/1919 1865/2155/1920 1862/2152/1917
f 1864/2154/1919 1866/2156/1921 1867/2157/1922 1865/2155/1920
f 1852/2142/1923 1853/2143/1924 1854/2144/1925 1855/2145/1926
f 1853/2143/1924 1856/2146/1927 1857/2147/1928 1854/2144/1925
f 1856/2146/1927 1858/2148/1929 1859/2149/1930 1857/2147/1928
f 1850/2140/1931 1846/2136/1905 1849/2139/1908 1851/2141/1932
f 1667/1931/1933 1668/1932/1934 1678/1943/1935 1677/1942/1936
f 1668/1932/1934 1669/1933/1937 1679/1944/1938 1678/1943/1935
f 1669/1933/1937 1670/1934/1939 1680/1945/1940 1679/1944/1938
f 1670/1934/1939 1671/1935/1941 1681/1946/1942 1680/1945/1940
f 1671/1935/1941 1672/1936/1943 1682/1947/1944 1681/1946/1942
f 1672/1936/1943 1673/1937/1945 1683/1948/1946 1682/1947/1944
f 1673/1937/1945 1674/1938/1947 1684/1949/1948 1683/1948/1946
f 1674/1938/1947 1675/1939/1949 1685/1950/1950 1684/1949/1948
f 1675/1939/1949 1676/1940/1951 1686/1951/1952 1685/1950/1950
f 1676/1940/1951 1667/1941/1933 1677/1952/1936 1686/1951/1952
f 1677/1942/1936 1678/1943/1935 1688/1954/1953 1687/1953/1954
f 1678/1943/1935 1679/1944/1938 1689/1955/1955 1688/1954/1953
f 1679/1944/1938 1680/1945/1940 1690/1956/1956 1689/1955/1955
f 1680/1945/1940 1681/1946/1942 1691/1957/1957 1690/1956/1956
f 1681/1946/1942 1682/1947/1944 1692/1958/1958 1691/1957/1957
f 1682/1947/1944 1683/1948/1946 1693/1959/1959 1692/1958/1958
f 1683/1948/1946 1684/1949/1948 1694/1960/1960 1693/1959/1959
f 1890/2180/1961 1891/2181/1962 1892/1961/1963 1893/2182/1964
f 1891/2181/1962 1894/2183/1965 1895/2184/1966 1892/1961/1963
f 1686/1951/1952 1677/1952/1936 1687/1963/1954 1695/1962/1967
f 1687/1953/1954 1688/1954/1953 1697/1965/1968 1696/1964/1969
f 1688/1954/1953 1689/1955/1955 1698/1966/1970 1697/1965/1968
f 1689/1955/1955 1690/1956/1956 1699/1967/1971 1698/1966/1970
f 1690/1956/1956 1691/1957/1957 1700/1968/1972 1699/1967/1971
f 1691/1957/1957 1692/1958/1958 1701/1969/1973 1700/1968/1972
f 1692/1958/1958 1693/1959/1959 1702/1970/1974 1701/1969/1973
f 1693/1959/1959 1694/1960/1960 1703/1971/1975 1702/1970/1974
f 1893/2182/1964 1892/1961/1963 1896/2185/1976 1897/2186/1977
f 1892/1961/1963 1895/2184/1966 1898/2187/1978 1896/2185/1976
f 1695/1962/1967 1687/1963/1954 1696/1974/1969 1705/1973/1979
f 1696/1964/1969 1697/1965/1968 1707/1976/1980 1706/1975/1981
f 1697/1965/1968 1698/1966/1970 1708/1977/1982 1707/1976/1980
f 1698/1966/1970 1699/1967/1971 1709/1978/1983 1708/1977/1982
f 1699/1967/1971 1700/1968/1972 1710/1979/1984 1709/1978/1983
f 1700/1968/1972 1701/1969/1973 1711/1980/1985 1710/1979/1984
f 1701/1969/1973 1702/1970/1974 1712/1981/1986 1711/1980/1985
f 1702/1970/1974 1703/1971/1975 1713/1982/1987 1712/1981/1986
f 1703/1971/1975 1704/1972/1988 1714/1983/1989 1713/1982/1987
f 1704/1972/1988 1705/1973/1979 1715/1984/1990 1714/1983/1989
f 1705/1973/1979 1696/1974/1969 1706/1985/1981 1715/1984/1990
f 1706/1975/1981 1707/1976/1980 1717/1987/1991 1716/1986/1992
f 1707/1976/1980 1708/1977/1982 1718/1988/1993 1717/1987/1991
f 1708/1977/1982 1709/1978/1983 1719/1989/1994 1718/1988/1993
f 1709/1978/1983 1710/1979/1984 1720/1990/1995 1719/1989/1994
f 1710/1979/1984 1711/1980/1985 1721/1991/1996 1720/1990/1995
f 1711/1980/1985 1712/1981/1986 1722/1992/1997 1721/1991/1996
f 1712/1981/1986 1713/1982/1987 1723/1993/1998 1722/1992/1997
f 1713/1982/1987 1714/1983/1989 1724/1994/1999 1723/1993/1998
f 1714/1983/1989 1715/1984/1990 1725/1995/2000 1724/1994/1999
f 1715/1984/1990 1706/1985/1981 1716/1996/1992 1725/1995/2000
f 1716/1986/1992 1717/1987/1991 1727/1998/2001 1726/1997/2002
f 1717/1987/1991 1718/1988/1993 1728/1999/2003 1727/1998/2001
f 1718/1988/1993 1719/1989/1994 1729/2000/2004 1728/1999/2003
f 1719/1989/1994 1720/1990/1995 1730/2001/2005 1729/2000/2004
f 1720/1990/1995 1721/1991/1996 1731/2002/2006 1730/2001/2005
f 1721/1991/1996 1722/1992/1997 1732/2003/2007 1731/2002/2006
f 1722/1992/1997 1723/1993/1998 1733/2004/2008 1732/2003/2007
f 1723/1993/1998 1724/1994/1999 1734/2005/2009 1733/2004/2008
f 1724/1994/1999 1725/1995/2000 1735/2006/2010 1734/2005/2009
f 1725/1995/2000 1716/1996/1992 1726/2007/2002 1735/2006/2010
f 1726/1997/2002 1727/1998/2001 1737/2009/2011 1736/2008/2012
f 1727/1998/2001 1728/1999/2003 1738/2010/2013 1737/2009/2011
f 1728/1999/2003 1729/2000/2004 1739/2011/2014 1738/2010/2013
f 1729/2000/2004 1730/2001/2005 1740/2012/2015 1739/2011/2014
f 1730/2001/2005 1731/2002/2006 1741/2013/2016 1740/2012/2015
f 1731/2002/2006 1732/2003/2007 1742/2014/2017 1741/2013/2016
f 1732/2003/2007 1733/2004/2008 1743/2015/2018 1742/2014/2017
f 1733/2004/2008 1734/2005/2009 1744/2016/2019 1743/2015/2018
f 1734/2005/2009 1735/2006/2010 1745/2017/2020 1744/2016/2019
f 1735/2006/2010 1726/2007/2002 1736/2018/2012 1745/2017/2020
f 1736/2008/2012 1737/2009/2011 1747/2020/2021 1746/2019/2022
f 1737/2009/2011 1738/2010/2013 1748/2021/2023 1747/2020/2021
f 1738/2010/2013 1739/2011/2014 1749/2022/2024 1748/2021/2023
f 1739/2011/2014 1740/2012/2015 1750/2023/2025 1749/2022/2024
f 1740/2012/2015 1741/2013/2016 1751/2024/2026 1750/2023/2025
f 1741/2013/2016 1742/2014/2017 1752/2025/2027 1751/2024/2026
f 1742/2014/2017 1743/2015/2018 1753/2026/2028 1752/2025/2027
f 1743/2015/2018 1744/2016/2019 1754/2027/2029 1753/2026/2028
f 1744/2016/2019 1745/2017/2020 1755/2028/2030 1754/2027/2029
f 1745/2017/2020 1736/2018/2012 1746/2029/2022 1755/2028/2030
f 1747/2020/2021 1757/2031/2031 1756/2030/2032 1746/2019/2022
f 1748/2021/2023 1758/2032/2033 1757/2031/2031 1747/2020/2021
f 1749/2022/2024 1759/2033/2034 1758/2032/2033 1748/2021/2023
f 1750/2023/2025 1760/2034/2035 1759/2033/2034 1749/2022/2024
f 1751/2024/2026 1761/2035/2036 1760/2034/2035 1750/2023/2025
f 1752/2025/2027 1762/2036/2037 1761/2035/2036 1751/2024/2026
f 1753/2026/2028 1763/2037/2038 1762/2036/2037 1752/2025/2027
f 1754/2027/2029 1764/2038/2039 1763/2037/2038 1753/2026/2028
f 1755/2028/2030 1765/2039/2040 1764/2038/2039 1754/2027/2029
f 1746/2029/2022 1756/2040/2032 1765/2039/2040 1755/2028/2030
f 1756/2030/2032 1757/2031/2031 1767/2042/2041 1766/2041/2042
f 1757/2031/2031 1758/2032/2033 1768/2043/2043 1767/2042/2041
f 1758/2032/2033 1759/2033/2034 1769/2044/2044 1768/2043/2043
f 1759/2033/2034 1760/2034/2035 1770/2045/2045 1769/2044/2044
f 1760/2034/2035 1761/2035/2036 1771/2046/2046 1770/2045/2045
f 1761/2035/2036 1762/2036/2037 1772/2047/2047 1771/2046/2046
f 1762/2036/2037 1763/2037/2038 1773/2048/2048 1772/2047/2047
f 1763/2037/2038 1764/2038/2039 1774/2049/2049 1773/2048/2048
f 1764/2038/2039 1765/2039/2040 1775/2050/2050 1774/2049/2049
f 1765/2039/2040 1756/2040/2032 1766/2051/2042 1775/2050/2050
f 1766/2041/2042 1767/2042/2041 1777/2053/2051 1776/2052/2052
f 1767/2042/2041 1768/2043/2043 1778/2054/2053 1777/2053/2051
f 1768/2043/2043 1769/2044/2044 1779/2055/2054 1778/2054/2053
f 1769/2044/2044 1770/2045/2045 1780/2056/2055 1779/2055/2054
f 1770/2045/2045 1771/2046/2046 1781/2057/2056 1780/2056/2055
f 1771/2046/2046 1772/2047/2047 1782/2058/2057 1929/2218/2058
f 1772/2047/2047 1773/2048/2048 1783/2059/2059 1782/2058/2057
f 1773/2048/2048 1774/2049/2049 1784/2060/2060 1783/2059/2059
f 1774/2049/2049 1775/2050/2050 1785/2061/2061 1784/2060/2060
f 1775/2050/2050 1766/2051/2042 1776/2062/2052 1785/2061/2061
f 1927/2216/2062 1919/2208/2063 1924/2213/2064 1923/2212/2065
f 1786/2063/2066 1787/2064/2067 1797/2075/2068 1796/2074/2069
f 1787/2064/2067 1788/2065/2070 1798/2076/2071 1797/2075/2068
f 1788/2065/2070 1789/2066/2072 1799/2077/2073 1798/2076/2071
f 1789/2066/2072 1790/2067/2074 1800/2078/2075 1799/2077/2073
f 1790/2067/2074 1791/2068/2076 1801/2079/2077 1800/2078/2075
f 1791/2068/2076 1937/2226/2078 1801/2079/2077
f 1792/2069/2079 1793/2070/2080 1803/2081/2081 1802/2080/2082
f 1793/2070/2080 1794/2071/2083 1804/2082/2084 1803/2081/2081
f 1794/2071/2083 1795/2072/2085 1805/2083/2086 1804/2082/2084
f 1795/2072/2085 1786/2073/2066 1796/2084/2069 1805/2083/2086
f 1796/2074/2069 1797/2075/2068 1807/2086/2087 1806/2085/2088
f 1797/2075/2068 1798/2076/2071 1808/2087/2089 1807/2086/2087
f 1798/2076/2071 1799/2077/2073 1809/2088/2090 1808/2087/2089
f 1799/2077/2073 1800/2078/2075 1810/2089/2091 1809/2088/2090
f 1800/2078/2075 1801/2079/2077 1811/2090/2092 1810/2089/2091
f 1801/2079/2077 1802/2080/2082 1812/2091/2093 1811/2090/2092
f 1802/2080/2082 1803/2081/2081 1813/2092/2094 1812/2091/2093
f 1803/2081/2081 1804/2082/2084 1814/2093/2095 1813/2092/2094
f 1804/2082/2084 1805/2083/2086 1815/2094/2096 1814/2093/2095
f 1805/2083/2086 1796/2084/2069 1806/2095/2088 1815/2094/2096
f 1958/2247/2097 1959/2248/2098 1960/2249/2099 1961/2250/2100
f 1959/2248/2098 1962/2251/2101 1963/2252/2102 1960/2249/2099
f 1962/2251/2101 1964/2253/2103 1965/2254/2104 1963/2252/2102
f 1964/2253/2103 1966/2255/2105 1967/2256/2106 1965/2254/2104
f 1950/2239/2107 1951/2240/2108 1952/2241/2109 1953/2242/2110
f 1951/2240/2108 1954/2243/2111 1955/2244/2112 1952/2241/2109
f 1954/2243/2111 1956/2245/2113 1957/2246/2114 1955/2244/2112
f 1968/2257/2115 1969/2258/2116 1970/2259/2117 1971/2260/2118
f 1969/2258/2116 1972/2261/2119 1973/2262/2120 1970/2259/2117
f 1972/2261/2119 1974/2263/2121 1975/2264/2122 1973/2262/2120
f 1658/1912/2123 1657/1911/2124 1826/2117/2125 1827/2116/2126
f 1659/1913/2127 1658/1912/2123 1827/2116/2126 1828/2118/2128
f 1660/1914/2129 1659/1913/2127 1828/2118/2128 1829/2119/2130
f 1661/1915/2131 1660/1914/2129 1829/2119/2130 1830/2120/2132
f 1662/1916/2133 1661/1915/2131 1830/2120/2132 1831/2121/2134
f 1663/1917/2135 1662/1916/2133 1831/2121/2134 1832/2122/2136
f 1664/1918/2137 1663/1917/2135 1832/2122/2136 1833/2123/2138
f 1665/1919/2139 1664/1918/2137 1833/2123/2138 1834/2124/2140
f 1666/1920/2141 1665/1919/2139 1834/2124/2140 1835/2125/2142
f 1657/1911/2124 1666/1920/2141 1835/2125/2142 1826/2117/2125
f 1817/2113/2143 1818/2112/2144 1837/2127/2145 1836/2126/2146
f 1818/2112/2144 1819/2111/2147 1838/2128/2148 1837/2127/2145
f 1819/2111/2147 1820/2110/2149 1839/2129/2150 1838/2128/2148
f 1820/2110/2149 1821/2109/2151 1840/2130/2152 1839/2129/2150
f 1821/2109/2151 1822/2108/2153 1841/2131/2154 1840/2130/2152
f 1822/2108/2153 1823/2107/2155 1842/2132/2156 1841/2131/2154
f 1823/2107/2155 1824/2106/2157 1843/2133/2158 1842/2132/2156
f 1824/2106/2157 1825/2115/2159 1844/2134/2160 1843/2133/2158
f 1825/2115/2159 1816/2114/2161 1845/2135/2162 1844/2134/2160
f 1816/2114/2161 1817/2113/2143 1836/2126/2146 1845/2135/2162
f 1657/1911/2124 1658/1912/2123 1847/2137/1906 1846/2136/1905
f 1658/1912/2123 1668/1922/1934 1848/2138/1907 1847/2137/1906
f 1668/1922/1934 1667/1921/1933 1849/2139/1908 1848/2138/1907
f 1666/1920/2141 1657/1911/2124 1846/2136/1905 1850/2140/1931
f 1667/1921/1933 1676/1930/1951 1851/2141/1932 1849/2139/1908
f 1676/1930/1951 1666/1920/2141 1850/2140/1931 1851/2141/1932
f 1663/1917/2135 1664/1918/2137 1853/2143/1924 1852/2142/1923
f 1674/1928/1947 1673/1927/1945 1855/2145/1926 1854/2144/1925
f 1673/1927/1945 1663/1917/2135 1852/2142/1923 1855/2145/1926
f 1664/1918/2137 1665/1919/2139 1856/2146/1927 1853/2143/1924
f 1675/1929/1949 1674/1928/1947 1854/2144/1925 1857/2147/1928
f 1665/1919/2139 1666/1920/2141 1858/2148/1929 1856/2146/1927
f 1666/1920/2141 1676/1930/1951 1859/2149/1930 1858/2148/1929
f 1676/1930/1951 1675/1929/1949 1857/2147/1928 1859/2149/1930
f 1660/1914/2129 1661/1915/2131 1861/2151/1916 1860/2150/1915
f 1671/1925/1941 1670/1924/1939 1863/2153/1918 1862/2152/1917
f 1670/1924/1939 1660/1914/2129 1860/2150/1915 1863/2153/1918
f 1661/1915/2131 1662/1916/2133 1864/2154/1919 1861/2151/1916
f 1672/1926/1943 1671/1925/1941 1862/2152/1917 1865/2155/1920
f 1662/1916/2133 1663/1917/2135 1866/2156/1921 1864/2154/1919
f 1663/1917/2135 1673/1927/1945 1867/2157/1922 1866/2156/1921
f 1673/1927/1945 1672/1926/1943 1865/2155/1920 1867/2157/1922
f 1658/1912/2123 1659/1913/2127 1869/2159/1910 1868/2158/1909
f 1669/1923/1937 1668/1922/1934 1871/2161/1912 1870/2160/1911
f 1668/1922/1934 1658/1912/2123 1868/2158/1909 1871/2161/1912
f 1659/1913/2127 1660/1914/2129 1872/2162/1913 1869/2159/1910
f 1660/1914/2129 1670/1924/1939 1873/2163/1914 1872/2162/1913
f 1670/1924/1939 1669/1923/1937 1870/2160/1911 1873/2163/1914
f 1684/1949/1948 1685/1950/1950 1875/2165/2163 1874/2164/2164
f 1694/1960/1960 1684/1949/1948 1874/2164/2164 1876/2166/2165
f 1685/1950/1950 1686/1951/1952 1877/2167/2166 1875/2165/2163
f 1686/1951/1952 1695/1962/1967 1878/2168/2167 1877/2167/2166
f 1704/1972/1988 1703/1971/1975 1880/2170/2168 1879/2169/2169
f 1703/1971/1975 1694/1960/1960 1876/2166/2165 1880/2170/2168
f 1695/1962/1967 1705/1973/1979 1881/2171/2170 1878/2168/2167
f 1705/1973/1979 1704/1972/1988 1879/2169/2169 1881/2171/2170
f 1874/2164/2164 1875/2165/2163 1883/2173/2171 1882/2172/2172
f 1876/2166/2165 1874/2164/2164 1882/2172/2172 1884/2174/2173
f 1875/2165/2163 1877/2167/2166 1885/2175/2174 1883/2173/2171
f 1877/2167/2166 1878/2168/2167 1886/2176/2175 1885/2175/2174
f 1879/2169/2169 1880/2170/2168 1888/2178/2176 1887/2177/2177
f 1880/2170/2168 1876/2166/2165 1884/2174/2173 1888/2178/2176
f 1878/2168/2167 1881/2171/2170 1889/2179/2178 1886/2176/2175
f 1881/2171/2170 1879/2169/2169 1887/2177/2177 1889/2179/2178
f 1911/2200/2179 1912/2201/2180 1913/2202/2181 1914/2203/2182
f 1884/2174/2173 1882/2172/2172 1890/2180/1961 1893/2182/1964
f 1883/2173/2171 1885/2175/2174 1894/2183/1965 1891/2181/1962
f 1885/2175/2174 1886/2176/2175 1895/2184/1966 1894/2183/1965
f 1887/2177/2177 1888/2178/2176 1897/2186/1977 1896/2185/1976
f 1888/2178/2176 1884/2174/2173 1893/2182/1964 1897/2186/1977
f 1886/2176/2175 1889/2179/2178 1898/2187/1978 1895/2184/1966
f 1889/2179/2178 1887/2177/2177 1896/2185/1976 1898/2187/1978
f 1882/2172/2172 1883/2173/2171 1900/2189/2183 1899/2188/2184
f 1883/2173/2171 1891/2181/1962 1901/2190/2185 1900/2189/2183
f 1891/2181/1962 1890/2180/1961 1902/2191/2186 1901/2190/2185
f 1890/2180/1961 1882/2172/2172 1899/2188/2184 1902/2191/2186
f 1899/2188/2184 1900/2189/2183 1904/2193/2187 1903/2192/2188
f 1900/2189/2183 1901/2190/2185 1905/2194/2189 1904/2193/2187
f 1901/2190/2185 1902/2191/2186 1906/2195/2190 1905/2194/2189
f 1902/2191/2186 1899/2188/2184 1903/2192/2188 1906/2195/2190
f 1903/2192/2188 1904/2193/2187 1908/2197/2191 1907/2196/2192
f 1904/2193/2187 1905/2194/2189 1909/2198/2193 1908/2197/2191
f 1905/2194/2189 1906/2195/2190 1910/2199/2194 1909/2198/2193
f 1906/2195/2190 1903/2192/2188 1907/2196/2192 1910/2199/2194
f 1907/2196/2192 1908/2197/2191 1912/2201/2180 1911/2200/2179
f 1908/2197/2191 1909/2198/2193 1913/2202/2181 1912/2201/2180
f 1909/2198/2193 1910/2199/2194 1914/2203/2182 1913/2202/2181
f 1910/2199/2194 1907/2196/2192 1911/2200/2179 1914/2203/2182
f 1932/2221/2195 1781/2057/2056 1929/2218/2058 1928/2217/2196
f 1930/2219/2197 1782/2058/2057 1933/2222/2198
f 1934/2223/2199 1792/2069/2079 1937/2226/2078 1936/2225/2200
f 1938/2227/2201 1791/2068/2076 1781/2057/2056 1940/2229/2202
f 1944/2233/2203 1915/2204/2204 1931/2220/2205 1942/2231/2206
f 1943/2232/2207 1916/2205/2208 1935/2224/2209 1945/2234/2210
f 1946/2235/2211 1917/2206/2212 1939/2228/2213 1947/2236/2214
f 1948/2237/2215 1918/2207/2216 1941/2230/2217 1949/2238/2218
f 1924/2213/2064 1920/2209/2219 1925/2214/2220 1923/2212/2065
f 1925/2214/2220 1921/2210/2221 1926/2215/2222 1923/2212/2065
f 1926/2215/2222 1922/2211/2223 1927/2216/2062 1923/2212/2065
f 1929/2218/2058 1782/2058/2057 1930/2219/2197 1928/2217/2196
f 1930/2219/2197 1916/2205/2208 1931/2220/2205 1928/2217/2196
f 1931/2220/2205 1915/2204/2204 1932/2221/2195 1928/2217/2196
f 1782/2058/2057 1792/2069/2079 1934/2223/2199 1933/2222/2198
f 1934/2223/2199 1917/2206/2212 1935/2224/2209 1933/2222/2198
f 1935/2224/2209 1916/2205/2208 1930/2219/2197 1933/2222/2198
f 1937/2226/2078 1791/2068/2076 1938/2227/2201 1936/2225/2200
f 1938/2227/2201 1918/2207/2216 1939/2228/2213 1936/2225/2200
f 1939/2228/2213 1917/2206/2212 1934/2223/2199 1936/2225/2200
f 1781/2057/2056 1932/2221/2195 1940/2229/2202
f 1932/2221/2195 1915/2204/2204 1941/2230/2217 1940/2229/2202
f 1941/2230/2217 1918/2207/2216 1938/2227/2201 1940/2229/2202
f 1931/2220/2205 1916/2205/2208 1943/2232/2207 1942/2231/2206
f 1943/2232/2207 1920/2209/2219 1924/2213/2064 1942/2231/2206
f 1924/2213/2064 1919/2208/2063 1944/2233/2203 1942/2231/2206
f 1935/2224/2209 1917/2206/2212 1946/2235/2211 1945/2234/2210
f 1946/2235/2211 1921/2210/2221 1925/2214/2220 1945/2234/2210
f 1925/2214/2220 1920/2209/2219 1943/2232/2207 1945/2234/2210
f 1939/2228/2213 1918/2207/2216 1948/2237/2215 1947/2236/2214
f 1948/2237/2215 1922/2211/2223 1926/2215/2222 1947/2236/2214
f 1926/2215/2222 1921/2210/2221 1946/2235/2211 1947/2236/2214
f 1941/2230/2217 1915/2204/2204 1944/2233/2203 1949/2238/2218
f 1944/2233/2203 1919/2208/2063 1927/2216/2062 1949/2238/2218
f 1927/2216/2062 1922/2211/2223 1948/2237/2215 1949/2238/2218
f 1780/2056/2055 1781/2057/2056 1791/2068/2076 1790/2067/2074
f 1779/2055/2054 1780/2056/2055 1790/2067/2074 1789/2066/2072
f 1778/2054/2053 1779/2055/2054 1789/2066/2072 1788/2065/2070
f 1777/2053/2051 1778/2054/2053 1788/2065/2070 1787/2064/2067
f 1776/2052/2052 1777/2053/2051 1787/2064/2067 1786/2063/2066
f 1785/2061/2061 1776/2062/2052 1786/2073/2066 1795/2072/2085
f 1784/2060/2060 1785/2061/2061 1795/2072/2085 1794/2071/2083
f 1783/2059/2059 1784/2060/2060 1794/2071/2083 1793/2070/2080
f 1782/2058/2057 1783/2059/2059 1793/2070/2080 1792/2069/2079
f 1801/2079/2077 1937/2226/2078 1792/2069/2079 1802/2080/2082
f 1771/2046/2046 1929/2218/2058 1781/2057/2056
f 1810/2100/2091 1811/2099/2092 1951/2240/2108 1950/2239/2107
f 1821/2109/2151 1820/2110/2149 1953/2242/2110 1952/2241/2109
f 1820/2110/2149 1810/2100/2091 1950/2239/2107 1953/2242/2110
f 1811/2099/2092 1812/2098/2093 1954/2243/2111 1951/2240/2108
f 1822/2108/2153 1821/2109/2151 1952/2241/2109 1955/2244/2112
f 1812/2098/2093 1813/2097/2094 1956/2245/2113 1954/2243/2111
f 1813/2097/2094 1823/2107/2155 1957/2246/2114 1956/2245/2113
f 1823/2107/2155 1822/2108/2153 1955/2244/2112 1957/2246/2114
f 1806/2104/2088 1807/2103/2087 1959/2248/2098 1958/2247/2097
f 1817/2113/2143 1816/2114/2161 1961/2250/2100 1960/2249/2099
f 1816/2114/2161 1806/2104/2088 1958/2247/2097 1961/2250/2100
f 1807/2103/2087 1808/2102/2089 1962/2251/2101 1959/2248/2098
f 1818/2112/2144 1817/2113/2143 1960/2249/2099 1963/2252/2102
f 1808/2102/2089 1809/2101/2090 1964/2253/2103 1962/2251/2101
f 1819/2111/2147 1818/2112/2144 1963/2252/2102 1965/2254/2104
f 1809/2101/2090 1810/2100/2091 1966/2255/2105 1964/2253/2103
f 1810/2100/2091 1820/2110/2149 1967/2256/2106 1966/2255/2105
f 1820/2110/2149 1819/2111/2147 1965/2254/2104 1967/2256/2106
f 1813/2097/2094 1814/2096/2095 1969/2258/2116 1968/2257/2115
f 1824/2106/2157 1823/2107/2155 1971/2260/2118 1970/2259/2117
f 1823/2107/2155 1813/2097/2094 1968/2257/2115 1971/2260/2118
f 1814/2096/2095 1815/2105/2096 1972/2261/2119 1969/2258/2116
f 1825/2115/2159 1824/2106/2157 1970/2259/2117 1973/2262/2120
f 1815/2105/2096 1806/2104/2088 1974/2263/2121 1972/2261/2119
f 1806/2104/2088 1816/2114/2161 1975/2264/2122 1974/2263/2121
f 1816/2114/2161 1825/2115/2159 1973/2262/2120 1975/2264/2122
f 1832/2122/2136 1976/2265/2224 1977/2266/2225 1833/2123/2138
f 1827/2116/2126 1977/2266/2225 1976/2265/2224 1828/2118/2128
f 1830/2120/2132 1976/2265/2224 1832/2122/2136 1831/2121/2134
f 1828/2118/2128 1976/2265/2224 1830/2120/2132 1829/2119/2130
f 1827/2116/2126 1826/2117/2125 1835/2125/2142 1977/2266/2225
f 1833/2123/2138 1977/2266/2225 1835/2125/2142 1834/2124/2140
f 1842/2132/2156 1978/2267/2226 1979/2268/2227 1841/2131/2154
f 1837/2127/2145 1979/2268/2227 1978/2267/2226 1836/2126/2146
f 1844/2134/2160 1978/2267/2226 1842/2132/2156 1843/2133/2158
f 1836/2126/2146 1978/2267/2226 1844/2134/2160 1845/2135/2162
f 1837/2127/2145 1838/2128/2148 1839/2129/2150 1979/2268/2227
f 1841/2131/2154 1979/2268/2227 1839/2129/2150 1840/2130/2152
g default
v 1.758510 1.338032 5.322950
v 1.720100 1.527333 5.234844
v 1.709606 1.815989 5.434997
v 1.756315 1.499518 5.360806
v 1.720100 1.468453 5.486007
vt 0.000215 0.500025
vt 0.333430 0.000061
vt 0.999785 0.500025
vt 0.333422 0.500000
vt 0.333430 0.999936
vn 0.999913 0.012883 0.003021
vn 0.957283 0.162131 -0.239424
vn 0.995107 0.096200 0.022551
vn 0.989833 0.138483 0.032464
vn 0.957283 0.038831 0.286534
s 1
g Leaf_02
usemtl initialShadingGroup
f 1980/2269/2228 1981/2270/2229 1983/2272/2230
f 1981/2270/2229 1982/2271/2231 1983/2272/2230
f 1980/2269/2228 1983/2272/2230 1984/2273/2232
f 1983/2272/2230 1982/2271/2231 1984/2273/2232
g default
v -7.130126 1.192402 -7.013300
v -6.961152 1.109327 -6.692187
v -7.103325 3.215288 -6.584952
v -7.375043 3.217182 -6.837273
v -7.790978 1.241574 -7.250958
v -7.433354 1.225603 -7.198347
v -7.614041 3.215255 -6.933820
v -7.996061 3.208540 -6.963394
v -8.746088 1.122657 -6.806612
v -8.362946 1.199900 -7.070707
v -8.305353 3.198585 -6.901628
v -8.657740 3.173102 -6.734086
v -9.318842 0.950650 -6.104027
v -9.140491 1.018142 -6.440878
v -8.915940 3.140216 -6.511452
v -9.128233 3.099130 -6.198262
v -9.446311 0.879613 -5.115711
v -9.404267 0.885659 -5.612655
v -9.215663 3.069210 -5.918545
v -9.193060 3.045286 -5.555419
v -9.212461 0.841397 -4.407125
v -9.404695 0.884682 -4.660078
v -9.080336 3.036411 -5.302987
v -8.819098 3.019437 -5.034993
v -8.253445 0.650595 -4.102171
v -8.690250 0.740121 -4.154469
v -8.544776 3.000142 -4.909160
v -8.170299 2.996013 -4.874277
v -7.425257 0.653731 -4.564287
v -7.746680 0.610378 -4.271862
v -7.822318 3.012382 -4.953606
v -7.476336 3.046920 -5.134936
v -6.932383 0.742769 -5.600888
v -7.063632 0.681509 -5.213018
v -7.214684 3.094441 -5.367546
v -7.014956 3.152701 -5.684932
v -6.913318 0.955996 -6.294620
v -6.899697 0.835720 -5.964585
v -6.945543 3.189452 -5.978207
v -6.992870 3.210150 -6.359960
v -7.130023 5.245901 -6.632204
v -7.404071 5.247609 -6.907531
v -7.593918 5.246620 -6.999457
v -7.978441 5.250484 -7.054391
v -8.231531 5.231801 -7.011337
v -8.582983 5.237129 -6.846657
v -8.804540 5.199148 -6.657353
v -9.015137 5.203066 -6.331874
v -9.092914 5.169065 -6.073936
v -9.071640 5.168162 -5.686872
v -8.978751 5.148456 -5.458817
v -8.713347 5.143917 -5.175389
v -8.472120 5.148123 -5.056228
v -8.087317 5.143401 -5.003366
v -7.781025 5.177694 -5.066288
v -7.438107 5.174013 -5.248015
v -7.223991 5.212465 -5.465400
v -7.041497 5.211543 -5.807627
v -6.992677 5.236303 -6.063359
v -7.041864 5.238471 -6.448079
v -7.151840 6.611681 -6.603749
v -7.426186 6.613626 -6.880787
v -7.581213 6.613626 -6.956644
v -7.965783 6.611581 -7.012879
v -8.178300 6.609424 -6.977536
v -8.530312 6.602419 -6.813455
v -8.721373 6.596202 -6.650020
v -8.933479 6.580317 -6.324870
v -9.000731 6.578760 -6.099651
v -8.983299 6.558393 -5.711784
v -8.902984 6.570649 -5.515026
v -8.639318 6.560710 -5.228673
v -8.433353 6.560611 -5.125102
v -8.047800 6.565063 -5.073318
v -7.781081 6.571061 -5.127000
v -7.439501 6.581020 -5.311687
v -7.252082 6.588232 -5.501865
v -7.071409 6.603954 -5.846042
v -7.029162 6.592297 -6.065673
v -7.079206 6.610092 -6.451587
v -7.172661 7.669659 -6.445154
v -7.445770 7.711829 -6.718199
v -7.574108 7.683005 -6.787773
v -7.957969 7.694996 -6.845960
v -8.134627 7.703940 -6.816726
v -8.487687 7.688491 -6.655405
v -8.644522 7.729906 -6.512199
v -8.857116 7.694717 -6.188861
v -8.908184 7.756131 -5.991927
v -8.889207 7.739648 -5.601877
v -8.822930 7.743029 -5.437245
v -8.558920 7.747097 -5.147011
v -8.388420 7.747163 -5.059283
v -8.003656 7.742888 -5.004972
v -7.781555 7.738105 -5.048788
v -7.438086 7.728532 -5.233908
v -7.281600 7.722788 -5.392833
v -7.099357 7.744689 -5.737365
v -7.063198 7.672509 -5.928596
v -7.114442 7.730553 -6.309396
v -7.189476 8.806367 -6.228914
v -7.459793 8.796873 -6.513108
v -7.572819 8.779896 -6.575768
v -7.955525 8.790179 -6.639499
v -8.109632 8.814970 -6.612812
v -8.463766 8.788598 -6.456299
v -8.597435 8.874293 -6.324124
v -8.808011 8.871142 -5.994385
v -8.856951 8.886872 -5.816368
v -8.834241 8.918743 -5.418784
v -8.774976 8.928641 -5.267272
v -8.516304 8.918139 -4.975928
v -8.362402 8.955324 -4.888263
v -7.979279 8.940788 -4.829284
v -7.782316 8.899112 -4.871478
v -7.438731 8.936905 -5.046911
v -7.298331 8.834473 -5.203608
v -7.117899 8.903708 -5.539535
v -7.086536 8.837454 -5.711878
v -7.133953 8.812661 -6.108309
v -7.242737 10.149143 -5.962051
v -7.495252 10.191392 -6.224205
v -7.609672 10.162749 -6.292657
v -7.970737 10.182025 -6.356468
v -8.116770 10.187248 -6.336631
v -8.452446 10.167423 -6.189660
v -8.574724 10.278826 -6.059739
v -8.770071 10.220377 -5.755962
v -8.806617 10.362473 -5.571229
v -8.787828 10.292770 -5.213411
v -8.725191 10.406634 -5.048262
v -8.485980 10.351526 -4.777575
v -8.342192 10.377878 -4.692628
v -7.981281 10.371541 -4.630824
v -7.802566 10.316051 -4.666153
v -7.478527 10.363161 -4.830198
v -7.348755 10.250271 -4.972502
v -7.180798 10.322269 -5.288322
v -7.142918 10.179188 -5.466941
v -7.193207 10.255709 -5.821149
v -7.311114 11.734777 -5.705677
v -7.541780 11.765365 -5.952425
v -7.662659 11.766669 -6.020152
v -7.996007 11.774209 -6.086186
v -8.139921 11.775489 -6.069483
v -8.450586 11.789221 -5.928927
v -8.569245 11.803756 -5.821664
v -8.744023 11.791452 -5.530964
v -8.785031 11.910068 -5.356197
v -8.757211 11.859598 -5.021785
v -8.696658 11.958850 -4.858957
v -8.471423 11.942544 -4.605076
v -8.332243 11.943397 -4.526239
v -7.998145 11.932168 -4.463924
v -7.833978 11.920550 -4.488352
v -7.527836 11.888021 -4.640922
v -7.404037 11.865178 -4.763395
v -7.242929 11.878398 -5.062040
v -7.212214 11.758977 -5.232553
v -7.252244 11.814535 -5.565219
v -7.330529 13.367171 -5.559087
v -7.559250 13.358945 -5.811460
v -7.692376 13.359766 -5.887350
v -8.025264 13.363630 -5.956025
v -8.179305 13.366813 -5.938761
v -8.490171 13.382891 -5.798075
v -8.611319 13.394556 -5.688143
v -8.783879 13.423918 -5.391513
v -8.821348 13.439099 -5.224671
v -8.791052 13.468197 -4.883159
v -8.724826 13.480963 -4.726045
v -8.499203 13.494721 -4.470670
v -8.355364 13.495382 -4.388201
v -8.021973 13.487584 -4.322163
v -7.855806 13.479406 -4.343766
v -7.547765 13.456821 -4.491040
v -7.424563 13.443209 -4.608386
v -7.259368 13.413842 -4.909585
v -7.227063 13.400018 -5.073487
v -7.265678 13.375247 -5.414503
v -6.898744 -0.015563 -7.885478
v -6.780544 -0.091769 -7.385429
v -7.034600 0.377364 -7.327600
v -7.171429 0.425963 -7.768176
v -5.856794 -0.079796 -6.625473
v -5.712657 -0.070478 -6.291508
v -6.241168 0.299628 -6.346298
v -6.381076 0.310326 -6.653058
v -7.396819 -0.059649 -9.393951
v -7.001555 -0.078361 -9.295635
v -7.364554 0.368586 -8.872198
v -7.733893 0.370957 -8.939350
v -9.222532 0.048209 -7.478970
v -8.796614 0.066273 -7.696521
v -8.805798 0.383406 -7.468945
v -9.180710 0.335562 -7.223763
v -11.088011 -0.008902 -7.283653
v -11.040367 0.024018 -7.767159
v -10.695008 0.231791 -7.383325
v -10.714897 0.185669 -6.935167
v -9.808990 -0.087981 -5.409776
v -9.951826 -0.128967 -6.137906
v -9.776215 0.134218 -5.949447
v -9.616448 0.188724 -5.301910
v -10.450684 0.061974 -2.427797
v -10.815786 0.061617 -2.632574
v -10.298693 0.279407 -3.037402
v -9.969084 0.304386 -2.863815
v -8.240377 -0.286080 -2.961201
v -8.854963 -0.027442 -3.171548
v -8.641006 0.281013 -3.476081
v -8.092247 0.085411 -3.399338
v -6.260468 -0.443316 -2.495548
v -6.573522 -0.195913 -2.331981
v -6.828110 0.006579 -3.004698
v -6.623615 -0.090056 -3.329722
v -6.554706 -0.265930 -4.914218
v -6.731467 -0.400758 -4.323880
v -6.788856 0.074547 -4.753988
v -6.724954 0.150719 -5.310534
v -6.076245 -0.854891 -11.774353
v -5.445104 -0.861007 -11.541111
v -5.545169 -0.862671 -9.016459
v -5.331150 -0.966651 -8.172216
v -9.701678 -0.856613 -9.093207
v -8.930014 -0.835814 -9.314581
v -12.758885 -0.933067 -9.113788
v -12.550468 -0.898851 -9.859238
v -11.022431 -0.983797 -5.915807
v -11.159930 -1.006424 -7.085747
v -12.552935 -0.990287 -0.776147
v -13.110634 -0.986991 -1.221583
v -8.645496 -1.393160 -0.992786
v -9.691328 -1.042122 -1.699538
v -5.259214 -1.053089 0.647081
v -5.739871 -0.858383 1.113697
v -5.476209 -1.063584 -4.036247
v -5.849845 -1.561532 -2.762819
v -3.289057 -0.808321 -6.847024
v -3.111285 -0.772380 -6.269569
v -8.013355 7.993707 -4.810842
v -8.214884 8.170285 -4.749430
v -8.048286 8.648232 -4.706881
v -8.229355 8.441401 -4.706368
v -7.561746 8.221933 -4.855142
v -7.742815 8.015099 -4.854629
v -7.576216 8.493046 -4.812079
v -7.777747 8.669626 -4.750668
v -7.964807 7.988377 -4.255481
v -8.098669 8.118342 -4.236433
v -7.969423 8.438540 -4.207150
v -8.100578 8.304806 -4.216414
v -7.646250 8.124775 -4.253138
v -7.777409 7.991043 -4.262401
v -7.648163 8.311239 -4.233118
v -7.782025 8.441204 -4.214071
v -7.877157 7.853566 -2.130615
v -8.014559 7.986967 -2.111063
v -7.881894 8.315631 -2.081008
v -8.016521 8.178361 -2.090515
v -7.550177 7.993570 -2.128210
v -7.684803 7.856301 -2.137717
v -7.552140 8.184964 -2.107662
v -7.689541 8.318366 -2.088110
v -7.629737 8.837608 0.681224
v -7.734519 8.899687 0.660691
v -7.697531 9.119087 0.609931
v -7.762599 9.016279 0.631161
v -7.444565 8.969218 0.659500
v -7.509634 8.866412 0.680730
v -7.472646 9.085814 0.629969
v -7.577428 9.147889 0.609437
v -7.920982 7.856689 -3.222137
v -8.056614 7.988372 -3.202837
v -8.058550 8.177300 -3.182554
v -7.925658 8.312803 -3.173168
v -7.735782 8.315502 -3.180180
v -7.600151 8.183819 -3.199480
v -7.598213 7.994890 -3.219763
v -7.731106 7.859389 -3.229148
v -7.830739 8.092180 -1.044720
v -7.931929 8.213507 -1.032471
v -7.925022 8.367894 -1.065574
v -7.814065 8.464903 -1.124639
v -7.664053 8.447706 -1.175066
v -7.562863 8.326378 -1.187316
v -7.569768 8.171990 -1.154212
v -7.680726 8.074984 -1.095148
vt 0.381521 0.387500
vt 0.375000 0.387500
vt 0.375000 0.366045
vt 0.378713 0.357041
vt 0.375000 0.395574
vt 0.382594 0.425000
vt 0.375000 0.425000
vt 0.375092 0.425138
vt 0.383289 0.462476
vt 0.375000 0.462500
vt 0.405005 0.387500
vt 0.393780 0.387500
vt 0.393954 0.356359
vt 0.404402 0.356299
vt 0.407070 0.425000
vt 0.392474 0.425000
vt 0.407707 0.462639
vt 0.391789 0.462438
vt 0.430550 0.387500
vt 0.419825 0.387500
vt 0.422298 0.357156
vt 0.427582 0.357188
vt 0.431758 0.425000
vt 0.417982 0.425000
vt 0.432267 0.462805
vt 0.417386 0.462313
vt 0.456096 0.387500
vt 0.444327 0.387500
vt 0.443920 0.356573
vt 0.457548 0.356656
vt 0.457058 0.425000
vt 0.443162 0.425000
vt 0.457480 0.462782
vt 0.442696 0.462196
vt 0.481117 0.387500
vt 0.469135 0.387500
vt 0.471496 0.357234
vt 0.477326 0.357269
vt 0.482361 0.425000
vt 0.467860 0.425000
vt 0.482818 0.462655
vt 0.467372 0.462224
vt 0.505315 0.387500
vt 0.493968 0.387500
vt 0.495523 0.356413
vt 0.505995 0.356513
vt 0.507102 0.425000
vt 0.492651 0.425000
vt 0.507601 0.462414
vt 0.492125 0.462321
vt 0.530636 0.387500
vt 0.519743 0.387500
vt 0.521724 0.357329
vt 0.528351 0.357265
vt 0.531646 0.425000
vt 0.517971 0.425000
vt 0.532120 0.462235
vt 0.517477 0.462517
vt 0.554920 0.387500
vt 0.544540 0.387500
vt 0.544617 0.356127
vt 0.555129 0.356022
vt 0.556687 0.425000
vt 0.543363 0.425000
vt 0.557157 0.462215
vt 0.542945 0.462759
vt 0.581385 0.387500
vt 0.570130 0.387500
vt 0.571872 0.356907
vt 0.577833 0.356954
vt 0.582065 0.425000
vt 0.568319 0.425000
vt 0.582626 0.462273
vt 0.567847 0.462789
vt 0.605969 0.387500
vt 0.594202 0.387500
vt 0.595507 0.356217
vt 0.605096 0.354592
vt 0.607671 0.425000
vt 0.592901 0.425000
vt 0.608328 0.462410
vt 0.592332 0.462709
vt 0.375000 0.475082
vt 0.383850 0.500000
vt 0.375000 0.500000
vt 0.408212 0.500000
vt 0.391250 0.500000
vt 0.432689 0.500000
vt 0.416885 0.500000
vt 0.457860 0.499880
vt 0.442282 0.500000
vt 0.483210 0.499756
vt 0.466998 0.499998
vt 0.508075 0.500000
vt 0.491668 0.500186
vt 0.532557 0.500000
vt 0.517020 0.500000
vt 0.557541 0.500000
vt 0.542546 0.500000
vt 0.583072 0.500191
vt 0.567457 0.500000
vt 0.608833 0.500000
vt 0.591898 0.499737
vt 0.375000 0.519810
vt 0.384300 0.537927
vt 0.375000 0.537500
vt 0.408709 0.537284
vt 0.390798 0.536935
vt 0.433192 0.536798
vt 0.416369 0.537532
vt 0.458323 0.536531
vt 0.441724 0.538023
vt 0.483740 0.537500
vt 0.466418 0.538367
vt 0.508609 0.537500
vt 0.491189 0.537500
vt 0.533086 0.537500
vt 0.516516 0.537500
vt 0.558080 0.537500
vt 0.541985 0.537500
vt 0.583684 0.538574
vt 0.566896 0.537500
vt 0.609370 0.538463
vt 0.591416 0.536287
vt 0.375000 0.555983
vt 0.384604 0.575000
vt 0.375000 0.575000
vt 0.409057 0.574627
vt 0.390535 0.574448
vt 0.433587 0.573818
vt 0.415998 0.575272
vt 0.458584 0.575000
vt 0.441195 0.576023
vt 0.484060 0.575000
vt 0.466317 0.575000
vt 0.508840 0.574389
vt 0.491005 0.575000
vt 0.516516 0.537500
vt 0.533086 0.537500
vt 0.533429 0.575427
vt 0.516247 0.575506
vt 0.541985 0.537500
vt 0.558080 0.537500
vt 0.558459 0.576181
vt 0.541665 0.574448
vt 0.583915 0.576524
vt 0.566598 0.573634
vt 0.609451 0.575000
vt 0.590945 0.575000
vt 0.375000 0.592799
vt 0.384323 0.612865
vt 0.375000 0.612500
vt 0.409058 0.612500
vt 0.390672 0.612141
vt 0.433752 0.611264
vt 0.415990 0.612500
vt 0.458716 0.610940
vt 0.441279 0.613583
vt 0.483839 0.611154
vt 0.466293 0.613906
vt 0.508810 0.612063
vt 0.491171 0.613743
vt 0.516247 0.575506
vt 0.533429 0.575427
vt 0.533546 0.613026
vt 0.516261 0.612903
vt 0.541665 0.574448
vt 0.558459 0.576181
vt 0.558532 0.613699
vt 0.541507 0.611900
vt 0.583814 0.613965
vt 0.566439 0.611144
vt 0.609248 0.613648
vt 0.591067 0.610849
vt 0.375000 0.628167
vt 0.384005 0.650000
vt 0.375000 0.650000
vt 0.408899 0.650000
vt 0.390990 0.650000
vt 0.433663 0.650000
vt 0.416116 0.650000
vt 0.458584 0.648826
vt 0.441361 0.650000
vt 0.483616 0.649035
vt 0.466490 0.651073
vt 0.508651 0.650000
vt 0.491424 0.650908
vt 0.533539 0.650000
vt 0.516345 0.650000
vt 0.558440 0.650000
vt 0.541435 0.650000
vt 0.583653 0.651105
vt 0.566600 0.650000
vt 0.608869 0.650825
vt 0.591265 0.648797
vt 0.375000 0.663951
vt 0.383749 0.687500
vt 0.375000 0.687500
vt 0.408721 0.687500
vt 0.391253 0.687500
vt 0.433594 0.687500
vt 0.416280 0.687500
vt 0.458473 0.687500
vt 0.441411 0.687500
vt 0.483467 0.687500
vt 0.466516 0.687500
vt 0.508549 0.687500
vt 0.491499 0.687500
vt 0.533527 0.687500
vt 0.516455 0.687500
vt 0.558496 0.687500
vt 0.541491 0.687500
vt 0.583547 0.687500
vt 0.566517 0.687500
vt 0.608674 0.687500
vt 0.591457 0.687500
vt 0.378361 0.344269
vt 0.375000 0.343434
vt 0.375000 0.314550
vt 0.378272 0.312500
vt 0.622198 0.344286
vt 0.625000 0.344321
vt 0.624955 0.347348
vt 0.621912 0.349848
vt 0.604971 0.344073
vt 0.595661 0.344017
vt 0.595811 0.312500
vt 0.604936 0.312500
vt 0.404269 0.344002
vt 0.394123 0.344028
vt 0.394490 0.312500
vt 0.404029 0.312500
vt 0.427304 0.344284
vt 0.422551 0.344276
vt 0.422601 0.312500
vt 0.427289 0.312500
vt 0.457906 0.344003
vt 0.443589 0.344079
vt 0.443464 0.312500
vt 0.457864 0.312500
vt 0.477103 0.343974
vt 0.471967 0.344010
vt 0.472036 0.312500
vt 0.477088 0.312500
vt 0.505961 0.343667
vt 0.495650 0.343642
vt 0.495787 0.312500
vt 0.505673 0.312500
vt 0.528113 0.343943
vt 0.522084 0.343947
vt 0.522117 0.312500
vt 0.528122 0.312500
vt 0.555117 0.338231
vt 0.544912 0.343654
vt 0.544778 0.312500
vt 0.555215 0.312500
vt 0.577395 0.344041
vt 0.571833 0.346128
vt 0.572169 0.312500
vt 0.577348 0.312500
vt 0.618748 0.387500
vt 0.617307 0.425000
vt 0.616626 0.462513
vt 0.616101 0.500000
vt 0.615677 0.536420
vt 0.615524 0.575000
vt 0.615641 0.611244
vt 0.616015 0.649133
vt 0.616326 0.687500
vt 0.622258 0.312500
vt 0.605111 0.356271
vt 0.621973 0.357064
vt 0.533086 0.537500
vt 0.516516 0.537500
vt 0.516247 0.575506
vt 0.533429 0.575427
vt 0.558080 0.537500
vt 0.541985 0.537500
vt 0.558459 0.576181
vt 0.541665 0.574448
vt 0.533086 0.537500
vt 0.516516 0.537500
vt 0.516247 0.575506
vt 0.533429 0.575427
vt 0.558080 0.537500
vt 0.541985 0.537500
vt 0.558459 0.576181
vt 0.541665 0.574448
vt 0.533086 0.537500
vt 0.516516 0.537500
vt 0.516247 0.575506
vt 0.533429 0.575427
vt 0.558080 0.537500
vt 0.541985 0.537500
vt 0.558459 0.576181
vt 0.541665 0.574448
vt 0.516516 0.537500
vt 0.533086 0.537500
vt 0.533086 0.537500
vt 0.516516 0.537500
vt 0.533429 0.575427
vt 0.516247 0.575506
vt 0.516247 0.575506
vt 0.533429 0.575427
vt 0.541985 0.537500
vt 0.558080 0.537500
vt 0.558080 0.537500
vt 0.541985 0.537500
vt 0.558459 0.576181
vt 0.558459 0.576181
vt 0.541665 0.574448
vt 0.541665 0.574448
vn 0.781227 0.235810 -0.577996
vn 0.888718 0.230473 -0.396311
vn 0.797105 0.452234 -0.400135
vn 0.821726 0.515490 -0.242976
vn 0.628693 0.060333 -0.775310
vn 0.852489 0.044369 -0.520859
vn 0.604614 -0.001395 -0.796518
vn 0.780868 0.005940 -0.624668
vn -0.255400 0.574823 -0.777399
vn 0.449277 0.486712 -0.749174
vn 0.499279 0.790073 -0.355676
vn -0.489834 0.610969 -0.621916
vn -0.068802 0.048468 -0.996452
vn 0.247836 0.060320 -0.966922
vn 0.002442 -0.013341 -0.999908
vn 0.229818 -0.011439 -0.973166
vn -0.504408 0.365725 -0.782188
vn -0.490293 0.446802 -0.748318
vn -0.563810 0.602907 -0.564465
vn -0.184798 0.733690 -0.653872
vn -0.570594 0.021699 -0.820946
vn -0.363540 0.031378 -0.931050
vn -0.524600 0.000047 -0.851349
vn -0.324820 -0.010727 -0.945715
vn -0.896950 0.440918 -0.032729
vn -0.599975 0.544566 -0.586070
vn -0.211527 0.886436 -0.411688
vn -0.684091 0.641946 0.346302
vn -0.915184 0.045488 -0.400461
vn -0.763621 0.029710 -0.644981
vn -0.892638 0.033103 -0.449557
vn -0.759754 0.015173 -0.650034
vn -0.955980 0.292522 -0.023069
vn -0.968143 0.239214 0.073996
vn -0.808282 0.437922 0.393579
vn -0.803455 0.574562 -0.156009
vn -0.985747 0.105597 0.130965
vn -0.992448 0.068404 -0.101818
vn -0.980050 0.067048 0.187099
vn -0.994219 0.054682 -0.092402
vn -0.268963 0.710031 0.650781
vn -0.858469 0.491811 0.145439
vn -0.535163 0.841104 -0.078382
vn 0.133617 0.826180 0.547334
vn -0.562797 0.217820 0.797379
vn -0.850755 0.169819 0.497371
vn -0.613357 0.074923 0.786244
vn -0.814053 0.075235 0.575897
vn 0.097656 0.571716 0.814619
vn -0.036121 0.637701 0.769437
vn 0.172645 0.813444 0.555430
vn -0.027606 0.845416 0.533394
vn 0.086434 0.205063 0.974925
vn -0.237161 0.224191 0.945248
vn 0.028656 0.055489 0.998048
vn -0.253374 0.066010 0.965114
vn 0.704757 0.485367 0.517433
vn 0.299473 0.626877 0.719264
vn 0.098454 0.919481 0.380607
vn 0.782186 0.622747 0.019240
vn 0.663171 0.113886 0.739753
vn 0.389567 0.168881 0.905382
vn 0.574487 0.035898 0.817726
vn 0.354344 0.042359 0.934155
vn 0.907962 0.236089 0.346219
vn 0.854106 0.294061 0.428988
vn 0.787617 0.602954 0.126912
vn 0.679794 0.636286 0.364718
vn 0.937572 0.040791 0.345392
vn 0.825408 0.071061 0.560047
vn 0.926491 0.031057 0.375032
vn 0.802132 0.032869 0.596241
vn 0.949779 0.252437 -0.184920
vn 0.956377 0.255349 0.141914
vn 0.643726 0.728353 0.234775
vn 0.669287 0.607832 -0.427311
vn 0.981077 0.026717 -0.191764
vn 0.999188 0.025677 0.031042
vn 0.970568 0.017383 -0.240198
vn 0.999695 0.024199 0.005024
vn 0.630559 0.067546 -0.773197
vn 0.775860 0.061675 -0.627883
vn 0.033940 0.082367 -0.996024
vn 0.239149 0.080323 -0.967655
vn -0.514915 0.085087 -0.853008
vn -0.330215 0.084966 -0.940074
vn -0.889025 0.081169 -0.450607
vn -0.768814 0.083435 -0.634006
vn -0.984297 0.065226 0.164029
vn -0.994126 0.072762 -0.080121
vn -0.639789 0.031810 0.767892
vn -0.815658 0.044142 0.576848
vn 0.000997 0.002173 0.999997
vn -0.257464 0.011563 0.966219
vn 0.578514 -0.003727 0.815664
vn 0.364065 -0.003973 0.931365
vn 0.930863 0.011284 0.365195
vn 0.824787 0.004113 0.565428
vn 0.973208 0.039931 -0.226434
vn 0.999413 0.030377 -0.015824
vn 0.645043 0.137656 -0.751645
vn 0.770404 0.118451 -0.626456
vn 0.055620 0.168953 -0.984053
vn 0.235955 0.164909 -0.957669
vn -0.501739 0.154378 -0.851132
vn -0.333463 0.163275 -0.928517
vn -0.884303 0.114349 -0.452695
vn -0.776069 0.130910 -0.616912
vn -0.987188 0.043601 0.153487
vn -0.995614 0.069829 -0.062257
vn -0.655255 -0.046137 0.753998
vn -0.812262 -0.016058 0.583072
vn -0.012530 -0.184876 0.982682
vn -0.338421 -0.110578 0.934475
vn 0.625540 -0.106675 0.772865
vn 0.371201 -0.183758 0.910188
vn 0.925824 -0.031375 0.376650
vn 0.829332 -0.055884 0.555955
vn 0.976355 0.057429 -0.208406
vn 0.999249 0.030366 -0.024090
vn 0.654454 0.160472 -0.738876
vn 0.770784 0.142096 -0.621048
vn 0.079266 0.193807 -0.977832
vn 0.243020 0.191520 -0.950927
vn -0.488489 0.168522 -0.856142
vn -0.330470 0.181145 -0.926270
vn -0.885613 0.107380 -0.451839
vn -0.783294 0.130348 -0.607832
vn -0.988657 0.015654 0.149374
vn -0.997615 0.047628 -0.049967
vn -0.669998 -0.085115 0.737467
vn -0.812007 -0.056213 0.580934
vn -0.871744 -0.377543 0.312288
vn -0.242403 -0.839418 0.486434
vn -0.443042 0.874513 -0.197334
vn -0.937464 0.347704 0.016236
vn 0.518394 -0.762176 0.387757
vn 0.965827 -0.238996 0.100292
vn 0.882958 0.439498 -0.165007
vn 0.309010 0.912565 -0.267837
vn 0.922864 -0.037086 0.383336
vn 0.832887 -0.070414 0.548945
vn 0.976858 0.068132 -0.202747
vn 0.998756 0.037856 -0.032464
vn 0.662519 0.157251 -0.732353
vn 0.778446 0.141627 -0.611525
vn 0.093852 0.184251 -0.978388
vn 0.259561 0.184396 -0.947959
vn -0.486170 0.156162 -0.859798
vn -0.326544 0.167674 -0.930190
vn -0.892364 0.091074 -0.442032
vn -0.794340 0.109687 -0.597489
vn -0.987650 0.004180 0.156622
vn -0.998942 0.028778 -0.035867
vn -0.676427 -0.080579 0.732089
vn -0.815565 -0.056905 0.575861
vn -0.344488 -0.084641 0.934967
vn -0.046006 -0.047129 0.997829
vn -0.061375 -0.120123 0.990860
vn -0.272391 -0.114197 0.955386
vn 0.381056 -0.020541 0.924324
vn 0.619320 -0.077328 0.781321
vn 0.543413 -0.096062 0.833951
vn 0.360772 -0.114052 0.925654
vn 0.922596 -0.022383 0.385119
vn 0.833176 -0.052801 0.550481
vn 0.976076 0.075102 -0.204049
vn 0.998435 0.047060 -0.030227
vn 0.669188 0.109597 -0.734966
vn 0.791275 0.099877 -0.603248
vn 0.102270 0.127182 -0.986593
vn 0.280804 0.127821 -0.951216
vn -0.494331 0.099174 -0.863598
vn -0.323184 0.113484 -0.939507
vn -0.902526 0.046885 -0.428076
vn -0.803992 0.062853 -0.591309
vn -0.984454 -0.018322 0.174683
vn -0.999756 -0.004273 -0.021660
vn -0.673803 -0.075082 0.735086
vn -0.814844 -0.061239 0.576436
vn -0.077206 -0.098735 0.992114
vn -0.285123 -0.095414 0.953730
vn 0.530715 -0.079819 0.843783
vn 0.344603 -0.090280 0.934397
vn 0.921493 -0.024547 0.387619
vn 0.826969 -0.044828 0.560458
vn 0.977639 0.046938 -0.204983
vn 0.999317 0.030293 -0.021166
vn 0.672893 0.072983 -0.736131
vn 0.803392 0.062171 -0.592196
vn 0.102410 0.083501 -0.991232
vn 0.289958 0.084453 -0.953306
vn -0.506528 0.058127 -0.860262
vn -0.327283 0.069353 -0.942378
vn -0.914105 0.011671 -0.405310
vn -0.814676 0.027960 -0.579242
vn -0.979171 -0.038259 0.199401
vn -0.999740 -0.022584 -0.003306
vn -0.667710 -0.076475 0.740483
vn -0.808879 -0.065949 0.584265
vn -0.089656 -0.091276 0.991782
vn -0.291121 -0.089727 0.952469
vn 0.513942 -0.074294 0.854602
vn 0.328806 -0.083333 0.940714
vn 0.915601 -0.029257 0.401023
vn 0.814478 -0.046650 0.578315
vn 0.980185 0.027591 -0.196153
vn 0.999955 0.009301 -0.001915
vn 0.569857 0.820733 -0.040749
vn 0.408724 0.844573 -0.345893
vn 0.321961 0.890538 -0.321378
vn 0.483561 0.875201 -0.013821
vn 0.279558 0.880711 -0.382355
vn 0.307233 0.913143 0.267915
vn 0.277110 0.935413 0.219573
vn 0.253980 0.923347 -0.287967
vn -0.349329 0.817881 -0.457210
vn 0.406784 0.908124 -0.099183
vn 0.302609 0.942957 -0.138780
vn -0.109526 0.928475 -0.354877
vn 0.011338 0.859509 -0.510995
vn -0.451706 0.721446 -0.524860
vn -0.383236 0.801989 -0.458197
vn 0.047298 0.876554 -0.478974
vn -0.748973 0.372270 0.548138
vn -0.043480 0.916101 -0.398582
vn -0.068352 0.924626 -0.374693
vn -0.576836 0.807889 0.120727
vn -0.550863 0.811606 -0.194540
vn -0.744288 0.574838 0.339994
vn -0.758542 0.308944 0.573731
vn -0.539282 0.823694 -0.175223
vn 0.193558 0.735607 0.649167
vn -0.484177 0.862923 -0.144693
vn -0.451593 0.888676 -0.079491
vn -0.022676 0.867418 0.497063
vn -0.208322 0.891601 0.402056
vn 0.183273 0.733338 0.654695
vn 0.201897 0.727605 0.655613
vn -0.264043 0.897326 0.353678
vn 0.838189 0.521599 -0.159293
vn -0.154233 0.945721 0.286049
vn -0.083190 0.963701 0.253694
vn 0.623535 0.781111 -0.032695
vn 0.343460 0.862443 0.371790
vn 0.739887 0.662299 0.118012
vn 0.873715 0.463994 -0.146057
vn 0.298611 0.878701 0.372447
vn -0.195580 -0.845678 0.496566
vn -0.829031 -0.289214 0.478606
vn -0.836376 0.116986 0.535528
vn -0.243953 0.628404 0.738644
vn 0.909843 -0.210200 0.357773
vn 0.462144 -0.762490 0.452804
vn 0.894404 0.151233 0.420915
vn 0.403355 0.647937 0.646129
vn -0.354570 -0.933486 -0.053700
vn -0.907086 -0.417623 0.052791
vn -0.923427 0.340525 0.176990
vn -0.385303 0.889873 0.244269
vn 0.928960 -0.369588 -0.020932
vn 0.404261 -0.910818 -0.083567
vn 0.921226 0.375934 0.100082
vn 0.381989 0.899717 0.211174
vn -0.365524 -0.929760 -0.044023
vn -0.912625 -0.408638 0.011464
vn -0.932698 0.355898 0.058398
vn -0.398399 0.914655 0.068439
vn 0.922030 -0.381699 -0.064550
vn 0.387510 -0.918795 -0.075173
vn 0.923508 0.383122 -0.018700
vn 0.376081 0.925879 0.036210
vn -0.911285 -0.401583 0.091050
vn -0.370422 -0.922929 0.104837
vn -0.309107 -0.891761 0.330477
vn -0.883624 -0.409438 0.227089
vn -0.395071 0.917542 -0.045120
vn -0.932285 0.360559 0.029028
vn -0.947315 0.320220 -0.007275
vn -0.436882 0.871302 -0.223535
vn 0.377869 -0.922792 0.075302
vn 0.917980 -0.396087 0.020670
vn 0.927876 -0.363690 0.082315
vn 0.426509 -0.865426 0.262921
vn 0.929133 0.367702 -0.038823
vn 0.924377 0.357013 -0.134420
vn 0.385155 0.920023 -0.072208
vn 0.360269 0.891490 -0.274684
s 1
g Tree
usemtl initialShadingGroup
f 1985/2274/2233 1986/2275/2234 2167/2276/2235 2168/2277/2236
f 1986/2278/2234 1985/2274/2233 1988/2279/2237 1987/2280/2238
f 1987/2281/2238 1988/2279/2237 2026/2282/2239 2025/2283/2240
f 1989/2284/2241 1990/2285/2242 2175/2286/2243 2176/2287/2244
f 1990/2285/2242 1989/2284/2241 1992/2288/2245 1991/2289/2246
f 1991/2289/2246 1992/2288/2245 2028/2290/2247 2027/2291/2248
f 1993/2292/2249 1994/2293/2250 2179/2294/2251 2180/2295/2252
f 1994/2293/2250 1993/2292/2249 1996/2296/2253 1995/2297/2254
f 1995/2297/2254 1996/2296/2253 2030/2298/2255 2029/2299/2256
f 1997/2300/2257 1998/2301/2258 2183/2302/2259 2184/2303/2260
f 1998/2301/2258 1997/2300/2257 2000/2304/2261 1999/2305/2262
f 1999/2305/2262 2000/2304/2261 2032/2306/2263 2031/2307/2264
f 2001/2308/2265 2002/2309/2266 2187/2310/2267 2188/2311/2268
f 2002/2309/2266 2001/2308/2265 2004/2312/2269 2003/2313/2270
f 2003/2313/2270 2004/2312/2269 2034/2314/2271 2033/2315/2272
f 2005/2316/2273 2006/2317/2274 2191/2318/2275 2192/2319/2276
f 2006/2317/2274 2005/2316/2273 2008/2320/2277 2007/2321/2278
f 2007/2321/2278 2008/2320/2277 2036/2322/2279 2035/2323/2280
f 2009/2324/2281 2010/2325/2282 2195/2326/2283 2196/2327/2284
f 2010/2325/2282 2009/2324/2281 2012/2328/2285 2011/2329/2286
f 2011/2329/2286 2012/2328/2285 2038/2330/2287 2037/2331/2288
f 2013/2332/2289 2014/2333/2290 2199/2334/2291 2200/2335/2292
f 2014/2333/2290 2013/2332/2289 2016/2336/2293 2015/2337/2294
f 2015/2337/2294 2016/2336/2293 2040/2338/2295 2039/2339/2296
f 2017/2340/2297 2018/2341/2298 2203/2342/2299 2204/2343/2300
f 2018/2341/2298 2017/2340/2297 2020/2344/2301 2019/2345/2302
f 2019/2345/2302 2020/2344/2301 2042/2346/2303 2041/2347/2304
f 2021/2348/2305 2022/2349/2306 2171/2350/2307 2172/2351/2308
f 2022/2349/2306 2021/2348/2305 2024/2352/2309 2023/2353/2310
f 2023/2353/2310 2024/2352/2309 2044/2354/2311 2043/2355/2312
f 2025/2356/2240 2026/2282/2239 2046/2357/2313 2045/2358/2314
f 2027/2291/2248 2028/2290/2247 2048/2359/2315 2047/2360/2316
f 2029/2299/2256 2030/2298/2255 2050/2361/2317 2049/2362/2318
f 2031/2307/2264 2032/2306/2263 2052/2363/2319 2051/2364/2320
f 2033/2315/2272 2034/2314/2271 2054/2365/2321 2053/2366/2322
f 2035/2323/2280 2036/2322/2279 2056/2367/2323 2055/2368/2324
f 2037/2331/2288 2038/2330/2287 2058/2369/2325 2057/2370/2326
f 2039/2339/2296 2040/2338/2295 2060/2371/2327 2059/2372/2328
f 2041/2347/2304 2042/2346/2303 2062/2373/2329 2061/2374/2330
f 2043/2355/2312 2044/2354/2311 2064/2375/2331 2063/2376/2332
f 2045/2377/2314 2046/2357/2313 2066/2378/2333 2065/2379/2334
f 2047/2360/2316 2048/2359/2315 2068/2380/2335 2067/2381/2336
f 2049/2362/2318 2050/2361/2317 2070/2382/2337 2069/2383/2338
f 2051/2364/2320 2052/2363/2319 2072/2384/2339 2071/2385/2340
f 2053/2366/2322 2054/2365/2321 2074/2386/2341 2073/2387/2342
f 2055/2368/2324 2056/2367/2323 2076/2388/2343 2075/2389/2344
f 2057/2370/2326 2058/2369/2325 2078/2390/2345 2077/2391/2346
f 2059/2372/2328 2060/2371/2327 2080/2392/2347 2079/2393/2348
f 2061/2374/2330 2062/2373/2329 2082/2394/2349 2081/2395/2350
f 2063/2376/2332 2064/2375/2331 2084/2396/2351 2083/2397/2352
f 2065/2398/2334 2066/2378/2333 2086/2399/2353 2085/2400/2354
f 2067/2381/2336 2068/2380/2335 2088/2401/2355 2087/2402/2356
f 2069/2383/2338 2070/2382/2337 2090/2403/2357 2089/2404/2358
f 2071/2385/2340 2072/2384/2339 2092/2405/2359 2091/2406/2360
f 2073/2387/2342 2074/2386/2341 2094/2407/2361 2093/2408/2362
f 2075/2389/2344 2076/2388/2343 2096/2409/2363 2095/2410/2364
f 2250/2411/2365 2249/2412/2366 2251/2413/2367 2252/2414/2368
f 2254/2415/2369 2253/2416/2370 2255/2417/2371 2256/2418/2372
f 2081/2395/2350 2082/2394/2349 2102/2419/2373 2101/2420/2374
f 2083/2397/2352 2084/2396/2351 2104/2421/2375 2103/2422/2376
f 2085/2423/2354 2086/2399/2353 2106/2424/2377 2105/2425/2378
f 2087/2402/2356 2088/2401/2355 2108/2426/2379 2107/2427/2380
f 2089/2404/2358 2090/2403/2357 2110/2428/2381 2109/2429/2382
f 2091/2406/2360 2092/2405/2359 2112/2430/2383 2111/2431/2384
f 2093/2408/2362 2094/2407/2361 2114/2432/2385 2113/2433/2386
f 2095/2410/2364 2096/2409/2363 2116/2434/2387 2115/2435/2388
f 2097/2436/2389 2098/2437/2390 2118/2438/2391 2117/2439/2392
f 2099/2440/2393 2100/2441/2394 2120/2442/2395 2119/2443/2396
f 2101/2420/2374 2102/2419/2373 2122/2444/2397 2121/2445/2398
f 2103/2422/2376 2104/2421/2375 2124/2446/2399 2123/2447/2400
f 2105/2448/2378 2106/2424/2377 2126/2449/2401 2125/2450/2402
f 2107/2427/2380 2108/2426/2379 2128/2451/2403 2127/2452/2404
f 2109/2429/2382 2110/2428/2381 2130/2453/2405 2129/2454/2406
f 2111/2431/2384 2112/2430/2383 2132/2455/2407 2131/2456/2408
f 2113/2433/2386 2114/2432/2385 2134/2457/2409 2133/2458/2410
f 2115/2435/2388 2116/2434/2387 2136/2459/2411 2135/2460/2412
f 2117/2439/2392 2118/2438/2391 2138/2461/2413 2137/2462/2414
f 2119/2443/2396 2120/2442/2395 2140/2463/2415 2139/2464/2416
f 2121/2445/2398 2122/2444/2397 2142/2465/2417 2141/2466/2418
f 2123/2447/2400 2124/2446/2399 2144/2467/2419 2143/2468/2420
f 2125/2469/2402 2126/2449/2401 2146/2470/2421 2145/2471/2422
f 2127/2452/2404 2128/2451/2403 2148/2472/2423 2147/2473/2424
f 2129/2454/2406 2130/2453/2405 2150/2474/2425 2149/2475/2426
f 2131/2456/2408 2132/2455/2407 2152/2476/2427 2151/2477/2428
f 2133/2458/2410 2134/2457/2409 2154/2478/2429 2153/2479/2430
f 2135/2460/2412 2136/2459/2411 2156/2480/2431 2155/2481/2432
f 2137/2462/2414 2138/2461/2413 2158/2482/2433 2157/2483/2434
f 2139/2464/2416 2140/2463/2415 2160/2484/2435 2159/2485/2436
f 2141/2466/2418 2142/2465/2417 2162/2486/2437 2161/2487/2438
f 2143/2468/2420 2144/2467/2419 2164/2488/2439 2163/2489/2440
f 2165/2490/2441 2166/2491/2442 2208/2492/2443 2207/2493/2444
f 2166/2494/2442 2165/2495/2441 2168/2496/2236 2167/2497/2235
f 2169/2498/2445 2170/2499/2446 2224/2500/2447 2223/2501/2448
f 2170/2499/2446 2169/2498/2445 2172/2351/2308 2171/2350/2307
f 2173/2502/2449 2174/2503/2450 2206/2504/2451 2205/2505/2452
f 2174/2503/2450 2173/2502/2449 2176/2287/2244 2175/2286/2243
f 2177/2506/2453 2178/2507/2454 2210/2508/2455 2209/2509/2456
f 2178/2507/2454 2177/2506/2453 2180/2295/2252 2179/2294/2251
f 2181/2510/2457 2182/2511/2458 2212/2512/2459 2211/2513/2460
f 2182/2511/2458 2181/2510/2457 2184/2303/2260 2183/2302/2259
f 2185/2514/2461 2186/2515/2462 2214/2516/2463 2213/2517/2464
f 2186/2515/2462 2185/2514/2461 2188/2311/2268 2187/2310/2267
f 2189/2518/2465 2190/2519/2466 2216/2520/2467 2215/2521/2468
f 2190/2519/2466 2189/2518/2465 2192/2319/2276 2191/2318/2275
f 2193/2522/2469 2194/2523/2470 2218/2524/2471 2217/2525/2472
f 2194/2523/2470 2193/2522/2469 2196/2327/2284 2195/2326/2283
f 2197/2526/2473 2198/2527/2474 2220/2528/2475 2219/2529/2476
f 2198/2527/2474 2197/2526/2473 2200/2335/2292 2199/2334/2291
f 2201/2530/2477 2202/2531/2478 2222/2532/2479 2221/2533/2480
f 2202/2531/2478 2201/2530/2477 2204/2343/2300 2203/2342/2299
f 1985/2274/2233 1990/2285/2242 1991/2289/2246 1988/2279/2237
f 1989/2284/2241 1994/2293/2250 1995/2297/2254 1992/2288/2245
f 1993/2292/2249 1998/2301/2258 1999/2305/2262 1996/2296/2253
f 1997/2300/2257 2002/2309/2266 2003/2313/2270 2000/2304/2261
f 2001/2308/2265 2006/2317/2274 2007/2321/2278 2004/2312/2269
f 2005/2316/2273 2010/2325/2282 2011/2329/2286 2008/2320/2277
f 2009/2324/2281 2014/2333/2290 2015/2337/2294 2012/2328/2285
f 2013/2332/2289 2018/2341/2298 2019/2345/2302 2016/2336/2293
f 2017/2340/2297 2022/2349/2306 2023/2353/2310 2020/2344/2301
f 2021/2348/2305 1986/2534/2234 1987/2535/2238 2024/2352/2309
f 1988/2279/2237 1991/2289/2246 2027/2291/2248 2026/2282/2239
f 1992/2288/2245 1995/2297/2254 2029/2299/2256 2028/2290/2247
f 1996/2296/2253 1999/2305/2262 2031/2307/2264 2030/2298/2255
f 2000/2304/2261 2003/2313/2270 2033/2315/2272 2032/2306/2263
f 2004/2312/2269 2007/2321/2278 2035/2323/2280 2034/2314/2271
f 2008/2320/2277 2011/2329/2286 2037/2331/2288 2036/2322/2279
f 2012/2328/2285 2015/2337/2294 2039/2339/2296 2038/2330/2287
f 2016/2336/2293 2019/2345/2302 2041/2347/2304 2040/2338/2295
f 2020/2344/2301 2023/2353/2310 2043/2355/2312 2042/2346/2303
f 2024/2352/2309 1987/2535/2238 2025/2536/2240 2044/2354/2311
f 2026/2282/2239 2027/2291/2248 2047/2360/2316 2046/2357/2313
f 2028/2290/2247 2029/2299/2256 2049/2362/2318 2048/2359/2315
f 2030/2298/2255 2031/2307/2264 2051/2364/2320 2050/2361/2317
f 2032/2306/2263 2033/2315/2272 2053/2366/2322 2052/2363/2319
f 2034/2314/2271 2035/2323/2280 2055/2368/2324 2054/2365/2321
f 2036/2322/2279 2037/2331/2288 2057/2370/2326 2056/2367/2323
f 2038/2330/2287 2039/2339/2296 2059/2372/2328 2058/2369/2325
f 2040/2338/2295 2041/2347/2304 2061/2374/2330 2060/2371/2327
f 2042/2346/2303 2043/2355/2312 2063/2376/2332 2062/2373/2329
f 2044/2354/2311 2025/2536/2240 2045/2537/2314 2064/2375/2331
f 2046/2357/2313 2047/2360/2316 2067/2381/2336 2066/2378/2333
f 2048/2359/2315 2049/2362/2318 2069/2383/2338 2068/2380/2335
f 2050/2361/2317 2051/2364/2320 2071/2385/2340 2070/2382/2337
f 2052/2363/2319 2053/2366/2322 2073/2387/2342 2072/2384/2339
f 2054/2365/2321 2055/2368/2324 2075/2389/2344 2074/2386/2341
f 2056/2367/2323 2057/2370/2326 2077/2391/2346 2076/2388/2343
f 2058/2369/2325 2059/2372/2328 2079/2393/2348 2078/2390/2345
f 2060/2371/2327 2061/2374/2330 2081/2395/2350 2080/2392/2347
f 2062/2373/2329 2063/2376/2332 2083/2397/2352 2082/2394/2349
f 2064/2375/2331 2045/2537/2314 2065/2538/2334 2084/2396/2351
f 2066/2378/2333 2067/2381/2336 2087/2402/2356 2086/2399/2353
f 2068/2380/2335 2069/2383/2338 2089/2404/2358 2088/2401/2355
f 2070/2382/2337 2071/2385/2340 2091/2406/2360 2090/2403/2357
f 2072/2384/2339 2073/2387/2342 2093/2408/2362 2092/2405/2359
f 2074/2386/2341 2075/2389/2344 2095/2410/2364 2094/2407/2361
f 2076/2388/2343 2077/2391/2346 2097/2436/2389 2096/2409/2363
f 2249/2412/2366 2254/2415/2369 2256/2418/2372 2251/2413/2367
f 2080/2392/2347 2081/2395/2350 2101/2420/2374 2100/2441/2394
f 2082/2394/2349 2083/2397/2352 2103/2422/2376 2102/2419/2373
f 2084/2396/2351 2065/2538/2334 2085/2539/2354 2104/2421/2375
f 2086/2399/2353 2087/2402/2356 2107/2427/2380 2106/2424/2377
f 2088/2401/2355 2089/2404/2358 2109/2429/2382 2108/2426/2379
f 2090/2403/2357 2091/2406/2360 2111/2431/2384 2110/2428/2381
f 2092/2405/2359 2093/2408/2362 2113/2433/2386 2112/2430/2383
f 2094/2407/2361 2095/2410/2364 2115/2435/2388 2114/2432/2385
f 2096/2409/2363 2097/2436/2389 2117/2439/2392 2116/2434/2387
f 2098/2437/2390 2099/2440/2393 2119/2443/2396 2118/2438/2391
f 2100/2441/2394 2101/2420/2374 2121/2445/2398 2120/2442/2395
f 2102/2419/2373 2103/2422/2376 2123/2447/2400 2122/2444/2397
f 2104/2421/2375 2085/2539/2354 2105/2540/2378 2124/2446/2399
f 2106/2424/2377 2107/2427/2380 2127/2452/2404 2126/2449/2401
f 2108/2426/2379 2109/2429/2382 2129/2454/2406 2128/2451/2403
f 2110/2428/2381 2111/2431/2384 2131/2456/2408 2130/2453/2405
f 2112/2430/2383 2113/2433/2386 2133/2458/2410 2132/2455/2407
f 2114/2432/2385 2115/2435/2388 2135/2460/2412 2134/2457/2409
f 2116/2434/2387 2117/2439/2392 2137/2462/2414 2136/2459/2411
f 2118/2438/2391 2119/2443/2396 2139/2464/2416 2138/2461/2413
f 2120/2442/2395 2121/2445/2398 2141/2466/2418 2140/2463/2415
f 2122/2444/2397 2123/2447/2400 2143/2468/2420 2142/2465/2417
f 2124/2446/2399 2105/2540/2378 2125/2541/2402 2144/2467/2419
f 2126/2449/2401 2127/2452/2404 2147/2473/2424 2146/2470/2421
f 2128/2451/2403 2129/2454/2406 2149/2475/2426 2148/2472/2423
f 2130/2453/2405 2131/2456/2408 2151/2477/2428 2150/2474/2425
f 2132/2455/2407 2133/2458/2410 2153/2479/2430 2152/2476/2427
f 2134/2457/2409 2135/2460/2412 2155/2481/2432 2154/2478/2429
f 2136/2459/2411 2137/2462/2414 2157/2483/2434 2156/2480/2431
f 2138/2461/2413 2139/2464/2416 2159/2485/2436 2158/2482/2433
f 2140/2463/2415 2141/2466/2418 2161/2487/2438 2160/2484/2435
f 2142/2465/2417 2143/2468/2420 2163/2489/2440 2162/2486/2437
f 2144/2467/2419 2125/2541/2402 2145/2542/2422 2164/2488/2439
f 2166/2494/2442 2167/2497/2235 2172/2351/2308 2169/2498/2445
f 2168/2277/2236 2165/2490/2441 2174/2503/2450 2175/2286/2243
f 2176/2287/2244 2173/2502/2449 2178/2507/2454 2179/2294/2251
f 2180/2295/2252 2177/2506/2453 2182/2511/2458 2183/2302/2259
f 2184/2303/2260 2181/2510/2457 2186/2515/2462 2187/2310/2267
f 2188/2311/2268 2185/2514/2461 2190/2519/2466 2191/2318/2275
f 2192/2319/2276 2189/2518/2465 2194/2523/2470 2195/2326/2283
f 2196/2327/2284 2193/2522/2469 2198/2527/2474 2199/2334/2291
f 2200/2335/2292 2197/2526/2473 2202/2531/2478 2203/2342/2299
f 2204/2343/2300 2201/2530/2477 2170/2499/2446 2171/2350/2307
f 2165/2490/2441 2207/2493/2444 2206/2504/2451 2174/2503/2450
f 2173/2502/2449 2205/2505/2452 2210/2508/2455 2178/2507/2454
f 2177/2506/2453 2209/2509/2456 2212/2512/2459 2182/2511/2458
f 2181/2510/2457 2211/2513/2460 2214/2516/2463 2186/2515/2462
f 2185/2514/2461 2213/2517/2464 2216/2520/2467 2190/2519/2466
f 2189/2518/2465 2215/2521/2468 2218/2524/2471 2194/2523/2470
f 2193/2522/2469 2217/2525/2472 2220/2528/2475 2198/2527/2474
f 2197/2526/2473 2219/2529/2476 2222/2532/2479 2202/2531/2478
f 2201/2530/2477 2221/2533/2480 2224/2500/2447 2170/2499/2446
f 2169/2498/2445 2223/2501/2448 2208/2543/2443 2166/2494/2442
f 2168/2277/2236 2175/2286/2243 1990/2285/2242 1985/2274/2233
f 2176/2287/2244 2179/2294/2251 1994/2293/2250 1989/2284/2241
f 2180/2295/2252 2183/2302/2259 1998/2301/2258 1993/2292/2249
f 2184/2303/2260 2187/2310/2267 2002/2309/2266 1997/2300/2257
f 2188/2311/2268 2191/2318/2275 2006/2317/2274 2001/2308/2265
f 2192/2319/2276 2195/2326/2283 2010/2325/2282 2005/2316/2273
f 2196/2327/2284 2199/2334/2291 2014/2333/2290 2009/2324/2281
f 2200/2335/2292 2203/2342/2299 2018/2341/2298 2013/2332/2289
f 2204/2343/2300 2171/2350/2307 2022/2349/2306 2017/2340/2297
f 2172/2544/2308 2167/2545/2235 1986/2534/2234 2021/2348/2305
f 2077/2391/2346 2078/2390/2345 2225/2546/2481 2226/2547/2482
f 2098/2437/2390 2097/2436/2389 2228/2548/2483 2227/2549/2484
f 2097/2436/2389 2077/2391/2346 2226/2547/2482 2228/2548/2483
f 2079/2393/2348 2080/2392/2347 2229/2550/2485 2230/2551/2486
f 2080/2392/2347 2100/2441/2394 2231/2552/2487 2229/2550/2485
f 2100/2441/2394 2099/2440/2393 2232/2553/2488 2231/2552/2487
f 2078/2390/2345 2079/2393/2348 2230/2551/2486 2225/2546/2481
f 2099/2440/2393 2098/2437/2390 2227/2549/2484 2232/2553/2488
f 2226/2547/2482 2225/2546/2481 2233/2554/2489 2234/2555/2490
f 2227/2549/2484 2228/2548/2483 2236/2556/2491 2235/2557/2492
f 2228/2548/2483 2226/2547/2482 2234/2555/2490 2236/2556/2491
f 2230/2551/2486 2229/2550/2485 2237/2558/2493 2238/2559/2494
f 2229/2550/2485 2231/2552/2487 2239/2560/2495 2237/2558/2493
f 2231/2552/2487 2232/2553/2488 2240/2561/2496 2239/2560/2495
f 2225/2546/2481 2230/2551/2486 2238/2559/2494 2233/2554/2489
f 2232/2553/2488 2227/2549/2484 2235/2557/2492 2240/2561/2496
f 2234/2555/2490 2233/2554/2489 2257/2562/2497 2258/2563/2498
f 2235/2557/2492 2236/2556/2491 2259/2564/2499 2260/2565/2500
f 2236/2556/2491 2234/2555/2490 2258/2563/2498 2259/2564/2499
f 2238/2559/2494 2237/2558/2493 2263/2566/2501 2264/2567/2502
f 2237/2558/2493 2239/2560/2495 2262/2568/2503 2263/2566/2501
f 2239/2560/2495 2240/2561/2496 2261/2569/2504 2262/2568/2503
f 2233/2554/2489 2238/2559/2494 2264/2567/2502 2257/2562/2497
f 2240/2561/2496 2235/2557/2492 2260/2565/2500 2261/2569/2504
f 2242/2570/2505 2241/2571/2506 2265/2572/2507 2266/2573/2508
f 2243/2574/2509 2244/2575/2510 2267/2576/2511 2268/2577/2512
f 2244/2575/2510 2242/2570/2505 2266/2573/2508 2267/2576/2511
f 2246/2578/2513 2245/2579/2514 2271/2580/2515 2272/2581/2516
f 2245/2579/2514 2247/2582/2517 2270/2583/2518 2271/2580/2515
f 2247/2582/2517 2248/2584/2519 2269/2585/2520 2270/2583/2518
f 2241/2571/2506 2246/2578/2513 2272/2581/2516 2265/2572/2507
f 2248/2584/2519 2243/2574/2509 2268/2577/2512 2269/2585/2520
f 2258/2563/2498 2257/2562/2497 2241/2571/2506 2242/2570/2505
f 2259/2564/2499 2258/2563/2498 2242/2570/2505 2244/2575/2510
f 2260/2565/2500 2259/2564/2499 2244/2575/2510 2243/2574/2509
f 2261/2569/2504 2260/2565/2500 2243/2574/2509 2248/2584/2519
f 2262/2568/2503 2261/2569/2504 2248/2584/2519 2247/2582/2517
f 2263/2566/2501 2262/2568/2503 2247/2582/2517 2245/2579/2514
f 2264/2567/2502 2263/2566/2501 2245/2579/2514 2246/2578/2513
f 2257/2562/2497 2264/2567/2502 2246/2578/2513 2241/2571/2506
f 2266/2573/2508 2265/2572/2507 2249/2412/2366 2250/2411/2365
f 2267/2576/2511 2266/2573/2508 2250/2411/2365 2252/2414/2368
f 2268/2577/2512 2267/2576/2511 2252/2414/2368 2251/2413/2367
f 2269/2585/2520 2268/2577/2512 2251/2413/2367 2256/2418/2372
f 2270/2583/2518 2269/2585/2520 2256/2418/2372 2255/2417/2371
f 2271/2580/2515 2270/2583/2518 2255/2417/2371 2253/2416/2370
f 2272/2581/2516 2271/2580/2515 2253/2416/2370 2254/2415/2369
f 2265/2572/2507 2272/2581/2516 2254/2415/2369 2249/2412/2366
g default
v 1.453183 -0.706091 3.385145
v 1.850910 -0.826732 3.309638
v 2.193160 -0.669506 3.111838
v 2.274452 -0.658868 2.754864
v 1.536379 -0.395509 3.497466
v 2.011204 -0.409524 3.515523
v 2.301831 -0.372536 3.269092
v 2.419628 -0.380482 2.803246
v 1.471325 -0.121990 3.480826
v 1.934013 -0.004659 3.389452
v 2.208830 0.031437 3.237748
v 2.328453 -0.163047 2.903646
v 1.663289 0.118869 3.143848
v 1.996092 0.138149 2.936446
v 1.423398 0.263403 2.813314
v 1.734398 0.171962 2.560459
v 1.328627 0.154549 2.558774
v 1.506901 0.108126 2.305073
v 0.981541 0.072928 2.650914
v 1.188799 0.054925 2.285009
v 1.301209 0.103062 2.099008
v 1.516829 0.076697 2.054363
v 0.762182 -0.297880 2.590580
v 0.872094 -0.436913 2.268374
v 1.171172 -0.351961 1.744045
v 1.387269 -0.358588 1.765592
v 0.786591 -0.600397 2.514234
v 1.030242 -0.837518 2.292957
v 1.355926 -0.709874 1.983812
v 1.687148 -0.651570 1.837589
v 0.826882 -0.562304 2.858402
v 1.163668 -0.932203 2.579845
v 1.648906 -0.963223 2.212834
v 1.960541 -0.676117 2.014922
v 0.956818 -0.571166 3.185930
v 1.334593 -0.943602 2.956714
v 1.877181 -0.979595 2.449596
v 2.196495 -0.715094 2.263101
v 1.171256 -0.626241 3.352179
v 1.656446 -0.786905 3.157000
v 2.047623 -0.737378 2.766572
v 2.277753 -0.711639 2.485778
v 1.880805 -0.353000 1.978520
v 2.195982 -0.294238 2.185987
v 2.335932 -0.361126 2.529554
v 1.676021 0.013528 2.155552
v 1.981593 0.039610 2.301495
v 2.171002 -0.011006 2.648233
v 0.758668 -0.175917 2.984675
v 0.879987 -0.167424 3.393391
v 1.177861 -0.304772 3.486840
v 1.007278 0.187604 2.872969
v 1.285306 0.187121 3.081853
v 1.318669 0.039538 3.337278
vt 0.375000 0.000000
vt 0.458333 0.000000
vt 0.541667 0.000000
vt 0.625000 0.000000
vt 0.375000 0.125000
vt 0.458333 0.125000
vt 0.541667 0.125000
vt 0.625000 0.125000
vt 0.375000 0.250000
vt 0.458333 0.250000
vt 0.541667 0.250000
vt 0.625000 0.250000
vt 0.375000 0.312500
vt 0.458333 0.312500
vt 0.541667 0.312500
vt 0.625000 0.312500
vt 0.375000 0.375000
vt 0.458333 0.375000
vt 0.541667 0.375000
vt 0.625000 0.375000
vt 0.375000 0.437500
vt 0.458333 0.437500
vt 0.541667 0.437500
vt 0.625000 0.437500
vt 0.375000 0.500000
vt 0.458333 0.500000
vt 0.541667 0.500000
vt 0.625000 0.500000
vt 0.375000 0.625000
vt 0.458333 0.625000
vt 0.541667 0.625000
vt 0.625000 0.625000
vt 0.375000 0.750000
vt 0.458333 0.750000
vt 0.541667 0.750000
vt 0.625000 0.750000
vt 0.375000 0.812500
vt 0.458333 0.812500
vt 0.541667 0.812500
vt 0.625000 0.812500
vt 0.375000 0.875000
vt 0.458333 0.875000
vt 0.541667 0.875000
vt 0.625000 0.875000
vt 0.375000 0.937500
vt 0.458333 0.937500
vt 0.541667 0.937500
vt 0.625000 0.937500
vt 0.375000 1.000000
vt 0.458333 1.000000
vt 0.541667 1.000000
vt 0.625000 1.000000
vt 0.875000 0.000000
vt 0.812500 0.000000
vt 0.750000 0.000000
vt 0.687500 0.000000
vt 0.812500 0.125000
vt 0.750000 0.125000
vt 0.687500 0.125000
vt 0.875000 0.125000
vt 0.812500 0.250000
vt 0.750000 0.250000
vt 0.687500 0.250000
vt 0.875000 0.250000
vt 0.125000 0.000000
vt 0.187500 0.000000
vt 0.250000 0.000000
vt 0.312500 0.000000
vt 0.187500 0.125000
vt 0.250000 0.125000
vt 0.312500 0.125000
vt 0.125000 0.125000
vt 0.187500 0.250000
vt 0.250000 0.250000
vt 0.312500 0.250000
vt 0.125000 0.250000
vn -0.144113 -0.637110 0.757181
vn 0.227155 -0.809707 0.541087
vn 0.342238 -0.157224 0.926366
vn -0.030134 -0.114796 0.992932
vn 0.618015 -0.726619 0.300138
vn 0.816738 -0.132437 0.561604
vn 0.764888 -0.638424 0.085792
vn 0.999040 -0.028847 0.032984
vn 0.215888 0.604386 0.766883
vn -0.023599 0.464439 0.885291
vn 0.617540 0.658183 0.430627
vn 0.871824 0.489777 0.006445
vn 0.105173 0.931379 0.348529
vn -0.094066 0.719650 0.687935
vn 0.353675 0.933868 0.052962
vn 0.659733 0.725221 -0.196996
vn 0.019309 0.999322 0.031347
vn -0.234343 0.896792 0.375297
vn 0.207604 0.967863 -0.141923
vn 0.488529 0.739712 -0.462780
vn -0.162974 0.959215 -0.230970
vn -0.571344 0.817014 0.077805
vn 0.030682 0.967412 -0.251342
vn 0.334850 0.674835 -0.657628
vn -0.662381 0.657492 -0.359104
vn -0.680248 0.655451 -0.328094
vn -0.501367 0.715268 -0.486850
vn 0.272841 0.654581 -0.705040
vn -0.841038 0.061989 -0.537412
vn -0.927119 0.261882 -0.268084
vn -0.640081 0.065187 -0.765537
vn 0.130007 0.145683 -0.980752
vn -0.556996 -0.733386 -0.389745
vn -0.877687 -0.471395 -0.086323
vn -0.339648 -0.697616 -0.630849
vn 0.226325 -0.405979 -0.885414
vn -0.374682 -0.927100 -0.009925
vn -0.815534 -0.539555 0.209247
vn 0.015018 -0.943100 -0.332171
vn 0.465140 -0.445483 -0.764977
vn -0.151618 -0.939722 0.306487
vn -0.658681 -0.602655 0.450495
vn 0.270047 -0.962754 0.013404
vn 0.728869 -0.523504 -0.441241
vn 0.123094 -0.953635 0.274644
vn -0.302155 -0.631406 0.714163
vn 0.357688 -0.913301 0.194781
vn 0.817429 -0.568522 -0.092695
vn 0.475124 0.298388 -0.827781
vn 0.733030 0.314099 -0.603331
vn 0.935827 0.209301 -0.283587
vn -0.927621 0.300181 0.222284
vn -0.703547 0.311888 0.638552
vn -0.331317 0.027591 0.943116
s 1
g Rock
usemtl initialShadingGroup
f 2273/2586/2521 2274/2587/2522 2278/2591/2523 2277/2590/2524
f 2274/2587/2522 2275/2588/2525 2279/2592/2526 2278/2591/2523
f 2275/2588/2525 2276/2589/2527 2280/2593/2528 2279/2592/2526
f 2277/2590/2524 2278/2591/2523 2282/2595/2529 2281/2594/2530
f 2278/2591/2523 2279/2592/2526 2283/2596/2531 2282/2595/2529
f 2279/2592/2526 2280/2593/2528 2284/2597/2532 2283/2596/2531
f 2281/2594/2530 2282/2595/2529 2285/2599/2533 2326/2598/2534
f 2282/2595/2529 2283/2596/2531 2286/2600/2535 2285/2599/2533
f 2283/2596/2531 2284/2597/2532 2320/2601/2536 2286/2600/2535
f 2326/2598/2534 2285/2599/2533 2287/2603/2537 2325/2602/2538
f 2285/2599/2533 2286/2600/2535 2288/2604/2539 2287/2603/2537
f 2286/2600/2535 2320/2601/2536 2319/2605/2540 2288/2604/2539
f 2325/2602/2538 2287/2603/2537 2289/2607/2541 2324/2606/2542
f 2287/2603/2537 2288/2604/2539 2290/2608/2543 2289/2607/2541
f 2288/2604/2539 2319/2605/2540 2318/2609/2544 2290/2608/2543
f 2324/2606/2542 2289/2607/2541 2292/2611/2545 2291/2610/2546
f 2289/2607/2541 2290/2608/2543 2293/2612/2547 2292/2611/2545
f 2290/2608/2543 2318/2609/2544 2294/2613/2548 2293/2612/2547
f 2291/2610/2546 2292/2611/2545 2296/2615/2549 2295/2614/2550
f 2292/2611/2545 2293/2612/2547 2297/2616/2551 2296/2615/2549
f 2293/2612/2547 2294/2613/2548 2298/2617/2552 2297/2616/2551
f 2295/2614/2550 2296/2615/2549 2300/2619/2553 2299/2618/2554
f 2296/2615/2549 2297/2616/2551 2301/2620/2555 2300/2619/2553
f 2297/2616/2551 2298/2617/2552 2302/2621/2556 2301/2620/2555
f 2299/2618/2554 2300/2619/2553 2304/2623/2557 2303/2622/2558
f 2300/2619/2553 2301/2620/2555 2305/2624/2559 2304/2623/2557
f 2301/2620/2555 2302/2621/2556 2306/2625/2560 2305/2624/2559
f 2303/2622/2558 2304/2623/2557 2308/2627/2561 2307/2626/2562
f 2304/2623/2557 2305/2624/2559 2309/2628/2563 2308/2627/2561
f 2305/2624/2559 2306/2625/2560 2310/2629/2564 2309/2628/2563
f 2307/2626/2562 2308/2627/2561 2312/2631/2565 2311/2630/2566
f 2308/2627/2561 2309/2628/2563 2313/2632/2567 2312/2631/2565
f 2309/2628/2563 2310/2629/2564 2314/2633/2568 2313/2632/2567
f 2311/2630/2566 2312/2631/2565 2274/2635/2522 2273/2634/2521
f 2312/2631/2565 2313/2632/2567 2275/2636/2525 2274/2635/2522
f 2313/2632/2567 2314/2633/2568 2276/2637/2527 2275/2636/2525
f 2306/2639/2560 2302/2638/2556 2298/2645/2552 2315/2642/2569
f 2310/2640/2564 2306/2639/2560 2315/2642/2569 2316/2643/2570
f 2314/2641/2568 2310/2640/2564 2316/2643/2570 2317/2644/2571
f 2276/2589/2527 2314/2641/2568 2317/2644/2571 2280/2593/2528
f 2315/2642/2569 2298/2645/2552 2294/2649/2548 2318/2646/2544
f 2316/2643/2570 2315/2642/2569 2318/2646/2544 2319/2647/2540
f 2317/2644/2571 2316/2643/2570 2319/2647/2540 2320/2648/2536
f 2280/2593/2528 2317/2644/2571 2320/2648/2536 2284/2597/2532
f 2299/2650/2554 2303/2651/2558 2321/2654/2572 2295/2657/2550
f 2303/2651/2558 2307/2652/2562 2322/2655/2573 2321/2654/2572
f 2307/2652/2562 2311/2653/2566 2323/2656/2574 2322/2655/2573
f 2311/2653/2566 2273/2586/2521 2277/2590/2524 2323/2656/2574
f 2295/2657/2550 2321/2654/2572 2324/2658/2542 2291/2661/2546
f 2321/2654/2572 2322/2655/2573 2325/2659/2538 2324/2658/2542
f 2322/2655/2573 2323/2656/2574 2326/2660/2534 2325/2659/2538
f 2323/2656/2574 2277/2590/2524 2281/2594/2530 2326/2660/2534
g default
v 1.475427 -0.710021 4.066302
v 1.514897 -0.710021 4.051344
v 1.496635 -0.710021 4.011241
v 1.457165 -0.710021 4.026005
v 1.482787 -0.609330 4.086368
v 1.521512 -0.609330 4.077037
v 1.503250 -0.609330 4.037138
v 1.464525 -0.609330 4.046328
v 1.479157 -0.522059 4.089163
v 1.513750 -0.522088 4.085694
v 1.497821 -0.522059 4.050376
v 1.463245 -0.522174 4.053882
v 1.469065 -0.434007 4.076279
v 1.497404 -0.434007 4.074415
v 1.484626 -0.434007 4.046340
v 1.456036 -0.434007 4.048747
v 1.465305 -0.345284 4.059125
v 1.490336 -0.345061 4.055852
v 1.479449 -0.345061 4.031506
v 1.454430 -0.345114 4.034849
v 1.466157 -0.280172 4.058775
v 1.484726 -0.277775 4.052184
v 1.476753 -0.275321 4.035185
v 1.458901 -0.276579 4.043298
v 1.464507 -0.191828 4.080195
vt 0.375000 0.312500
vt 0.437500 0.312500
vt 0.500000 0.312500
vt 0.562500 0.312500
vt 0.625000 0.312500
vt 0.375000 0.387500
vt 0.437500 0.387500
vt 0.500000 0.387500
vt 0.562500 0.387500
vt 0.625000 0.387500
vt 0.375000 0.462500
vt 0.437500 0.462500
vt 0.500000 0.462500
vt 0.562500 0.462500
vt 0.625000 0.462500
vt 0.375000 0.537500
vt 0.437500 0.537500
vt 0.500000 0.537500
vt 0.562500 0.537500
vt 0.625000 0.537500
vt 0.375000 0.612500
vt 0.437500 0.612500
vt 0.500000 0.612500
vt 0.562500 0.612500
vt 0.625000 0.612500
vt 0.375000 0.687500
vt 0.437500 0.687500
vt 0.500000 0.687500
vt 0.562500 0.687500
vt 0.625000 0.687500
vt 0.500000 0.687500
vt 0.343750 0.843750
vt 0.500000 1.000000
vt 0.656250 0.843750
vt 0.500000 0.843750
vn -0.481043 -0.152405 0.863348
vn 0.952697 -0.117022 0.280490
vn 0.910900 -0.055173 0.408923
vn -0.430418 -0.122126 0.894330
vn 0.368148 0.192238 -0.909677
vn 0.491838 0.161003 -0.855672
vn -0.881253 0.173138 -0.439792
vn -0.924616 0.108338 -0.365169
vn 0.881408 0.126395 0.455131
vn -0.493904 -0.003171 0.869511
vn 0.537848 0.100987 -0.836971
vn -0.914943 -0.021194 -0.403027
vn 0.862258 0.199926 0.465338
vn -0.532157 0.095162 0.841281
vn 0.517656 -0.031217 -0.855019
vn -0.899686 -0.090875 -0.426974
vn 0.907672 0.119099 0.402427
vn -0.514144 0.105037 0.851248
vn 0.458821 -0.036019 -0.887798
vn -0.862250 -0.031918 -0.505477
vn 0.939760 0.086575 0.330689
vn -0.419633 -0.054162 0.906077
vn 0.380882 0.225271 -0.896762
vn -0.870936 0.141705 -0.470520
vn 0.105421 0.960089 0.259066
s 1
g SingleGrass
usemtl initialShadingGroup
f 2327/2662/2575 2328/2663/2576 2332/2668/2577 2331/2667/2578
f 2328/2663/2576 2329/2664/2579 2333/2669/2580 2332/2668/2577
f 2329/2664/2579 2330/2665/2581 2334/2670/2582 2333/2669/2580
f 2330/2665/2581 2327/2666/2575 2331/2671/2578 2334/2670/2582
f 2331/2667/2578 2332/2668/2577 2336/2673/2583 2335/2672/2584
f 2332/2668/2577 2333/2669/2580 2337/2674/2585 2336/2673/2583
f 2333/2669/2580 2334/2670/2582 2338/2675/2586 2337/2674/2585
f 2334/2670/2582 2331/2671/2578 2335/2676/2584 2338/2675/2586
f 2335/2672/2584 2336/2673/2583 2340/2678/2587 2339/2677/2588
f 2336/2673/2583 2337/2674/2585 2341/2679/2589 2340/2678/2587
f 2337/2674/2585 2338/2675/2586 2342/2680/2590 2341/2679/2589
f 2338/2675/2586 2335/2676/2584 2339/2681/2588 2342/2680/2590
f 2339/2677/2588 2340/2678/2587 2344/2683/2591 2343/2682/2592
f 2340/2678/2587 2341/2679/2589 2345/2684/2593 2344/2683/2591
f 2341/2679/2589 2342/2680/2590 2346/2685/2594 2345/2684/2593
f 2342/2680/2590 2339/2681/2588 2343/2686/2592 2346/2685/2594
f 2343/2682/2592 2344/2683/2591 2348/2688/2595 2347/2687/2596
f 2344/2683/2591 2345/2684/2593 2349/2689/2597 2348/2688/2595
f 2345/2684/2593 2346/2685/2594 2350/2690/2598 2349/2689/2597
f 2346/2685/2594 2343/2686/2592 2347/2691/2596 2350/2690/2598
f 2347/2694/2596 2348/2693/2595 2351/2696/2599
f 2348/2693/2595 2349/2692/2597 2351/2696/2599
f 2349/2692/2597 2350/2695/2598 2351/2696/2599
f 2350/2695/2598 2347/2694/2596 2351/2696/2599
g default
v -26.496620 0.768486 0.326363
v -26.818586 0.719470 0.400744
v -26.835060 2.610846 0.263085
v -26.538256 2.582616 0.077344
v -26.130320 0.773545 -0.212988
v -26.261440 0.775589 0.097597
v -26.390785 2.564390 -0.119731
v -26.269501 2.542770 -0.467434
v -26.297899 0.661397 -1.182380
v -26.157637 0.726453 -0.772966
v -26.250267 2.527972 -0.771340
v -26.317530 2.506272 -1.143604
v -26.765030 0.525902 -1.861507
v -26.518261 0.576768 -1.623930
v -26.458570 2.484163 -1.441851
v -26.693310 2.459941 -1.719188
v -27.578220 0.483741 -2.198159
v -27.165726 0.480995 -2.048831
v -26.927042 2.445105 -1.870388
v -27.262085 2.440809 -1.939053
v -28.229748 0.462173 -2.144609
v -27.972694 0.493294 -2.262094
v -27.517445 2.446516 -1.896527
v -27.821980 2.449529 -1.720225
v -28.697285 0.327411 -1.352564
v -28.559212 0.391016 -1.731839
v -28.001301 2.446058 -1.497369
v -28.122522 2.457739 -1.160871
v -28.503553 0.365230 -0.512941
v -28.668818 0.312409 -0.863663
v -28.135180 2.485076 -0.820704
v -28.056637 2.526174 -0.456328
v -27.753174 0.445352 0.165604
v -28.047432 0.396137 -0.041846
v -27.910866 2.570711 -0.156223
v -27.672445 2.616131 0.109551
v -27.173088 0.606618 0.347627
v -27.455545 0.515756 0.280777
v -27.423800 2.635420 0.249726
v -27.066452 2.626983 0.306140
v -26.637554 4.543222 0.235800
v -26.309637 4.515290 0.052833
v -26.175793 4.501022 -0.101638
v -26.027647 4.488153 -0.449701
v -26.006723 4.465261 -0.699668
v -26.076096 4.471680 -1.077069
v -26.205427 4.440988 -1.338214
v -26.464998 4.457803 -1.625919
v -26.694769 4.435328 -1.768095
v -27.068184 4.450890 -1.850147
v -27.307571 4.442326 -1.821810
v -27.638111 4.455002 -1.645620
v -27.806938 4.470666 -1.450185
v -27.947723 4.481577 -1.103426
v -27.958155 4.527120 -0.799407
v -27.869268 4.533427 -0.428950
v -27.714483 4.571778 -0.170198
v -27.437580 4.562947 0.093813
v -27.207584 4.575155 0.209094
v -26.833401 4.551763 0.268279
v -26.584862 5.865534 0.161696
v -26.252724 5.843816 -0.022027
v -26.142616 5.834647 -0.148337
v -25.994612 5.817276 -0.496446
v -25.976265 5.810527 -0.706228
v -26.049845 5.801798 -1.083447
v -26.163197 5.797904 -1.308844
v -26.430016 5.789400 -1.597372
v -26.633698 5.793119 -1.721668
v -27.014595 5.783768 -1.807317
v -27.223629 5.801425 -1.784057
v -27.560661 5.804739 -1.610419
v -27.707787 5.812915 -1.443694
v -27.846977 5.831348 -1.095738
v -27.855194 5.847848 -0.830013
v -27.756552 5.869264 -0.459207
v -27.617920 5.879900 -0.231928
v -27.330662 5.892241 0.030688
v -27.130508 5.874978 0.131186
v -26.748341 5.873839 0.188626
v -26.746729 6.883976 0.017773
v -26.421547 6.910564 -0.171052
v -26.323177 6.877527 -0.271175
v -26.176895 6.875562 -0.619044
v -26.163582 6.879219 -0.793851
v -26.237152 6.856584 -1.168450
v -26.343409 6.892787 -1.358377
v -26.609219 6.854725 -1.641406
v -26.793846 6.910117 -1.746100
v -27.177021 6.892090 -1.827432
v -27.351833 6.895188 -1.807485
v -27.691509 6.902826 -1.633809
v -27.814186 6.907056 -1.496419
v -27.952885 6.915449 -1.150143
v -27.958641 6.920937 -0.929512
v -27.856380 6.929349 -0.558073
v -27.738525 6.932137 -0.369045
v -27.449673 6.961182 -0.108929
v -27.270531 6.895472 -0.017561
v -26.894201 6.945138 0.030502
v -27.029953 7.936711 -0.174345
v -26.697456 7.925663 -0.353772
v -26.610916 7.907656 -0.441879
v -26.464207 7.905913 -0.784833
v -26.457087 7.923349 -0.937997
v -26.525692 7.884949 -1.305655
v -26.631428 7.955335 -1.472163
v -26.901665 7.935292 -1.750040
v -27.062847 7.941365 -1.840590
v -27.449192 7.954649 -1.918249
v -27.606400 7.958848 -1.900319
v -27.936922 7.945200 -1.729383
v -28.054985 7.979086 -1.610916
v -28.193153 7.976357 -1.269883
v -28.193153 7.948827 -1.073414
v -28.104683 8.002955 -0.715391
v -27.981449 7.924451 -0.536782
v -27.708263 8.005185 -0.292277
v -27.547228 7.953252 -0.212884
v -27.157837 7.941156 -0.153923
v -27.362617 9.114500 -0.429470
v -27.069473 9.156220 -0.603457
v -26.980011 9.131035 -0.689719
v -26.843338 9.139116 -1.007419
v -26.830082 9.138214 -1.146091
v -26.891802 9.103253 -1.485669
v -26.989727 9.189518 -1.635391
v -27.223576 9.116594 -1.878345
v -27.387131 9.228819 -1.961561
v -27.713823 9.150011 -2.019567
v -27.875841 9.242134 -2.005176
v -28.169910 9.188131 -1.845085
v -28.276155 9.210960 -1.735097
v -28.409004 9.213552 -1.422133
v -28.416897 9.172591 -1.248990
v -28.340382 9.232547 -0.921865
v -28.240925 9.146715 -0.763548
v -27.993382 9.231211 -0.544352
v -27.837360 9.118125 -0.456608
v -27.506104 9.201239 -0.426797
v -27.587191 10.451876 -0.670075
v -27.319761 10.482582 -0.823473
v -27.233978 10.483203 -0.916520
v -27.104237 10.482025 -1.199821
v -27.088371 10.478041 -1.331593
v -27.146698 10.472920 -1.639647
v -27.216391 10.476024 -1.769186
v -27.436085 10.445687 -1.986470
v -27.581242 10.535081 -2.065825
v -27.881397 10.477180 -2.110076
v -28.036459 10.554506 -2.095663
v -28.306475 10.535667 -1.949818
v -28.404797 10.536967 -1.843718
v -28.529894 10.534865 -1.561349
v -28.543438 10.531487 -1.410314
v -28.475212 10.520885 -1.104679
v -28.394632 10.511608 -0.967136
v -28.167110 10.542457 -0.760121
v -28.024986 10.451612 -0.687716
v -27.723316 10.513512 -0.653947
v -27.766506 14.484427 -1.194871
v -27.565748 14.481053 -1.304881
v -27.495235 14.480589 -1.380228
v -27.398018 14.477033 -1.587675
v -27.385147 14.475128 -1.691385
v -27.428333 14.473762 -1.917262
v -27.481197 14.475126 -2.013912
v -27.647930 14.481278 -2.173434
v -27.750973 14.485424 -2.224079
v -27.978481 14.495480 -2.257724
v -28.091263 14.501082 -2.239043
v -28.292948 14.508662 -2.131542
v -28.369152 14.510388 -2.050424
v -28.464291 14.511540 -1.842824
v -28.476267 14.510853 -1.730792
v -28.428558 14.507243 -1.506144
v -28.371584 14.504824 -1.407037
v -28.201210 14.497689 -1.251264
v -28.099480 14.494114 -1.204130
v -27.871046 14.486969 -1.175306
v -25.693190 -0.248862 0.709588
v -26.165285 -0.305139 0.704579
v -26.198254 0.072444 0.473368
v -25.769852 0.100293 0.450026
v -27.008890 -0.237780 1.340715
v -27.323246 -0.218645 1.390512
v -27.215836 0.069715 0.947336
v -26.923599 0.064538 0.895161
v -24.190170 -0.255760 0.573816
v -24.365074 -0.259322 0.901381
v -24.698679 0.062927 0.507558
v -24.555010 0.053038 0.193735
v -25.531738 -0.269408 -1.442637
v -25.443026 -0.248110 -1.014221
v -25.662399 0.014436 -1.076016
v -25.785912 -0.027852 -1.466908
v -25.223263 -0.322129 -3.147906
v -24.807159 -0.285347 -3.004017
v -25.241722 -0.120125 -2.786050
v -25.633039 -0.161946 -2.899034
v -27.180958 -0.376947 -2.416720
v -26.516459 -0.419414 -2.383039
v -26.740845 -0.188676 -2.278187
v -27.339516 -0.130621 -2.280894
v -29.558222 -0.292406 -3.629998
v -29.303467 -0.299295 -3.905634
v -29.079514 -0.094019 -3.370541
v -29.301910 -0.064573 -3.119475
v -29.570889 -0.523958 -1.562103
v -29.278326 -0.313232 -2.062211
v -29.095547 -0.026325 -1.819146
v -29.265785 -0.181169 -1.346918
v -30.362251 -0.601055 0.056593
v -30.447252 -0.397338 -0.256227
v -29.846081 -0.212590 -0.326732
v -29.613983 -0.283251 -0.073165
v -28.317228 -0.414954 0.347266
v -28.756395 -0.543778 0.062272
v -28.434113 -0.124537 0.101734
v -27.993458 -0.059294 0.284359
v -22.323204 -0.722916 2.138438
v -22.657444 -0.714018 2.638150
v -24.865597 -0.829738 2.091937
v -25.655874 -0.933991 2.107919
v -23.915426 -0.970067 -1.517907
v -23.893641 -0.932192 -0.792258
v -23.240227 -1.074252 -4.222358
v -22.636694 -1.017634 -3.890986
v -26.395090 -1.170788 -3.343157
v -25.344090 -1.170505 -3.217513
v -30.528984 -1.327456 -5.822913
v -30.025589 -1.331190 -6.214977
v -31.148787 -1.556640 -2.344106
v -30.322369 -1.258902 -3.102506
v -33.286034 -1.185662 0.216695
v -33.594646 -1.038895 -0.307177
v -29.184589 -1.089058 1.092273
v -30.190601 -1.573008 0.487933
v -27.191498 -0.719802 3.558020
v -27.728668 -0.694552 3.585175
v -28.151119 7.131829 -1.230012
v -28.174620 7.279171 -1.447201
v -28.278061 7.707591 -1.340850
v -28.227486 7.517672 -1.492560
v -28.218582 7.354148 -0.815656
v -28.168465 7.163081 -0.967175
v -28.271580 7.592598 -0.863259
v -28.295565 7.738690 -1.080386
v -28.691647 7.092325 -1.328235
v -28.686434 7.201613 -1.466739
v -28.754803 7.488669 -1.377107
v -28.712612 7.365866 -1.486679
v -28.767479 7.224787 -1.043810
v -28.725216 7.102112 -1.153009
v -28.793503 7.388771 -1.064514
v -28.788105 7.498189 -1.202538
v -30.601387 6.801787 -1.755139
v -30.588978 6.916894 -1.889543
v -30.640629 7.217914 -1.794104
v -30.605009 7.089734 -1.905510
v -30.671804 6.938080 -1.470048
v -30.635525 6.810505 -1.581172
v -30.687767 7.110853 -1.486547
v -30.674889 7.226644 -1.620615
v -32.989056 7.570270 -2.210154
v -32.950417 7.622867 -2.299366
v -32.917725 7.821259 -2.265611
v -32.920868 7.726831 -2.322340
v -33.011028 7.694280 -2.050208
v -33.014168 7.599852 -2.106939
v -32.981483 7.798245 -2.073184
v -32.942833 7.850839 -2.162240
v -29.649391 6.888549 -1.538168
v -29.641068 6.999578 -1.674517
v -29.662262 7.166608 -1.692095
v -29.700893 7.291684 -1.581271
v -29.734558 7.301088 -1.406913
v -29.743513 7.189567 -1.270928
v -29.722168 7.022834 -1.252645
v -29.683056 6.898318 -1.363247
v -31.501841 6.964400 -1.970052
v -31.490938 7.069673 -2.067711
v -31.465258 7.210049 -2.061617
v -31.439793 7.303406 -1.955146
v -31.429493 7.295102 -1.810895
v -31.440439 7.189884 -1.713056
v -31.466188 7.049347 -1.719139
v -31.491390 6.955859 -1.825596
vt 0.381521 0.387500
vt 0.375000 0.387500
vt 0.375000 0.366045
vt 0.378713 0.357041
vt 0.375000 0.395574
vt 0.382594 0.425000
vt 0.375000 0.425000
vt 0.375092 0.425138
vt 0.383289 0.462476
vt 0.375000 0.462500
vt 0.405005 0.387500
vt 0.393780 0.387500
vt 0.393954 0.356359
vt 0.404402 0.356299
vt 0.407070 0.425000
vt 0.392474 0.425000
vt 0.407707 0.462639
vt 0.391789 0.462438
vt 0.430550 0.387500
vt 0.419825 0.387500
vt 0.422298 0.357156
vt 0.427582 0.357188
vt 0.431758 0.425000
vt 0.417982 0.425000
vt 0.432267 0.462805
vt 0.417386 0.462313
vt 0.456096 0.387500
vt 0.444327 0.387500
vt 0.443920 0.356573
vt 0.457548 0.356656
vt 0.457058 0.425000
vt 0.443162 0.425000
vt 0.457480 0.462782
vt 0.442696 0.462196
vt 0.481117 0.387500
vt 0.469135 0.387500
vt 0.471496 0.357234
vt 0.477326 0.357269
vt 0.482361 0.425000
vt 0.467860 0.425000
vt 0.482818 0.462655
vt 0.467372 0.462224
vt 0.505315 0.387500
vt 0.493968 0.387500
vt 0.495523 0.356413
vt 0.505995 0.356513
vt 0.507102 0.425000
vt 0.492651 0.425000
vt 0.507601 0.462414
vt 0.492125 0.462321
vt 0.530636 0.387500
vt 0.519743 0.387500
vt 0.521724 0.357329
vt 0.528351 0.357265
vt 0.531646 0.425000
vt 0.517971 0.425000
vt 0.532120 0.462235
vt 0.517477 0.462517
vt 0.554920 0.387500
vt 0.544540 0.387500
vt 0.544617 0.356127
vt 0.555129 0.356022
vt 0.556687 0.425000
vt 0.543363 0.425000
vt 0.557157 0.462215
vt 0.542945 0.462759
vt 0.581385 0.387500
vt 0.570130 0.387500
vt 0.571872 0.356907
vt 0.577833 0.356954
vt 0.582065 0.425000
vt 0.568319 0.425000
vt 0.582626 0.462273
vt 0.567847 0.462789
vt 0.605969 0.387500
vt 0.594202 0.387500
vt 0.595507 0.356217
vt 0.605096 0.354592
vt 0.607671 0.425000
vt 0.592901 0.425000
vt 0.608328 0.462410
vt 0.592332 0.462709
vt 0.375000 0.475082
vt 0.383850 0.500000
vt 0.375000 0.500000
vt 0.408212 0.500000
vt 0.391250 0.500000
vt 0.432689 0.500000
vt 0.416885 0.500000
vt 0.457860 0.499880
vt 0.442282 0.500000
vt 0.483210 0.499756
vt 0.466998 0.499998
vt 0.508075 0.500000
vt 0.491668 0.500186
vt 0.532557 0.500000
vt 0.517020 0.500000
vt 0.557541 0.500000
vt 0.542546 0.500000
vt 0.583072 0.500191
vt 0.567457 0.500000
vt 0.608833 0.500000
vt 0.591898 0.499737
vt 0.375000 0.519810
vt 0.384300 0.537927
vt 0.375000 0.537500
vt 0.408709 0.537284
vt 0.390798 0.536935
vt 0.433192 0.536798
vt 0.416369 0.537532
vt 0.458323 0.536531
vt 0.441724 0.538023
vt 0.483740 0.537500
vt 0.466418 0.538367
vt 0.508609 0.537500
vt 0.491189 0.537500
vt 0.533086 0.537500
vt 0.516516 0.537500
vt 0.558080 0.537500
vt 0.541985 0.537500
vt 0.583684 0.538574
vt 0.566896 0.537500
vt 0.609370 0.538463
vt 0.591416 0.536287
vt 0.375000 0.555983
vt 0.384604 0.575000
vt 0.375000 0.575000
vt 0.409057 0.574627
vt 0.390535 0.574448
vt 0.433587 0.573818
vt 0.415998 0.575272
vt 0.458584 0.575000
vt 0.441195 0.576023
vt 0.484060 0.575000
vt 0.466317 0.575000
vt 0.508840 0.574389
vt 0.491005 0.575000
vt 0.516516 0.537500
vt 0.533086 0.537500
vt 0.533429 0.575427
vt 0.516247 0.575506
vt 0.541985 0.537500
vt 0.558080 0.537500
vt 0.558459 0.576181
vt 0.541665 0.574448
vt 0.583915 0.576524
vt 0.566598 0.573634
vt 0.609451 0.575000
vt 0.590945 0.575000
vt 0.375000 0.592799
vt 0.384323 0.612865
vt 0.375000 0.612500
vt 0.409058 0.612500
vt 0.390672 0.612141
vt 0.433752 0.611264
vt 0.415990 0.612500
vt 0.458716 0.610940
vt 0.441279 0.613583
vt 0.483839 0.611154
vt 0.466293 0.613906
vt 0.508810 0.612063
vt 0.491171 0.613743
vt 0.516247 0.575506
vt 0.533429 0.575427
vt 0.533546 0.613026
vt 0.516261 0.612903
vt 0.541665 0.574448
vt 0.558459 0.576181
vt 0.558532 0.613699
vt 0.541507 0.611900
vt 0.583814 0.613965
vt 0.566439 0.611144
vt 0.609248 0.613648
vt 0.591067 0.610849
vt 0.375000 0.628167
vt 0.384005 0.650000
vt 0.375000 0.650000
vt 0.408899 0.650000
vt 0.390990 0.650000
vt 0.433663 0.650000
vt 0.416116 0.650000
vt 0.458584 0.648826
vt 0.441361 0.650000
vt 0.483616 0.649035
vt 0.466490 0.651073
vt 0.508651 0.650000
vt 0.491424 0.650908
vt 0.533539 0.650000
vt 0.516345 0.650000
vt 0.558440 0.650000
vt 0.541435 0.650000
vt 0.583653 0.651105
vt 0.566600 0.650000
vt 0.608869 0.650825
vt 0.591265 0.648797
vt 0.375000 0.663951
vt 0.383749 0.687500
vt 0.375000 0.687500
vt 0.408721 0.687500
vt 0.391253 0.687500
vt 0.433594 0.687500
vt 0.416280 0.687500
vt 0.458473 0.687500
vt 0.441411 0.687500
vt 0.483467 0.687500
vt 0.466516 0.687500
vt 0.508549 0.687500
vt 0.491499 0.687500
vt 0.533527 0.687500
vt 0.516455 0.687500
vt 0.558496 0.687500
vt 0.541491 0.687500
vt 0.583547 0.687500
vt 0.566517 0.687500
vt 0.608674 0.687500
vt 0.591457 0.687500
vt 0.378361 0.344269
vt 0.375000 0.343434
vt 0.375000 0.314550
vt 0.378272 0.312500
vt 0.622198 0.344286
vt 0.625000 0.344321
vt 0.624955 0.347348
vt 0.621912 0.349848
vt 0.604971 0.344073
vt 0.595661 0.344017
vt 0.595811 0.312500
vt 0.604936 0.312500
vt 0.404269 0.344002
vt 0.394123 0.344028
vt 0.394490 0.312500
vt 0.404029 0.312500
vt 0.427304 0.344284
vt 0.422551 0.344276
vt 0.422601 0.312500
vt 0.427289 0.312500
vt 0.457906 0.344003
vt 0.443589 0.344079
vt 0.443464 0.312500
vt 0.457864 0.312500
vt 0.477103 0.343974
vt 0.471967 0.344010
vt 0.472036 0.312500
vt 0.477088 0.312500
vt 0.505961 0.343667
vt 0.495650 0.343642
vt 0.495787 0.312500
vt 0.505673 0.312500
vt 0.528113 0.343943
vt 0.522084 0.343947
vt 0.522117 0.312500
vt 0.528122 0.312500
vt 0.555117 0.338231
vt 0.544912 0.343654
vt 0.544778 0.312500
vt 0.555215 0.312500
vt 0.577395 0.344041
vt 0.571833 0.346128
vt 0.572169 0.312500
vt 0.577348 0.312500
vt 0.618748 0.387500
vt 0.617307 0.425000
vt 0.616626 0.462513
vt 0.616101 0.500000
vt 0.615677 0.536420
vt 0.615524 0.575000
vt 0.615641 0.611244
vt 0.616015 0.649133
vt 0.616326 0.687500
vt 0.622258 0.312500
vt 0.605111 0.356271
vt 0.621973 0.357064
vt 0.533086 0.537500
vt 0.516516 0.537500
vt 0.516247 0.575506
vt 0.533429 0.575427
vt 0.558080 0.537500
vt 0.541985 0.537500
vt 0.558459 0.576181
vt 0.541665 0.574448
vt 0.533086 0.537500
vt 0.516516 0.537500
vt 0.516247 0.575506
vt 0.533429 0.575427
vt 0.558080 0.537500
vt 0.541985 0.537500
vt 0.558459 0.576181
vt 0.541665 0.574448
vt 0.533086 0.537500
vt 0.516516 0.537500
vt 0.516247 0.575506
vt 0.533429 0.575427
vt 0.558080 0.537500
vt 0.541985 0.537500
vt 0.558459 0.576181
vt 0.541665 0.574448
vt 0.516516 0.537500
vt 0.533086 0.537500
vt 0.533086 0.537500
vt 0.516516 0.537500
vt 0.533429 0.575427
vt 0.516247 0.575506
vt 0.516247 0.575506
vt 0.533429 0.575427
vt 0.541985 0.537500
vt 0.558080 0.537500
vt 0.558080 0.537500
vt 0.541985 0.537500
vt 0.558459 0.576181
vt 0.558459 0.576181
vt 0.541665 0.574448
vt 0.541665 0.574448
vn 0.384734 0.229599 0.894015
vn 0.176003 0.238683 0.955015
vn 0.213987 0.490418 0.844807
vn 0.047735 0.554712 0.830672
vn 0.589821 0.025760 0.807123
vn 0.284130 0.025099 0.958457
vn 0.606085 -0.029080 0.794868
vn 0.389998 -0.003412 0.920809
vn 0.798541 0.598295 -0.066146
vn 0.622273 0.494409 0.606907
vn 0.206119 0.840900 0.500402
vn 0.654422 0.676654 -0.337448
vn 0.981309 -0.010104 0.192172
vn 0.874085 0.007555 0.485714
vn 0.962351 -0.077164 0.260627
vn 0.877789 -0.065510 0.474546
vn 0.890377 0.369782 -0.265501
vn 0.837126 0.464683 -0.288601
vn 0.632716 0.663940 -0.398566
vn 0.640362 0.768071 0.002210
vn 0.944281 -0.037440 -0.327005
vn 0.993950 -0.029534 -0.105791
vn 0.954601 -0.072064 -0.289038
vn 0.993914 -0.083438 -0.071919
vn 0.278614 0.423068 -0.862199
vn 0.727689 0.550045 -0.409779
vn 0.416183 0.905594 -0.081797
vn -0.157521 0.648035 -0.745143
vn 0.635022 -0.001651 -0.772492
vn 0.828073 -0.023860 -0.560112
vn 0.668412 -0.026836 -0.743307
vn 0.823610 -0.052397 -0.564732
vn 0.269428 0.273335 -0.923416
vn 0.192363 0.206418 -0.959369
vn -0.180704 0.422855 -0.887998
vn 0.350899 0.574352 -0.739588
vn 0.125231 0.073865 -0.989374
vn 0.361420 0.030877 -0.931892
vn 0.083196 0.033112 -0.995983
vn 0.355955 0.008524 -0.934464
vn -0.585488 0.664957 -0.463720
vn 0.060537 0.471410 -0.879834
vn 0.205496 0.832788 -0.514039
vn -0.586487 0.808393 -0.050331
vn -0.635872 0.193235 -0.747213
vn -0.276358 0.144598 -0.950114
vn -0.601505 0.074243 -0.795412
vn -0.341303 0.060921 -0.937977
vn -0.846731 0.513590 -0.138821
vn -0.765057 0.584796 -0.269632
vn -0.618954 0.785252 -0.016612
vn -0.549278 0.811617 -0.198928
vn -0.966369 0.191833 -0.171261
vn -0.859863 0.203564 -0.468185
vn -0.971897 0.085069 -0.219498
vn -0.869316 0.083448 -0.487161
vn -0.723412 0.460434 0.514467
vn -0.814778 0.575079 0.073634
vn -0.428821 0.902726 -0.034607
vn -0.239279 0.636231 0.733454
vn -0.897639 0.123688 0.423019
vn -0.977696 0.166888 0.127514
vn -0.935113 0.084988 0.344007
vn -0.990434 0.084366 0.109194
vn -0.581993 0.214314 0.784445
vn -0.661156 0.281892 0.695276
vn -0.342814 0.600528 0.722388
vn -0.541643 0.616625 0.571310
vn -0.595425 0.062249 0.800996
vn -0.769899 0.088130 0.632051
vn -0.608814 0.080231 0.789246
vn -0.783945 0.085399 0.614929
vn -0.068470 0.254723 0.964587
vn -0.393380 0.240486 0.887366
vn -0.392501 0.734929 0.553012
vn 0.264266 0.655292 0.707641
vn -0.079083 0.029327 0.996437
vn -0.306120 0.039340 0.951180
vn -0.035779 0.038373 0.998623
vn -0.278206 0.059834 0.958656
vn 0.580862 0.097042 0.808197
vn 0.397449 0.103665 0.911750
vn 0.956595 0.075262 0.281536
vn 0.876057 0.084988 0.474658
vn 0.954774 0.050774 -0.292964
vn 0.994283 0.057307 -0.090101
vn 0.663110 0.033315 -0.747780
vn 0.806882 0.038036 -0.589487
vn 0.108883 0.015279 -0.993937
vn 0.343179 0.021276 -0.939029
vn -0.573388 -0.005308 -0.819267
vn -0.335275 -0.000214 -0.942120
vn -0.972132 -0.003821 -0.234405
vn -0.872497 -0.008006 -0.488555
vn -0.929115 0.025938 0.368880
vn -0.990178 0.011606 0.139327
vn -0.591260 0.065191 0.803842
vn -0.752238 0.050602 0.656945
vn -0.045105 0.095165 0.994439
vn -0.251979 0.088929 0.963638
vn 0.551357 0.246028 0.797167
vn 0.395544 0.225549 0.890322
vn 0.927279 0.245997 0.282203
vn 0.856585 0.251805 0.450396
vn 0.938812 0.181115 -0.292967
vn 0.972099 0.207403 -0.109581
vn 0.653899 0.089321 -0.751291
vn 0.781878 0.124623 -0.610848
vn 0.111287 -0.029260 -0.993357
vn 0.316989 0.012647 -0.948345
vn -0.555216 -0.143732 -0.819193
vn -0.345895 -0.108459 -0.931984
vn -0.940993 -0.249151 -0.229033
vn -0.813451 -0.197119 -0.547213
vn -0.895597 -0.106061 0.432038
vn -0.962547 -0.215504 0.164503
vn -0.595606 0.017376 0.803088
vn -0.739179 -0.029066 0.672881
vn -0.058674 0.153553 0.986397
vn -0.239635 0.113268 0.964233
vn 0.531288 0.304308 0.790651
vn 0.390177 0.283446 0.876025
vn 0.903298 0.315769 0.290418
vn 0.837185 0.323755 0.440799
vn 0.929886 0.230372 -0.286778
vn 0.957337 0.263944 -0.117645
vn 0.645025 0.094800 -0.758258
vn 0.766655 0.142034 -0.626152
vn 0.101958 -0.061745 -0.992871
vn 0.293836 -0.012352 -0.955776
vn -0.542366 -0.190006 -0.818375
vn -0.356968 -0.158535 -0.920565
vn -0.077169 -0.423970 -0.902383
vn -0.397625 -0.860561 -0.318324
vn 0.283068 0.860321 -0.423934
vn 0.212906 0.305824 -0.927978
vn -0.498227 -0.749825 0.435354
vn -0.343306 -0.197782 0.918163
vn -0.075411 0.488505 0.869296
vn 0.160407 0.935503 0.314807
vn -0.599872 0.009420 0.800041
vn -0.732586 -0.047087 0.679044
vn -0.061710 0.179352 0.981848
vn -0.228391 0.133163 0.964420
vn 0.532140 0.276162 0.800351
vn 0.385370 0.264433 0.884062
vn 0.911112 0.278071 0.304221
vn 0.839331 0.292751 0.458061
vn 0.938158 0.195080 -0.286014
vn 0.967806 0.224141 -0.114508
vn 0.635765 0.066148 -0.769043
vn 0.760834 0.099029 -0.641347
vn 0.084356 -0.064177 -0.994367
vn 0.271660 -0.029236 -0.961949
vn -0.547625 -0.152088 -0.822786
vn -0.365018 -0.127958 -0.922165
vn -0.816737 -0.170553 -0.551228
vn -0.958010 -0.102023 -0.267969
vn -0.946399 -0.155992 -0.282836
vn -0.862661 -0.163042 -0.478783
vn -0.985399 -0.043760 0.164540
vn -0.897925 -0.078467 0.433097
vn -0.938886 -0.082820 0.334117
vn -0.982731 -0.121579 0.139493
vn -0.602866 0.038231 0.796926
vn -0.738400 -0.010870 0.674275
vn -0.055788 0.175679 0.982865
vn -0.227594 0.139392 0.963728
vn 0.551315 0.162010 0.818416
vn 0.394848 0.165271 0.903759
vn 0.935074 0.137160 0.326839
vn 0.855837 0.151333 0.494613
vn 0.956322 0.075411 -0.282422
vn 0.990350 0.098816 -0.097173
vn 0.633933 0.009286 -0.773332
vn 0.763889 0.027641 -0.644755
vn 0.065510 -0.044786 -0.996846
vn 0.265348 -0.029493 -0.963702
vn -0.563509 -0.060892 -0.823862
vn -0.358069 -0.056228 -0.932001
vn -0.952357 -0.038295 -0.302572
vn -0.865988 -0.048292 -0.497728
vn -0.946662 0.014883 0.321884
vn -0.992714 -0.002763 0.120460
vn -0.586553 0.083677 0.805577
vn -0.743665 0.058832 0.665959
vn -0.033635 0.136450 0.990076
vn -0.217580 0.124177 0.968111
vn 0.560543 0.132961 0.817382
vn 0.389938 0.135735 0.910783
vn 0.940420 0.100830 0.324721
vn 0.861205 0.113602 0.495400
vn 0.955830 0.047168 -0.290110
vn 0.992748 0.064635 -0.101360
vn 0.617355 -0.004162 -0.786674
vn 0.758088 0.010644 -0.652066
vn 0.048993 -0.035331 -0.998174
vn 0.248978 -0.028109 -0.968101
vn -0.562375 -0.035863 -0.826104
vn -0.367966 -0.039200 -0.929013
vn -0.948579 -0.006551 -0.316474
vn -0.862066 -0.018857 -0.506445
vn -0.951066 0.042160 0.306099
vn -0.994063 0.025165 0.105853
vn -0.598820 0.093295 0.795431
vn -0.750653 0.076871 0.656209
vn -0.037997 0.128303 0.991007
vn -0.228102 0.119678 0.966254
vn -0.098853 0.859784 0.500999
vn 0.237009 0.888508 0.392913
vn 0.213812 0.926926 0.308370
vn -0.109090 0.910060 0.399862
vn 0.287731 0.915462 0.281319
vn -0.350999 0.914334 0.201974
vn -0.278436 0.942833 0.183138
vn 0.215196 0.946849 0.239097
vn 0.428416 0.867227 -0.253726
vn -0.023831 0.939303 0.342260
vn 0.034291 0.969471 0.242795
vn 0.292794 0.952874 -0.079391
vn 0.431866 0.894615 0.114695
vn 0.530975 0.785175 -0.318694
vn 0.441485 0.853528 -0.276734
vn 0.392757 0.909230 0.137996
vn -0.370904 0.343112 -0.862963
vn 0.343420 0.938325 0.040118
vn 0.325823 0.945400 0.007669
vn -0.002399 0.817646 -0.575717
vn 0.312130 0.811009 -0.494812
vn -0.148931 0.574099 -0.805127
vn -0.392016 0.268104 -0.880025
vn 0.286876 0.822713 -0.490760
vn -0.689762 0.724030 0.003070
vn 0.244453 0.859325 -0.449225
vn 0.172489 0.883318 -0.435885
vn -0.482940 0.857753 -0.176152
vn -0.348301 0.876158 -0.333216
vn -0.695161 0.718740 -0.012827
vn -0.700613 0.713435 0.012327
vn -0.289288 0.882913 -0.369833
vn -0.068328 0.541570 0.837874
vn -0.252232 0.935011 -0.249267
vn -0.238772 0.953349 -0.184701
vn -0.142153 0.802020 0.580135
vn -0.468776 0.853673 0.226916
vn -0.316888 0.661574 0.679633
vn -0.090609 0.481029 0.872010
vn -0.456866 0.871247 0.179451
vn -0.353645 -0.905079 -0.236150
vn -0.219110 -0.407006 -0.886756
vn -0.304452 0.026658 -0.952155
vn -0.672018 0.601622 -0.431789
vn -0.571320 -0.189420 0.798569
vn -0.499420 -0.783229 0.370314
vn -0.635089 0.189547 0.748822
vn -0.728940 0.650421 0.213540
vn 0.198732 -0.945549 -0.257764
vn 0.214801 -0.492810 -0.843208
vn 0.047725 0.293185 -0.954864
vn -0.193580 0.868793 -0.455769
vn -0.207420 -0.326475 0.922167
vn 0.032862 -0.895804 0.443232
vn -0.363552 0.440406 0.820897
vn -0.349782 0.901159 0.256058
vn 0.203673 -0.939643 -0.274932
vn 0.258167 -0.470337 -0.843879
vn 0.162642 0.313033 -0.935712
vn -0.031944 0.897992 -0.438851
vn -0.155658 -0.339353 0.927691
vn 0.041364 -0.901997 0.429757
vn -0.256739 0.445512 0.857674
vn -0.200063 0.936010 0.289586
vn 0.172113 -0.461391 -0.870342
vn 0.048231 -0.944280 -0.325591
vn -0.220510 -0.915733 -0.335869
vn 0.014130 -0.460508 -0.887543
vn 0.092550 0.904755 -0.415756
vn 0.196757 0.312177 -0.929426
vn 0.240800 0.275813 -0.930560
vn 0.304569 0.860641 -0.408087
vn -0.116970 -0.914728 0.386769
vn -0.243445 -0.359098 0.900990
vn -0.315291 -0.323574 0.892127
vn -0.345424 -0.855828 0.385021
vn -0.233291 0.419012 0.877499
vn -0.122857 0.405943 0.905603
vn -0.088276 0.938212 0.334611
vn 0.145721 0.916721 0.372005
s 1
g Tree3
usemtl initialShadingGroup
f 2352/2697/2600 2353/2698/2601 2534/2699/2602 2535/2700/2603
f 2353/2701/2601 2352/2697/2600 2355/2702/2604 2354/2703/2605
f 2354/2704/2605 2355/2702/2604 2393/2705/2606 2392/2706/2607
f 2356/2707/2608 2357/2708/2609 2542/2709/2610 2543/2710/2611
f 2357/2708/2609 2356/2707/2608 2359/2711/2612 2358/2712/2613
f 2358/2712/2613 2359/2711/2612 2395/2713/2614 2394/2714/2615
f 2360/2715/2616 2361/2716/2617 2546/2717/2618 2547/2718/2619
f 2361/2716/2617 2360/2715/2616 2363/2719/2620 2362/2720/2621
f 2362/2720/2621 2363/2719/2620 2397/2721/2622 2396/2722/2623
f 2364/2723/2624 2365/2724/2625 2550/2725/2626 2551/2726/2627
f 2365/2724/2625 2364/2723/2624 2367/2727/2628 2366/2728/2629
f 2366/2728/2629 2367/2727/2628 2399/2729/2630 2398/2730/2631
f 2368/2731/2632 2369/2732/2633 2554/2733/2634 2555/2734/2635
f 2369/2732/2633 2368/2731/2632 2371/2735/2636 2370/2736/2637
f 2370/2736/2637 2371/2735/2636 2401/2737/2638 2400/2738/2639
f 2372/2739/2640 2373/2740/2641 2558/2741/2642 2559/2742/2643
f 2373/2740/2641 2372/2739/2640 2375/2743/2644 2374/2744/2645
f 2374/2744/2645 2375/2743/2644 2403/2745/2646 2402/2746/2647
f 2376/2747/2648 2377/2748/2649 2562/2749/2650 2563/2750/2651
f 2377/2748/2649 2376/2747/2648 2379/2751/2652 2378/2752/2653
f 2378/2752/2653 2379/2751/2652 2405/2753/2654 2404/2754/2655
f 2380/2755/2656 2381/2756/2657 2566/2757/2658 2567/2758/2659
f 2381/2756/2657 2380/2755/2656 2383/2759/2660 2382/2760/2661
f 2382/2760/2661 2383/2759/2660 2407/2761/2662 2406/2762/2663
f 2384/2763/2664 2385/2764/2665 2570/2765/2666 2571/2766/2667
f 2385/2764/2665 2384/2763/2664 2387/2767/2668 2386/2768/2669
f 2386/2768/2669 2387/2767/2668 2409/2769/2670 2408/2770/2671
f 2388/2771/2672 2389/2772/2673 2538/2773/2674 2539/2774/2675
f 2389/2772/2673 2388/2771/2672 2391/2775/2676 2390/2776/2677
f 2390/2776/2677 2391/2775/2676 2411/2777/2678 2410/2778/2679
f 2392/2779/2607 2393/2705/2606 2413/2780/2680 2412/2781/2681
f 2394/2714/2615 2395/2713/2614 2415/2782/2682 2414/2783/2683
f 2396/2722/2623 2397/2721/2622 2417/2784/2684 2416/2785/2685
f 2398/2730/2631 2399/2729/2630 2419/2786/2686 2418/2787/2687
f 2400/2738/2639 2401/2737/2638 2421/2788/2688 2420/2789/2689
f 2402/2746/2647 2403/2745/2646 2423/2790/2690 2422/2791/2691
f 2404/2754/2655 2405/2753/2654 2425/2792/2692 2424/2793/2693
f 2406/2762/2663 2407/2761/2662 2427/2794/2694 2426/2795/2695
f 2408/2770/2671 2409/2769/2670 2429/2796/2696 2428/2797/2697
f 2410/2778/2679 2411/2777/2678 2431/2798/2698 2430/2799/2699
f 2412/2800/2681 2413/2780/2680 2433/2801/2700 2432/2802/2701
f 2414/2783/2683 2415/2782/2682 2435/2803/2702 2434/2804/2703
f 2416/2785/2685 2417/2784/2684 2437/2805/2704 2436/2806/2705
f 2418/2787/2687 2419/2786/2686 2439/2807/2706 2438/2808/2707
f 2420/2789/2689 2421/2788/2688 2441/2809/2708 2440/2810/2709
f 2422/2791/2691 2423/2790/2690 2443/2811/2710 2442/2812/2711
f 2424/2793/2693 2425/2792/2692 2445/2813/2712 2444/2814/2713
f 2426/2795/2695 2427/2794/2694 2447/2815/2714 2446/2816/2715
f 2428/2797/2697 2429/2796/2696 2449/2817/2716 2448/2818/2717
f 2430/2799/2699 2431/2798/2698 2451/2819/2718 2450/2820/2719
f 2432/2821/2701 2433/2801/2700 2453/2822/2720 2452/2823/2721
f 2434/2804/2703 2435/2803/2702 2455/2824/2722 2454/2825/2723
f 2436/2806/2705 2437/2805/2704 2457/2826/2724 2456/2827/2725
f 2438/2808/2707 2439/2807/2706 2459/2828/2726 2458/2829/2727
f 2440/2810/2709 2441/2809/2708 2461/2830/2728 2460/2831/2729
f 2442/2812/2711 2443/2811/2710 2463/2832/2730 2462/2833/2731
f 2617/2834/2732 2616/2835/2733 2618/2836/2734 2619/2837/2735
f 2621/2838/2736 2620/2839/2737 2622/2840/2738 2623/2841/2739
f 2448/2818/2717 2449/2817/2716 2469/2842/2740 2468/2843/2741
f 2450/2820/2719 2451/2819/2718 2471/2844/2742 2470/2845/2743
f 2452/2846/2721 2453/2822/2720 2473/2847/2744 2472/2848/2745
f 2454/2825/2723 2455/2824/2722 2475/2849/2746 2474/2850/2747
f 2456/2827/2725 2457/2826/2724 2477/2851/2748 2476/2852/2749
f 2458/2829/2727 2459/2828/2726 2479/2853/2750 2478/2854/2751
f 2460/2831/2729 2461/2830/2728 2481/2855/2752 2480/2856/2753
f 2462/2833/2731 2463/2832/2730 2483/2857/2754 2482/2858/2755
f 2464/2859/2756 2465/2860/2757 2485/2861/2758 2484/2862/2759
f 2466/2863/2760 2467/2864/2761 2487/2865/2762 2486/2866/2763
f 2468/2843/2741 2469/2842/2740 2489/2867/2764 2488/2868/2765
f 2470/2845/2743 2471/2844/2742 2491/2869/2766 2490/2870/2767
f 2472/2871/2745 2473/2847/2744 2493/2872/2768 2492/2873/2769
f 2474/2850/2747 2475/2849/2746 2495/2874/2770 2494/2875/2771
f 2476/2852/2749 2477/2851/2748 2497/2876/2772 2496/2877/2773
f 2478/2854/2751 2479/2853/2750 2499/2878/2774 2498/2879/2775
f 2480/2856/2753 2481/2855/2752 2501/2880/2776 2500/2881/2777
f 2482/2858/2755 2483/2857/2754 2503/2882/2778 2502/2883/2779
f 2484/2862/2759 2485/2861/2758 2505/2884/2780 2504/2885/2781
f 2486/2866/2763 2487/2865/2762 2507/2886/2782 2506/2887/2783
f 2488/2868/2765 2489/2867/2764 2509/2888/2784 2508/2889/2785
f 2490/2870/2767 2491/2869/2766 2511/2890/2786 2510/2891/2787
f 2492/2892/2769 2493/2872/2768 2513/2893/2788 2512/2894/2789
f 2494/2875/2771 2495/2874/2770 2515/2895/2790 2514/2896/2791
f 2496/2877/2773 2497/2876/2772 2517/2897/2792 2516/2898/2793
f 2498/2879/2775 2499/2878/2774 2519/2899/2794 2518/2900/2795
f 2500/2881/2777 2501/2880/2776 2521/2901/2796 2520/2902/2797
f 2502/2883/2779 2503/2882/2778 2523/2903/2798 2522/2904/2799
f 2504/2885/2781 2505/2884/2780 2525/2905/2800 2524/2906/2801
f 2506/2887/2783 2507/2886/2782 2527/2907/2802 2526/2908/2803
f 2508/2889/2785 2509/2888/2784 2529/2909/2804 2528/2910/2805
f 2510/2891/2787 2511/2890/2786 2531/2911/2806 2530/2912/2807
f 2532/2913/2808 2533/2914/2809 2575/2915/2810 2574/2916/2811
f 2533/2917/2809 2532/2918/2808 2535/2919/2603 2534/2920/2602
f 2536/2921/2812 2537/2922/2813 2591/2923/2814 2590/2924/2815
f 2537/2922/2813 2536/2921/2812 2539/2774/2675 2538/2773/2674
f 2540/2925/2816 2541/2926/2817 2573/2927/2818 2572/2928/2819
f 2541/2926/2817 2540/2925/2816 2543/2710/2611 2542/2709/2610
f 2544/2929/2820 2545/2930/2821 2577/2931/2822 2576/2932/2823
f 2545/2930/2821 2544/2929/2820 2547/2718/2619 2546/2717/2618
f 2548/2933/2824 2549/2934/2825 2579/2935/2826 2578/2936/2827
f 2549/2934/2825 2548/2933/2824 2551/2726/2627 2550/2725/2626
f 2552/2937/2828 2553/2938/2829 2581/2939/2830 2580/2940/2831
f 2553/2938/2829 2552/2937/2828 2555/2734/2635 2554/2733/2634
f 2556/2941/2832 2557/2942/2833 2583/2943/2834 2582/2944/2835
f 2557/2942/2833 2556/2941/2832 2559/2742/2643 2558/2741/2642
f 2560/2945/2836 2561/2946/2837 2585/2947/2838 2584/2948/2839
f 2561/2946/2837 2560/2945/2836 2563/2750/2651 2562/2749/2650
f 2564/2949/2840 2565/2950/2841 2587/2951/2842 2586/2952/2843
f 2565/2950/2841 2564/2949/2840 2567/2758/2659 2566/2757/2658
f 2568/2953/2844 2569/2954/2845 2589/2955/2846 2588/2956/2847
f 2569/2954/2845 2568/2953/2844 2571/2766/2667 2570/2765/2666
f 2352/2697/2600 2357/2708/2609 2358/2712/2613 2355/2702/2604
f 2356/2707/2608 2361/2716/2617 2362/2720/2621 2359/2711/2612
f 2360/2715/2616 2365/2724/2625 2366/2728/2629 2363/2719/2620
f 2364/2723/2624 2369/2732/2633 2370/2736/2637 2367/2727/2628
f 2368/2731/2632 2373/2740/2641 2374/2744/2645 2371/2735/2636
f 2372/2739/2640 2377/2748/2649 2378/2752/2653 2375/2743/2644
f 2376/2747/2648 2381/2756/2657 2382/2760/2661 2379/2751/2652
f 2380/2755/2656 2385/2764/2665 2386/2768/2669 2383/2759/2660
f 2384/2763/2664 2389/2772/2673 2390/2776/2677 2387/2767/2668
f 2388/2771/2672 2353/2957/2601 2354/2958/2605 2391/2775/2676
f 2355/2702/2604 2358/2712/2613 2394/2714/2615 2393/2705/2606
f 2359/2711/2612 2362/2720/2621 2396/2722/2623 2395/2713/2614
f 2363/2719/2620 2366/2728/2629 2398/2730/2631 2397/2721/2622
f 2367/2727/2628 2370/2736/2637 2400/2738/2639 2399/2729/2630
f 2371/2735/2636 2374/2744/2645 2402/2746/2647 2401/2737/2638
f 2375/2743/2644 2378/2752/2653 2404/2754/2655 2403/2745/2646
f 2379/2751/2652 2382/2760/2661 2406/2762/2663 2405/2753/2654
f 2383/2759/2660 2386/2768/2669 2408/2770/2671 2407/2761/2662
f 2387/2767/2668 2390/2776/2677 2410/2778/2679 2409/2769/2670
f 2391/2775/2676 2354/2958/2605 2392/2959/2607 2411/2777/2678
f 2393/2705/2606 2394/2714/2615 2414/2783/2683 2413/2780/2680
f 2395/2713/2614 2396/2722/2623 2416/2785/2685 2415/2782/2682
f 2397/2721/2622 2398/2730/2631 2418/2787/2687 2417/2784/2684
f 2399/2729/2630 2400/2738/2639 2420/2789/2689 2419/2786/2686
f 2401/2737/2638 2402/2746/2647 2422/2791/2691 2421/2788/2688
f 2403/2745/2646 2404/2754/2655 2424/2793/2693 2423/2790/2690
f 2405/2753/2654 2406/2762/2663 2426/2795/2695 2425/2792/2692
f 2407/2761/2662 2408/2770/2671 2428/2797/2697 2427/2794/2694
f 2409/2769/2670 2410/2778/2679 2430/2799/2699 2429/2796/2696
f 2411/2777/2678 2392/2959/2607 2412/2960/2681 2431/2798/2698
f 2413/2780/2680 2414/2783/2683 2434/2804/2703 2433/2801/2700
f 2415/2782/2682 2416/2785/2685 2436/2806/2705 2435/2803/2702
f 2417/2784/2684 2418/2787/2687 2438/2808/2707 2437/2805/2704
f 2419/2786/2686 2420/2789/2689 2440/2810/2709 2439/2807/2706
f 2421/2788/2688 2422/2791/2691 2442/2812/2711 2441/2809/2708
f 2423/2790/2690 2424/2793/2693 2444/2814/2713 2443/2811/2710
f 2425/2792/2692 2426/2795/2695 2446/2816/2715 2445/2813/2712
f 2427/2794/2694 2428/2797/2697 2448/2818/2717 2447/2815/2714
f 2429/2796/2696 2430/2799/2699 2450/2820/2719 2449/2817/2716
f 2431/2798/2698 2412/2960/2681 2432/2961/2701 2451/2819/2718
f 2433/2801/2700 2434/2804/2703 2454/2825/2723 2453/2822/2720
f 2435/2803/2702 2436/2806/2705 2456/2827/2725 2455/2824/2722
f 2437/2805/2704 2438/2808/2707 2458/2829/2727 2457/2826/2724
f 2439/2807/2706 2440/2810/2709 2460/2831/2729 2459/2828/2726
f 2441/2809/2708 2442/2812/2711 2462/2833/2731 2461/2830/2728
f 2443/2811/2710 2444/2814/2713 2464/2859/2756 2463/2832/2730
f 2616/2835/2733 2621/2838/2736 2623/2841/2739 2618/2836/2734
f 2447/2815/2714 2448/2818/2717 2468/2843/2741 2467/2864/2761
f 2449/2817/2716 2450/2820/2719 2470/2845/2743 2469/2842/2740
f 2451/2819/2718 2432/2961/2701 2452/2962/2721 2471/2844/2742
f 2453/2822/2720 2454/2825/2723 2474/2850/2747 2473/2847/2744
f 2455/2824/2722 2456/2827/2725 2476/2852/2749 2475/2849/2746
f 2457/2826/2724 2458/2829/2727 2478/2854/2751 2477/2851/2748
f 2459/2828/2726 2460/2831/2729 2480/2856/2753 2479/2853/2750
f 2461/2830/2728 2462/2833/2731 2482/2858/2755 2481/2855/2752
f 2463/2832/2730 2464/2859/2756 2484/2862/2759 2483/2857/2754
f 2465/2860/2757 2466/2863/2760 2486/2866/2763 2485/2861/2758
f 2467/2864/2761 2468/2843/2741 2488/2868/2765 2487/2865/2762
f 2469/2842/2740 2470/2845/2743 2490/2870/2767 2489/2867/2764
f 2471/2844/2742 2452/2962/2721 2472/2963/2745 2491/2869/2766
f 2473/2847/2744 2474/2850/2747 2494/2875/2771 2493/2872/2768
f 2475/2849/2746 2476/2852/2749 2496/2877/2773 2495/2874/2770
f 2477/2851/2748 2478/2854/2751 2498/2879/2775 2497/2876/2772
f 2479/2853/2750 2480/2856/2753 2500/2881/2777 2499/2878/2774
f 2481/2855/2752 2482/2858/2755 2502/2883/2779 2501/2880/2776
f 2483/2857/2754 2484/2862/2759 2504/2885/2781 2503/2882/2778
f 2485/2861/2758 2486/2866/2763 2506/2887/2783 2505/2884/2780
f 2487/2865/2762 2488/2868/2765 2508/2889/2785 2507/2886/2782
f 2489/2867/2764 2490/2870/2767 2510/2891/2787 2509/2888/2784
f 2491/2869/2766 2472/2963/2745 2492/2964/2769 2511/2890/2786
f 2493/2872/2768 2494/2875/2771 2514/2896/2791 2513/2893/2788
f 2495/2874/2770 2496/2877/2773 2516/2898/2793 2515/2895/2790
f 2497/2876/2772 2498/2879/2775 2518/2900/2795 2517/2897/2792
f 2499/2878/2774 2500/2881/2777 2520/2902/2797 2519/2899/2794
f 2501/2880/2776 2502/2883/2779 2522/2904/2799 2521/2901/2796
f 2503/2882/2778 2504/2885/2781 2524/2906/2801 2523/2903/2798
f 2505/2884/2780 2506/2887/2783 2526/2908/2803 2525/2905/2800
f 2507/2886/2782 2508/2889/2785 2528/2910/2805 2527/2907/2802
f 2509/2888/2784 2510/2891/2787 2530/2912/2807 2529/2909/2804
f 2511/2890/2786 2492/2964/2769 2512/2965/2789 2531/2911/2806
f 2533/2917/2809 2534/2920/2602 2539/2774/2675 2536/2921/2812
f 2535/2700/2603 2532/2913/2808 2541/2926/2817 2542/2709/2610
f 2543/2710/2611 2540/2925/2816 2545/2930/2821 2546/2717/2618
f 2547/2718/2619 2544/2929/2820 2549/2934/2825 2550/2725/2626
f 2551/2726/2627 2548/2933/2824 2553/2938/2829 2554/2733/2634
f 2555/2734/2635 2552/2937/2828 2557/2942/2833 2558/2741/2642
f 2559/2742/2643 2556/2941/2832 2561/2946/2837 2562/2749/2650
f 2563/2750/2651 2560/2945/2836 2565/2950/2841 2566/2757/2658
f 2567/2758/2659 2564/2949/2840 2569/2954/2845 2570/2765/2666
f 2571/2766/2667 2568/2953/2844 2537/2922/2813 2538/2773/2674
f 2532/2913/2808 2574/2916/2811 2573/2927/2818 2541/2926/2817
f 2540/2925/2816 2572/2928/2819 2577/2931/2822 2545/2930/2821
f 2544/2929/2820 2576/2932/2823 2579/2935/2826 2549/2934/2825
f 2548/2933/2824 2578/2936/2827 2581/2939/2830 2553/2938/2829
f 2552/2937/2828 2580/2940/2831 2583/2943/2834 2557/2942/2833
f 2556/2941/2832 2582/2944/2835 2585/2947/2838 2561/2946/2837
f 2560/2945/2836 2584/2948/2839 2587/2951/2842 2565/2950/2841
f 2564/2949/2840 2586/2952/2843 2589/2955/2846 2569/2954/2845
f 2568/2953/2844 2588/2956/2847 2591/2923/2814 2537/2922/2813
f 2536/2921/2812 2590/2924/2815 2575/2966/2810 2533/2917/2809
f 2535/2700/2603 2542/2709/2610 2357/2708/2609 2352/2697/2600
f 2543/2710/2611 2546/2717/2618 2361/2716/2617 2356/2707/2608
f 2547/2718/2619 2550/2725/2626 2365/2724/2625 2360/2715/2616
f 2551/2726/2627 2554/2733/2634 2369/2732/2633 2364/2723/2624
f 2555/2734/2635 2558/2741/2642 2373/2740/2641 2368/2731/2632
f 2559/2742/2643 2562/2749/2650 2377/2748/2649 2372/2739/2640
f 2563/2750/2651 2566/2757/2658 2381/2756/2657 2376/2747/2648
f 2567/2758/2659 2570/2765/2666 2385/2764/2665 2380/2755/2656
f 2571/2766/2667 2538/2773/2674 2389/2772/2673 2384/2763/2664
f 2539/2967/2675 2534/2968/2602 2353/2957/2601 2388/2771/2672
f 2444/2814/2713 2445/2813/2712 2592/2969/2848 2593/2970/2849
f 2465/2860/2757 2464/2859/2756 2595/2971/2850 2594/2972/2851
f 2464/2859/2756 2444/2814/2713 2593/2970/2849 2595/2971/2850
f 2446/2816/2715 2447/2815/2714 2596/2973/2852 2597/2974/2853
f 2447/2815/2714 2467/2864/2761 2598/2975/2854 2596/2973/2852
f 2467/2864/2761 2466/2863/2760 2599/2976/2855 2598/2975/2854
f 2445/2813/2712 2446/2816/2715 2597/2974/2853 2592/2969/2848
f 2466/2863/2760 2465/2860/2757 2594/2972/2851 2599/2976/2855
f 2593/2970/2849 2592/2969/2848 2600/2977/2856 2601/2978/2857
f 2594/2972/2851 2595/2971/2850 2603/2979/2858 2602/2980/2859
f 2595/2971/2850 2593/2970/2849 2601/2978/2857 2603/2979/2858
f 2597/2974/2853 2596/2973/2852 2604/2981/2860 2605/2982/2861
f 2596/2973/2852 2598/2975/2854 2606/2983/2862 2604/2981/2860
f 2598/2975/2854 2599/2976/2855 2607/2984/2863 2606/2983/2862
f 2592/2969/2848 2597/2974/2853 2605/2982/2861 2600/2977/2856
f 2599/2976/2855 2594/2972/2851 2602/2980/2859 2607/2984/2863
f 2601/2978/2857 2600/2977/2856 2624/2985/2864 2625/2986/2865
f 2602/2980/2859 2603/2979/2858 2626/2987/2866 2627/2988/2867
f 2603/2979/2858 2601/2978/2857 2625/2986/2865 2626/2987/2866
f 2605/2982/2861 2604/2981/2860 2630/2989/2868 2631/2990/2869
f 2604/2981/2860 2606/2983/2862 2629/2991/2870 2630/2989/2868
f 2606/2983/2862 2607/2984/2863 2628/2992/2871 2629/2991/2870
f 2600/2977/2856 2605/2982/2861 2631/2990/2869 2624/2985/2864
f 2607/2984/2863 2602/2980/2859 2627/2988/2867 2628/2992/2871
f 2609/2993/2872 2608/2994/2873 2632/2995/2874 2633/2996/2875
f 2610/2997/2876 2611/2998/2877 2634/2999/2878 2635/3000/2879
f 2611/2998/2877 2609/2993/2872 2633/2996/2875 2634/2999/2878
f 2613/3001/2880 2612/3002/2881 2638/3003/2882 2639/3004/2883
f 2612/3002/2881 2614/3005/2884 2637/3006/2885 2638/3003/2882
f 2614/3005/2884 2615/3007/2886 2636/3008/2887 2637/3006/2885
f 2608/2994/2873 2613/3001/2880 2639/3004/2883 2632/2995/2874
f 2615/3007/2886 2610/2997/2876 2635/3000/2879 2636/3008/2887
f 2625/2986/2865 2624/2985/2864 2608/2994/2873 2609/2993/2872
f 2626/2987/2866 2625/2986/2865 2609/2993/2872 2611/2998/2877
f 2627/2988/2867 2626/2987/2866 2611/2998/2877 2610/2997/2876
f 2628/2992/2871 2627/2988/2867 2610/2997/2876 2615/3007/2886
f 2629/2991/2870 2628/2992/2871 2615/3007/2886 2614/3005/2884
f 2630/2989/2868 2629/2991/2870 2614/3005/2884 2612/3002/2881
f 2631/2990/2869 2630/2989/2868 2612/3002/2881 2613/3001/2880
f 2624/2985/2864 2631/2990/2869 2613/3001/2880 2608/2994/2873
f 2633/2996/2875 2632/2995/2874 2616/2835/2733 2617/2834/2732
f 2634/2999/2878 2633/2996/2875 2617/2834/2732 2619/2837/2735
f 2635/3000/2879 2634/2999/2878 2619/2837/2735 2618/2836/2734
f 2636/3008/2887 2635/3000/2879 2618/2836/2734 2623/2841/2739
f 2637/3006/2885 2636/3008/2887 2623/2841/2739 2622/2840/2738
f 2638/3003/2882 2637/3006/2885 2622/2840/2738 2620/2839/2737
f 2639/3004/2883 2638/3003/2882 2620/2839/2737 2621/2838/2736
f 2632/2995/2874 2639/3004/2883 2621/2838/2736 2616/2835/2733
g default
v -10.787262 8.858135 -24.040108
v -10.860636 8.818803 -24.002064
v -10.800208 9.014371 -24.110838
v -10.765883 8.928318 -24.079054
v -10.960492 8.858830 -23.994699
v -10.994805 8.944883 -24.026482
v -10.973435 9.015067 -24.065430
v -10.900063 9.054401 -24.103466
v -6.501486 11.425878 -14.260773
v -6.800069 11.301190 -13.872643
v -7.214945 10.911306 -14.781226
v -7.005197 11.027869 -15.017277
v -6.876658 12.141227 -14.825250
v -6.533217 11.773837 -14.655358
v -7.035496 11.277382 -15.269383
v -7.288137 11.513697 -15.389848
v -7.254088 11.472802 -13.718334
v -7.597522 11.840212 -13.888196
v -7.794547 11.232296 -14.819967
v -7.541927 10.995990 -14.699495
v -7.629286 12.188169 -14.282784
v -7.824836 11.481811 -15.072073
v -7.330683 12.312856 -14.670923
v -7.615091 11.598373 -15.308123
v -7.890577 9.994123 -16.347788
v -7.678033 10.112224 -16.586956
v -7.708755 10.365039 -16.842392
v -7.964727 10.604477 -16.964455
v -8.477822 10.319351 -16.387043
v -8.221868 10.079918 -16.264982
v -8.508539 10.572164 -16.642487
v -8.296021 10.690273 -16.881645
v -8.400474 9.337030 -18.404564
v -8.615764 9.217385 -18.162277
v -9.370481 8.789058 -20.248493
v -9.213331 8.911497 -20.450272
v -8.690887 9.835708 -18.786980
v -8.431580 9.593143 -18.663330
v -9.223913 9.157485 -20.572166
v -9.396023 9.382928 -20.542753
v -8.951388 9.304304 -18.078384
v -9.210694 9.546865 -18.202034
v -9.775404 9.087310 -20.055643
v -9.603304 8.861877 -20.085045
v -9.241804 9.802979 -18.460806
v -9.785976 9.333303 -20.177525
v -9.026515 9.922618 -18.703106
v -9.628832 9.455745 -20.379311
v -10.103924 8.592049 -22.095350
v -9.930409 8.683560 -22.235683
v -9.908962 8.894339 -22.345346
v -10.052153 9.100910 -22.360104
v -10.276087 9.182267 -22.271317
v -10.449597 9.090754 -22.130987
v -10.471041 8.879972 -22.021328
v -10.327867 8.673406 -22.006569
vt 0.516516 0.537500
vt 0.533086 0.537500
vt 0.533429 0.575427
vt 0.516247 0.575506
vt 0.541985 0.537500
vt 0.558080 0.537500
vt 0.558459 0.576181
vt 0.541665 0.574448
vt 0.516516 0.537500
vt 0.533086 0.537500
vt 0.533086 0.537500
vt 0.516516 0.537500
vt 0.533429 0.575427
vt 0.516247 0.575506
vt 0.516247 0.575506
vt 0.533429 0.575427
vt 0.541985 0.537500
vt 0.558080 0.537500
vt 0.558080 0.537500
vt 0.541985 0.537500
vt 0.558459 0.576181
vt 0.558459 0.576181
vt 0.541665 0.574448
vt 0.541665 0.574448
vt 0.533086 0.537500
vt 0.516516 0.537500
vt 0.516247 0.575506
vt 0.533429 0.575427
vt 0.558080 0.537500
vt 0.541985 0.537500
vt 0.558459 0.576181
vt 0.541665 0.574448
vt 0.516516 0.537500
vt 0.533086 0.537500
vt 0.533086 0.537500
vt 0.516516 0.537500
vt 0.533429 0.575427
vt 0.516247 0.575506
vt 0.516247 0.575506
vt 0.533429 0.575427
vt 0.541985 0.537500
vt 0.558080 0.537500
vt 0.558080 0.537500
vt 0.541985 0.537500
vt 0.558459 0.576181
vt 0.558459 0.576181
vt 0.541665 0.574448
vt 0.541665 0.574448
vt 0.533086 0.537500
vt 0.516516 0.537500
vt 0.516247 0.575506
vt 0.533429 0.575427
vt 0.541665 0.574448
vt 0.558459 0.576181
vt 0.558080 0.537500
vt 0.541985 0.537500
vn 0.633736 -0.671817 -0.383458
vn -0.063126 -0.989679 -0.128650
vn 0.516707 0.797205 -0.312214
vn 0.879761 0.153593 -0.449921
vn -0.685959 -0.719444 0.108907
vn -0.972554 -0.035189 0.230001
vn -0.692766 0.708100 0.136635
vn -0.074966 0.992318 -0.098417
vn 0.713360 -0.692637 -0.106641
vn 0.138312 -0.930643 0.338782
vn 0.236040 -0.902613 0.359964
vn 0.805876 -0.584433 -0.094879
vn 0.334885 0.501909 -0.797458
vn 0.804542 -0.079761 -0.588515
vn 0.853872 0.062433 -0.516725
vn 0.402691 0.625594 -0.668186
vn -0.483456 -0.723172 0.493248
vn -0.896827 -0.261458 0.356849
vn -0.883955 -0.205359 0.420061
vn -0.440152 -0.713275 0.545440
vn -0.949495 0.310249 -0.046958
vn -0.901077 0.433166 0.020662
vn -0.444281 0.688005 -0.573816
vn -0.338630 0.817359 -0.466105
vn 0.254561 -0.901347 0.350388
vn 0.836798 -0.541847 -0.078550
vn 0.882782 0.154364 -0.443698
vn 0.442008 0.720370 -0.534505
vn -0.873364 -0.181780 0.451876
vn -0.428544 -0.721941 0.543279
vn -0.850371 0.517474 0.095339
vn -0.258287 0.906177 -0.334861
vn 0.807072 -0.572875 -0.142998
vn 0.209935 -0.950128 0.230615
vn 0.169261 -0.980871 0.096136
vn 0.784414 -0.580801 -0.217635
vn 0.455266 0.771426 -0.444561
vn 0.885490 0.183127 -0.427051
vn 0.892186 0.211562 -0.399057
vn 0.484606 0.801820 -0.349632
vn -0.450607 -0.784525 0.425998
vn -0.890468 -0.233526 0.390554
vn -0.897856 -0.274148 0.344526
vn -0.470620 -0.827545 0.306082
vn -0.844723 0.523480 0.111406
vn -0.831373 0.531466 0.162370
vn -0.226203 0.942660 -0.245409
vn -0.183954 0.972609 -0.142100
vn 0.065805 -0.997830 -0.002388
vn 0.715805 -0.636945 -0.286225
vn 0.899244 0.154129 -0.409395
vn 0.545491 0.780770 -0.304694
vn -0.097836 0.991983 -0.079988
vn -0.768530 0.613099 0.182954
vn -0.931848 -0.191444 0.308235
vn -0.558815 -0.799078 0.221810
s 1
g Branch1
usemtl initialShadingGroup
f 2640/3009/2888 2641/3010/2889 2642/3011/2890 2643/3012/2891
f 2644/3013/2892 2645/3014/2893 2646/3015/2894 2647/3016/2895
f 2641/3010/2889 2644/3013/2892 2647/3016/2895 2642/3011/2890
f 2648/3017/2896 2649/3018/2897 2650/3019/2898 2651/3020/2899
f 2652/3021/2900 2653/3022/2901 2654/3023/2902 2655/3024/2903
f 2653/3022/2901 2648/3017/2896 2651/3020/2899 2654/3023/2902
f 2656/3025/2904 2657/3026/2905 2658/3027/2906 2659/3028/2907
f 2657/3026/2905 2660/3029/2908 2661/3030/2909 2658/3027/2906
f 2660/3029/2908 2662/3031/2910 2663/3032/2911 2661/3030/2909
f 2649/3018/2897 2656/3025/2904 2659/3028/2907 2650/3019/2898
f 2662/3031/2910 2652/3021/2900 2655/3024/2903 2663/3032/2911
f 2651/3020/2899 2650/3019/2898 2664/3033/2912 2665/3034/2913
f 2655/3024/2903 2654/3023/2902 2666/3035/2914 2667/3036/2915
f 2654/3023/2902 2651/3020/2899 2665/3034/2913 2666/3035/2914
f 2659/3028/2907 2658/3027/2906 2668/3037/2916 2669/3038/2917
f 2658/3027/2906 2661/3030/2909 2670/3039/2918 2668/3037/2916
f 2661/3030/2909 2663/3032/2911 2671/3040/2919 2670/3039/2918
f 2650/3019/2898 2659/3028/2907 2669/3038/2917 2664/3033/2912
f 2663/3032/2911 2655/3024/2903 2667/3036/2915 2671/3040/2919
f 2672/3041/2920 2673/3042/2921 2674/3043/2922 2675/3044/2923
f 2676/3045/2924 2677/3046/2925 2678/3047/2926 2679/3048/2927
f 2677/3046/2925 2672/3041/2920 2675/3044/2923 2678/3047/2926
f 2680/3049/2928 2681/3050/2929 2682/3051/2930 2683/3052/2931
f 2681/3050/2929 2684/3053/2932 2685/3054/2933 2682/3051/2930
f 2684/3053/2932 2686/3055/2934 2687/3056/2935 2685/3054/2933
f 2673/3042/2921 2680/3049/2928 2683/3052/2931 2674/3043/2922
f 2686/3055/2934 2676/3045/2924 2679/3048/2927 2687/3056/2935
f 2665/3034/2913 2664/3033/2912 2673/3042/2921 2672/3041/2920
f 2666/3035/2914 2665/3034/2913 2672/3041/2920 2677/3046/2925
f 2667/3036/2915 2666/3035/2914 2677/3046/2925 2676/3045/2924
f 2671/3040/2919 2667/3036/2915 2676/3045/2924 2686/3055/2934
f 2670/3039/2918 2671/3040/2919 2686/3055/2934 2684/3053/2932
f 2668/3037/2916 2670/3039/2918 2684/3053/2932 2681/3050/2929
f 2669/3038/2917 2668/3037/2916 2681/3050/2929 2680/3049/2928
f 2664/3033/2912 2669/3038/2917 2680/3049/2928 2673/3042/2921
f 2675/3044/2923 2674/3043/2922 2688/3057/2936 2689/3058/2937
f 2678/3047/2926 2675/3044/2923 2689/3058/2937 2690/3059/2938
f 2679/3048/2927 2678/3047/2926 2690/3059/2938 2691/3060/2939
f 2687/3056/2935 2679/3048/2927 2691/3060/2939 2692/3061/2940
f 2685/3054/2933 2687/3056/2935 2692/3061/2940 2693/3062/2941
f 2682/3051/2930 2685/3054/2933 2693/3062/2941 2694/3063/2942
f 2683/3052/2931 2682/3051/2930 2694/3063/2942 2695/3064/2943
f 2674/3043/2922 2683/3052/2931 2695/3064/2943 2688/3057/2936
f 2689/3058/2937 2688/3057/2936 2641/3010/2889 2640/3009/2888
f 2690/3059/2938 2689/3058/2937 2640/3009/2888 2643/3012/2891
f 2691/3060/2939 2690/3059/2938 2643/3012/2891 2642/3011/2890
f 2692/3061/2940 2691/3060/2939 2642/3011/2890 2647/3016/2895
f 2693/3062/2941 2692/3061/2940 2647/3016/2895 2646/3015/2894
f 2694/3063/2942 2693/3062/2941 2646/3015/2894 2645/3014/2893
f 2695/3064/2943 2694/3063/2942 2645/3014/2893 2644/3013/2892
f 2688/3057/2936 2695/3064/2943 2644/3013/2892 2641/3010/2889
