# author: headus 3D tools
#  using: ply2obj v1.8
#   from: uvlayout v2.09.04
mtllib StartScreenItems.mtl
# 1208 vertices
v 4.751000 0.996000 0.072000
v 5.152470 0.821661 -0.134279
v 4.870493 1.145764 0.177991
v 5.271964 0.971426 -0.028289
v 4.918325 1.296152 -0.088431
v 4.798831 1.146387 -0.194422
v 4.858565 1.244709 0.051502
v 4.739071 1.094943 -0.054489
v 4.951734 0.908830 -0.031141
v 5.088423 1.048542 0.070938
v 4.883096 1.276317 -0.020737
v 4.763601 1.126549 -0.126725
v 5.052102 0.865248 -0.082711
v 5.149416 1.037820 0.039260
v 5.001918 0.887038 -0.056924
v 5.087166 1.072948 0.047513
v 4.950094 1.174302 0.048325
v 4.857638 1.199793 0.116074
v 4.738144 1.050028 0.010087
v 4.864076 1.017962 -0.086543
v -3.792075 11.876835 -2.996505
v -4.069349 11.751041 -2.895218
v -3.803613 12.449504 -2.821265
v -3.681989 12.166146 -2.965863
v -4.351407 11.862464 -2.721349
v -4.472998 12.145812 -2.576753
v -4.362938 12.435138 -2.546111
v -4.085662 12.560919 -2.647378
v 5.081155 5.227635 9.054062
v 4.691664 4.743934 9.485965
v 3.781520 5.205127 8.246913
v 4.071540 5.543255 8.011420
v 4.633889 6.625961 9.198413
v 5.057217 6.007202 8.934961
v 4.049892 6.073582 7.963646
v 3.729199 6.485456 8.131630
v 4.116850 4.839443 9.977647
v 3.693544 5.458193 10.241152
v 3.028987 5.669144 8.700183
v 3.349648 5.257278 8.532226
v 3.669555 6.237763 10.122054
v 3.007352 6.199473 8.652409
v 4.059080 6.721469 9.690137
v 3.297368 6.537599 8.416917
v 2.196046 5.714924 5.873315
v 2.489933 6.057513 5.634701
v 2.467969 6.594857 5.586317
v 2.143048 7.012176 5.756507
v 1.433588 6.185073 6.332562
v 1.758482 5.767760 6.162381
v 1.411630 6.722418 6.284162
v 1.705483 7.065012 6.045574
v 0.826668 6.974776 3.122379
v 0.528985 6.627710 3.364091
v -1.132916 8.203081 0.874701
v -0.910268 8.520538 0.702002
v 0.475292 7.941885 3.245774
v 0.804442 7.519125 3.073355
v -0.877058 8.920534 0.791700
v -1.052722 9.168745 1.091277
v 0.085702 6.681236 3.656943
v -0.243448 7.103993 3.829353
v -1.590228 8.402336 1.508164
v -1.414574 8.154126 1.208614
v -0.265679 7.648346 3.780330
v -1.556997 8.802323 1.597882
v 0.031996 7.995422 3.538597
v -1.334363 9.119788 1.425177
v 1.983358 1.231814 -0.011187
v 1.988892 1.272070 -0.027061
v 1.995786 1.311800 -0.010697
v 1.999862 1.328077 0.028523
v 1.998636 1.311532 0.067365
v 1.992876 1.271479 0.082903
v 1.986157 1.230943 0.066091
v 1.982317 1.214711 0.027353
v 2.146376 1.243413 -0.007224
v 2.153786 1.280957 -0.021152
v 2.162513 1.317425 -0.004764
v 2.166649 1.331524 0.032605
v 2.163819 1.315268 0.068839
v 2.156197 1.277977 0.082410
v 2.148060 1.240970 0.065541
v 2.144087 1.226765 0.028639
v 2.287775 1.237930 0.001093
v 2.296331 1.272987 -0.011706
v 2.305908 1.306656 0.004457
v 2.310068 1.319275 0.040068
v 2.306328 1.303783 0.074124
v 2.297725 1.268996 0.086628
v 2.288859 1.234954 0.070232
v 2.284828 1.222159 0.034986
v 2.409693 1.221092 0.007750
v 2.418653 1.254351 -0.004696
v 2.428295 1.286375 0.010921
v 2.432431 1.298406 0.045181
v 2.428677 1.283698 0.077924
v 2.419622 1.250746 0.090112
v 2.410553 1.218537 0.074547
v 2.406513 1.206256 0.040563
v 2.520023 1.198938 0.011969
v 2.529025 1.231474 -0.000503
v 2.538328 1.263054 0.014879
v 2.542193 1.275044 0.048731
v 2.538388 1.260697 0.081117
v 2.529311 1.228458 0.093335
v 2.520370 1.196974 0.078246
v 2.516606 1.184693 0.044638
v 2.627729 1.175243 0.017615
v 2.636595 1.207701 0.004900
v 2.645426 1.239430 0.020234
v 2.648964 1.251644 0.054140
v 2.645170 1.237458 0.086674
v 2.636263 1.205348 0.099168
v 2.627531 1.173893 0.084368
v 2.624071 1.161348 0.050672
v 2.738018 1.152011 0.023807
v 2.746371 1.184833 0.010397
v 2.754633 1.217342 0.025518
v 2.758071 1.230240 0.059746
v 2.754686 1.216183 0.093003
v 2.746303 1.183702 0.106252
v 2.737868 1.151570 0.091796
v 2.734539 1.138435 0.057751
v 2.860593 1.132556 0.028185
v 2.867820 1.166749 0.013652
v 2.875300 1.201038 0.028723
v 2.878769 1.215226 0.064147
v 2.876269 1.201051 0.099081
v 2.868998 1.167177 0.113559
v 2.861083 1.133206 0.099158
v 2.857718 1.119002 0.063972
v 3.002640 1.118139 0.031907
v 3.007748 1.153909 0.015521
v 3.013972 1.190346 0.030539
v 3.017572 1.206189 0.067785
v 3.016482 1.192354 0.105562
v 3.011217 1.156992 0.122142
v 3.004416 1.120443 0.107889
v 3.000775 1.104576 0.070490
v 3.166281 1.107707 0.047811
v 3.168817 1.144443 0.027722
v 3.173830 1.184063 0.041014
v 3.178334 1.203892 0.079562
v 3.179748 1.192385 0.120989
v 3.177331 1.156023 0.141659
v 3.171716 1.115769 0.129194
v 3.167226 1.095642 0.090200
v 3.361618 1.103976 0.085259
v 3.361241 1.140247 0.059653
v 3.365181 1.183653 0.068730
v 3.371171 1.209152 0.106557
v 3.375659 1.202474 0.151940
v 3.375978 1.166741 0.178502
v 3.372092 1.122482 0.170493
v 3.366145 1.096395 0.131739
v 3.575444 1.109507 0.131569
v 3.572352 1.142843 0.100563
v 3.574816 1.188414 0.103592
v 3.581222 1.220200 0.138173
v 3.587859 1.219988 0.184467
v 3.591020 1.187422 0.216174
v 3.589047 1.141268 0.214641
v 3.582564 1.108844 0.179494
v 3.780987 1.125391 0.156404
v 3.775999 1.154739 0.122030
v 3.776978 1.200347 0.119396
v 3.783150 1.236047 0.149275
v 3.790907 1.241042 0.194461
v 3.795898 1.212312 0.229232
v 3.795686 1.166491 0.233200
v 3.789426 1.130271 0.203041
v 3.984205 1.132483 0.150910
v 3.978848 1.158365 0.116868
v 3.979676 1.201135 0.111331
v 3.985080 1.235808 0.136948
v 3.991891 1.242476 0.178952
v 3.996762 1.217131 0.213283
v 3.997293 1.174450 0.219685
v 3.991826 1.139233 0.193959
v 4.174406 1.126308 0.122329
v 4.168622 1.148903 0.091490
v 4.170304 1.187127 0.085636
v 4.176674 1.218605 0.107716
v 4.183658 1.225305 0.145104
v 4.188620 1.203181 0.176224
v 4.188239 1.165058 0.182848
v 4.182551 1.133068 0.160491
v 4.343642 1.117877 0.084596
v 4.338082 1.137778 0.057436
v 4.339751 1.171533 0.052158
v 4.346564 1.199156 0.071424
v 4.353702 1.204974 0.104210
v 4.358341 1.185482 0.131566
v 4.357283 1.151934 0.137585
v 4.351615 1.123797 0.118024
v 4.484931 1.110912 0.046077
v 4.480098 1.128924 0.022302
v 4.481093 1.158685 0.018189
v 4.487324 1.182655 0.035571
v 4.494048 1.187220 0.064513
v 4.498097 1.169647 0.088421
v 4.497104 1.139982 0.093293
v 4.491944 1.115523 0.075692
v 4.600047 1.109127 0.011315
v 4.596146 1.126118 -0.009216
v 4.596513 1.152599 -0.011728
v 4.601379 1.173094 0.004774
v 4.607394 1.175883 0.030733
v 4.611051 1.159271 0.051333
v 4.610315 1.132743 0.054473
v 4.605675 1.111817 0.037955
v 4.696042 1.112280 -0.017270
v 4.692927 1.128952 -0.034836
v 4.693150 1.152905 -0.035592
v 4.697255 1.170167 -0.019463
v 4.702518 1.170909 0.004066
v 4.705733 1.154682 0.021563
v 4.704945 1.130680 0.022875
v 4.700899 1.112964 0.006844
v 4.796043 1.125332 -0.037257
v 4.793961 1.139125 -0.049493
v 4.794139 1.157241 -0.048545
v 4.796559 1.169077 -0.035215
v 4.799836 1.167931 -0.017352
v 4.801941 1.154480 -0.005210
v 4.801538 1.136347 -0.005826
v 4.799086 1.124164 -0.019058
v 4.860862 1.136012 -0.044503
v 4.859745 1.148105 -0.053174
v 4.859739 1.162503 -0.051028
v 4.861005 1.170915 -0.039454
v 4.862830 1.168540 -0.025124
v 4.863996 1.156639 -0.016353
v 4.863792 1.142056 -0.018386
v 4.862465 1.133448 -0.030057
v 3.857377 1.242527 0.199608
v 3.860168 1.223788 0.223667
v 3.929563 1.224471 0.218676
v 3.927127 1.242702 0.194746
v 3.872564 1.246633 0.206488
v 3.874543 1.232700 0.224583
v 3.913353 1.232924 0.222145
v 3.911687 1.246791 0.204114
v 3.873911 1.352452 0.309370
v 3.874429 1.348645 0.314055
v 3.886671 1.348882 0.312670
v 3.886093 1.352763 0.308005
v 3.877366 1.289783 0.238552
v 3.897716 1.289923 0.237277
v 3.898997 1.280668 0.249615
v 3.878648 1.280640 0.250987
v 3.872799 1.328059 0.276786
v 3.893664 1.328358 0.274842
v 3.894793 1.320776 0.284674
v 3.873745 1.320591 0.286711
v 2.319207 -0.634015 2.095235
v 2.318089 -0.634015 2.107127
v 2.327555 -0.634825 2.114017
v 2.337495 -0.635586 2.108951
v 2.338613 -0.635586 2.097059
v 2.329791 -0.634825 2.090231
v 2.341735 -0.578005 2.096265
v 2.340617 -0.578091 2.108165
v 2.350822 -0.579144 2.115176
v 2.361220 -0.579929 2.110138
v 2.362345 -0.579875 2.098167
v 2.353069 -0.579088 2.091281
v 2.339854 -0.541325 2.093878
v 2.339081 -0.542086 2.107751
v 2.350850 -0.545361 2.116877
v 2.362756 -0.550619 2.112190
v 2.363778 -0.550474 2.098780
v 2.352675 -0.545059 2.089932
v 2.320302 -0.510718 2.087521
v 2.319387 -0.510294 2.103419
v 2.332371 -0.513356 2.114646
v 2.345723 -0.509683 2.111270
v 2.346405 -0.508587 2.095804
v 2.333705 -0.511814 2.083433
v 2.252635 -0.497744 2.044507
v 2.240468 -0.498471 2.130838
v 2.320493 -0.485063 2.196125
v 2.401278 -0.464804 2.158882
v 2.402446 -0.454976 2.077602
v 2.333741 -0.482309 2.015747
v 2.251554 -0.492449 2.043687
v 2.239383 -0.493032 2.130898
v 2.320019 -0.478955 2.197053
v 2.401485 -0.457385 2.159536
v 2.402789 -0.447023 2.077268
v 2.333339 -0.476141 2.014715
v 2.264057 -0.468239 2.049091
v 2.260799 -0.458002 2.116457
v 2.320266 -0.440487 2.169005
v 2.377001 -0.415726 2.145328
v 2.383368 -0.415064 2.076877
v 2.329942 -0.446755 2.032117
v 2.287476 -0.419575 2.068848
v 2.285105 -0.412990 2.104188
v 2.320445 -0.404145 2.133103
v 2.349231 -0.388699 2.123731
v 2.350841 -0.388698 2.088121
v 2.324114 -0.408945 2.061127
v 2.321245 -0.386610 2.096783
v 2.334225 -0.527749 2.091183
v 2.346360 -0.531867 2.087291
v 2.357070 -0.533320 2.097831
v 2.356245 -0.533690 2.112416
v 2.344874 -0.532453 2.116450
v 2.333457 -0.528364 2.106226
v 2.342122 -0.558391 2.095824
v 2.354455 -0.561898 2.091268
v 2.364430 -0.564199 2.098530
v 2.363276 -0.564403 2.110914
v 2.352259 -0.562091 2.116126
v 2.341136 -0.558804 2.108571
v 2.333887 -0.600601 2.095869
v 2.344974 -0.600989 2.090909
v 2.354058 -0.601341 2.097763
v 2.352941 -0.601341 2.109657
v 2.342736 -0.600989 2.114695
v 2.332768 -0.600601 2.107761
v 4.027573 -0.646492 0.499897
v 5.759622 -0.630562 0.499897
v 4.893598 -0.646492 -1.000101
v 4.893598 -0.630562 0.999898
v 5.759622 -0.630562 -0.500102
v 4.027573 -0.651689 -0.500102
v 4.893598 -0.421895 -0.000102
v 3.893599 -0.651689 -0.000102
v 4.393599 -0.635983 0.865922
v 4.893598 -0.466764 0.499897
v 4.460586 -0.563521 -0.250102
v 4.460586 -0.537059 0.249896
v 5.393597 -0.635983 0.865922
v 5.893598 -0.635983 -0.000102
v 5.326610 -0.466764 -0.250102
v 5.326612 -0.466764 0.249896
v 5.393597 -0.635983 -0.866128
v 4.393599 -0.651689 -0.866127
v 4.893598 -0.537059 -0.500102
v 4.244081 -0.630562 -0.375102
v 3.927674 -0.651689 -0.258921
v 4.177093 -0.627502 0.124897
v 4.460586 -0.537059 -0.000102
v 4.210586 -0.621778 -0.125101
v 3.927674 -0.650408 0.258717
v 4.186494 -0.641280 0.707005
v 4.427092 -0.584926 0.557909
v 4.193839 -0.625739 0.403904
v 4.634780 -0.632028 0.965824
v 4.893598 -0.563521 0.749898
v 4.677092 -0.466764 0.374896
v 4.660346 -0.550481 0.653904
v 4.893598 -0.421895 0.249896
v 4.677092 -0.466764 -0.125101
v 4.677092 -0.466764 0.124897
v 5.152417 -0.632028 0.965824
v 5.360104 -0.563521 0.557909
v 5.110103 -0.466764 0.374896
v 5.126851 -0.550481 0.653904
v 5.600704 -0.632028 0.707005
v 5.859523 -0.632028 0.258717
v 5.610104 -0.563521 0.124897
v 5.593357 -0.584584 0.403904
v 5.859523 -0.632028 -0.258921
v 5.543118 -0.563521 -0.375102
v 5.326610 -0.466764 -0.000102
v 5.576608 -0.550481 -0.125101
v 5.110103 -0.421895 -0.125101
v 5.110103 -0.421895 0.124897
v 5.600704 -0.632028 -0.707209
v 5.143598 -0.584926 -0.683115
v 5.110103 -0.466764 -0.375102
v 5.343355 -0.550481 -0.529108
v 5.152416 -0.641280 -0.966027
v 4.634780 -0.650408 -0.966027
v 4.643599 -0.627502 -0.683115
v 4.893598 -0.625739 -0.808115
v 4.186494 -0.651689 -0.707209
v 4.677092 -0.537059 -0.375102
v 4.443840 -0.621778 -0.529108
v 4.893598 -0.466764 -0.250102
v 4.831425 -0.506904 0.829417
v 4.827322 -0.460096 0.821300
v 4.851547 -0.426961 0.821152
v 4.899772 -0.426417 0.829670
v 4.937465 -0.458778 0.842079
v 4.941743 -0.505587 0.850186
v 4.910101 -0.538896 0.835772
v 4.861895 -0.539442 0.827117
v 4.789817 -0.531273 0.814987
v 4.781262 -0.438533 0.814982
v 4.821363 -0.372152 0.819462
v 4.919121 -0.371060 0.836773
v 4.994505 -0.435901 0.865457
v 5.003064 -0.528643 0.856774
v 4.939778 -0.593324 0.814243
v 4.842112 -0.594414 0.796933
v 4.803106 -0.410153 0.600016
v 4.794549 -0.306758 0.642854
v 4.857832 -0.235153 0.685386
v 4.955885 -0.234062 0.702696
v 5.031271 -0.304127 0.684644
v 5.039829 -0.407520 0.641804
v 4.976545 -0.480356 0.599273
v 4.878491 -0.481447 0.581964
v 4.839869 -0.303719 0.385044
v 4.831312 -0.200326 0.427884
v 4.894596 -0.128718 0.470416
v 4.992652 -0.127628 0.487725
v 5.068037 -0.197694 0.469671
v 5.076594 -0.301088 0.426834
v 5.013310 -0.373923 0.384301
v 4.915257 -0.375013 0.366992
v 4.880234 -0.204194 0.176437
v 4.871790 -0.109455 0.215702
v 4.933299 -0.046887 0.255036
v 5.029416 -0.051761 0.272753
v 5.104800 -0.116603 0.254701
v 5.113358 -0.209342 0.211862
v 5.050076 -0.274024 0.169329
v 4.953899 -0.271370 0.156027
v 4.914498 -0.110728 -0.028003
v 4.903743 -0.012149 -0.018949
v 4.967249 0.062575 0.001958
v 5.066900 0.060723 0.035897
v 5.142107 -0.009920 0.034261
v 5.150677 -0.101101 -0.004826
v 5.088131 -0.166488 -0.039704
v 4.990956 -0.173007 -0.039643
v 4.971441 -0.080080 -0.023923
v 4.966290 -0.030970 -0.017561
v 4.997890 0.006055 -0.007368
v 5.047613 0.006567 0.005833
v 5.085551 -0.028629 0.006907
v 5.089956 -0.075740 -0.008589
v 5.058688 -0.109326 -0.024062
v 5.009811 -0.111844 -0.027507
v 4.880425 -0.483239 0.842959
v 5.028507 -0.052266 -0.012957
v 1.813736 -0.680502 1.588533
v 1.810979 -0.680502 1.617856
v 1.834319 -0.682429 1.634841
v 1.858829 -0.684232 1.622355
v 1.861588 -0.684232 1.593032
v 1.839832 -0.682429 1.576195
v 1.840866 -0.516711 1.591072
v 1.838107 -0.516711 1.620419
v 1.863272 -0.524009 1.637700
v 1.888909 -0.528276 1.625279
v 1.891684 -0.528276 1.595764
v 1.868811 -0.524009 1.578781
v 1.842423 -0.410875 1.585463
v 1.840330 -0.410875 1.619648
v 1.868419 -0.420763 1.642065
v 1.896389 -0.429330 1.630372
v 1.898944 -0.429330 1.597309
v 1.872999 -0.420763 1.575632
v 1.806830 -0.345897 1.569512
v 1.804574 -0.345897 1.608713
v 1.836590 -0.344808 1.636396
v 1.869514 -0.344444 1.628069
v 1.871193 -0.344444 1.589936
v 1.839880 -0.344808 1.559431
v 1.649585 -0.371683 1.463450
v 1.619584 -0.371683 1.676325
v 1.816901 -0.358955 1.837301
v 2.016102 -0.346231 1.745467
v 2.018981 -0.346231 1.545054
v 1.849572 -0.358955 1.392536
v 1.646920 -0.359852 1.461429
v 1.616910 -0.359852 1.676466
v 1.815738 -0.345960 1.839590
v 2.016609 -0.332066 1.747086
v 2.019828 -0.332066 1.544231
v 1.848579 -0.345960 1.389987
v 1.677747 -0.331627 1.474752
v 1.669716 -0.331627 1.640861
v 1.816341 -0.318940 1.770429
v 1.956242 -0.306256 1.712049
v 1.971938 -0.306256 1.543270
v 1.840204 -0.318940 1.432897
v 1.735495 -0.296980 1.523470
v 1.729647 -0.296980 1.610606
v 1.816787 -0.290637 1.681906
v 1.887764 -0.284294 1.658799
v 1.891737 -0.284294 1.570988
v 1.825834 -0.290637 1.504430
v 1.818759 -0.279335 1.592351
v 1.830547 -0.372135 1.578542
v 1.860473 -0.378036 1.568944
v 1.886879 -0.380814 1.594934
v 1.884843 -0.380814 1.630893
v 1.856804 -0.378037 1.640847
v 1.828654 -0.372135 1.615634
v 1.845711 -0.455413 1.589872
v 1.875145 -0.468617 1.578545
v 1.899067 -0.475665 1.596388
v 1.896173 -0.475665 1.626920
v 1.869681 -0.468617 1.639834
v 1.843179 -0.455413 1.621293
v 1.830323 -0.598253 1.590092
v 1.857662 -0.600276 1.577872
v 1.880064 -0.602128 1.594769
v 1.877308 -0.602128 1.624091
v 1.852146 -0.600276 1.636517
v 1.827568 -0.598253 1.619416
v 0.948906 -0.369982 5.326215
v 0.454998 -0.698629 5.317540
v -0.148498 -0.698629 5.303875
v -0.631366 -0.369982 5.290363
v -0.804124 0.161777 5.283698
v -0.601752 0.693538 5.286150
v -0.105631 1.022184 5.295507
v 0.495342 1.022184 5.308386
v 0.965742 0.693538 5.318059
v 1.138548 0.161777 5.324733
v 1.014965 -0.424407 5.380372
v 0.470985 -0.787618 5.371363
v -0.193033 -0.787618 5.357175
v -0.723871 -0.424407 5.343103
v -0.914852 0.163281 5.335731
v -0.693988 0.750969 5.337572
v -0.148668 1.114179 5.346992
v 0.513602 1.114179 5.360641
v 1.032892 0.750969 5.371149
v 1.223875 0.163281 5.378525
v 1.119047 -0.443132 4.704595
v 0.560933 -0.806341 4.691226
v -0.118847 -0.806341 4.672179
v -0.661211 -0.443131 4.654547
v -0.852195 0.144556 4.647178
v -0.619500 0.732245 4.652666
v -0.058177 1.095452 4.667027
v 0.618157 1.095452 4.685005
v 1.142928 0.732245 4.697211
v 1.333912 0.144556 4.704587
v 1.159719 -0.461856 4.009257
v 0.596213 -0.825065 3.994226
v -0.089287 -0.825065 3.973411
v -0.635671 -0.461855 3.954545
v -0.826654 0.125832 3.947169
v -0.589287 0.713520 3.954102
v -0.021820 1.076729 3.970355
v 0.659719 1.076729 3.989942
v 1.377212 0.125832 4.010058
v 1.159719 -0.480580 3.301377
v 0.596213 -0.843791 3.286344
v -0.089287 -0.843791 3.265532
v -0.635671 -0.480580 3.246665
v -0.826654 0.107109 3.239290
v -0.589287 0.694797 3.246223
v -0.021820 1.058007 3.262474
v 0.659719 1.058007 3.282064
v 1.186227 0.694797 3.294802
v 1.377212 0.107109 3.302176
v 1.117949 -0.499304 2.580605
v 0.559383 -0.862515 2.567097
v -0.120139 -0.862515 2.548132
v -0.661894 -0.499304 2.530693
v -0.853636 0.087312 2.512796
v -0.623771 0.671667 2.476724
v -0.065962 1.032431 2.457015
v 0.609231 1.032431 2.474649
v 1.136756 0.671667 2.520681
v 1.332693 0.087312 2.570276
v 1.012062 -0.523776 1.834888
v 0.468653 -0.881239 1.831230
v -0.194927 -0.881239 1.817180
v -0.725547 -0.523776 1.798002
v -0.921061 0.039184 1.752757
v -0.709568 0.572618 1.677614
v -0.173794 0.902660 1.638533
v 0.484405 0.902486 1.650393
v 1.009016 0.575216 1.704266
v 1.216102 0.037668 1.794896
v 0.893650 -0.544422 1.090186
v 0.367523 -0.899963 1.092673
v -0.277940 -0.899963 1.085165
v -0.794775 -0.544344 1.070492
v -0.990344 -0.002433 1.027126
v -0.794337 0.508002 0.961831
v -0.275844 0.834257 0.933995
v 0.368261 0.833714 0.940404
v 0.886114 0.507155 0.977816
v 1.090703 -0.002880 1.049622
v 0.800052 -0.554894 0.364375
v 0.281688 -0.918687 0.367094
v -0.351967 -0.918687 0.366125
v -0.857682 -0.555545 0.361413
v -1.049755 0.013569 0.345254
v -0.858771 0.550683 0.324948
v -0.347986 0.890877 0.324120
v 0.289270 0.890035 0.325587
v 0.804716 0.559984 0.327858
v 1.000633 0.020082 0.349111
v 0.751606 -0.574200 -0.346315
v 0.229346 -0.937411 -0.341756
v -0.410597 -0.937411 -0.341756
v -0.920435 -0.574200 -0.346315
v -1.111727 0.014561 -0.353386
v -0.913488 0.608021 -0.345026
v -0.392278 0.977338 -0.325539
v 0.249050 0.977110 -0.325639
v 0.765297 0.609592 -0.342788
v 0.957050 0.015057 -0.353241
v 0.699277 -0.622455 -1.809720
v 0.166302 -1.011053 -1.830077
v -0.483238 -1.003184 -1.820259
v -0.997085 -0.599002 -1.791117
v -1.188069 0.014609 -1.775516
v -0.982953 0.617486 -1.744125
v -0.450983 0.979959 -1.724836
v 0.200394 0.979959 -1.724836
v 0.722944 0.617486 -1.744122
v 0.914458 0.007550 -1.776473
v 0.699277 -0.561010 -2.552112
v 0.166302 -0.947711 -2.592963
v -0.483238 -0.948182 -2.579229
v -0.997085 -0.560226 -2.526484
v -1.188069 0.066840 -2.485146
v -0.982953 0.672901 -2.421799
v -0.450983 1.033640 -2.383713
v 0.200394 1.033640 -2.383713
v 0.722944 0.672901 -2.421799
v 0.914458 0.065922 -2.485877
v 0.714313 -0.472992 -3.269994
v 0.184298 -0.840304 -3.316247
v -0.462659 -0.853063 -3.303077
v -0.975478 -0.490877 -3.257625
v -1.166460 0.120460 -3.193830
v -0.865777 0.800056 -3.233092
v -0.519674 1.035591 -3.203432
v 0.212943 1.085786 -3.073708
v 0.734509 0.726103 -3.118999
v 0.926172 0.130848 -3.193956
v 0.751357 -0.369026 -3.971963
v 0.229062 -0.728709 -4.017255
v -0.410929 -0.728709 -4.017255
v -0.920811 -0.369024 -3.971963
v -1.111727 0.212957 -3.898678
v -0.832346 0.845132 -3.695662
v -0.491039 1.080667 -3.666005
v 0.249050 1.154618 -3.780098
v 0.765297 0.794937 -3.825389
v 0.956933 0.212957 -3.898678
v 0.790262 -0.257429 -4.672973
v 0.278371 -0.617113 -4.718263
v -0.352084 -0.617113 -4.718263
v -0.858015 -0.257429 -4.672973
v -1.048995 0.324554 -4.599687
v -0.853677 0.906533 -4.526403
v -0.341508 1.266216 -4.481110
v 0.289078 1.266216 -4.481110
v 0.797061 0.906533 -4.526403
v 0.988348 0.324554 -4.599687
v 0.888158 -0.202748 -5.383346
v 0.337403 -0.597607 -5.433070
v -0.344550 -0.597607 -5.433070
v -0.895418 -0.202748 -5.383346
v -1.105079 0.436149 -5.302888
v -0.893925 1.075045 -5.222443
v -0.341549 1.469904 -5.172720
v 0.339261 1.469904 -5.172720
v 0.888158 1.075045 -5.222443
v 1.097818 0.436149 -5.302888
v 0.802887 -0.151782 -5.313915
v 0.303536 -0.509065 -5.358905
v -0.314360 -0.509065 -5.358905
v -0.813083 -0.151782 -5.313915
v -1.002790 0.426317 -5.241118
v -0.811517 1.004410 -5.168322
v -0.310939 1.361692 -5.123331
v 0.306024 1.361692 -5.123331
v 0.803641 1.004410 -5.168322
v 0.993349 0.426314 -5.241118
v 1.004076 -0.379132 4.754961
v 0.503293 -0.707777 4.744165
v -0.107959 -0.707777 4.728114
v -0.596566 -0.379131 4.712823
v -0.769374 0.152629 4.706152
v -0.561114 0.684390 4.710413
v -0.057155 1.013033 4.722189
v 0.550668 1.013033 4.737182
v 1.023747 0.684390 4.747679
v 1.196484 0.152629 4.754332
v 0.264162 -0.479384 -5.009214
v -0.302743 -0.479384 -5.009214
v -0.758805 -0.153929 -4.968233
v -0.931614 0.372666 -4.901922
v -0.756052 0.899263 -4.835611
v -0.296144 1.224717 -4.794629
v 0.270510 1.224717 -4.794629
v 0.727347 0.899263 -4.835611
v 0.900154 0.372666 -4.901922
v 0.723673 -0.153931 -4.968233
v 0.791341 -0.446283 6.264445
v 0.388528 -0.826265 6.608822
v 0.507564 -0.929414 6.663007
v 0.960787 -0.509367 6.318966
v 0.840403 0.008516 6.281031
v 1.020647 0.010084 6.329761
v -0.054947 0.926869 6.524867
v 0.533891 0.983017 6.792549
v 0.578448 1.182713 6.907294
v -0.183425 1.118914 6.601925
v 0.796420 0.775188 6.341838
v 0.950785 0.890978 6.396550
v 0.874573 0.223622 6.518139
v 1.067110 0.174335 6.597991
v -0.704945 -0.491243 6.444010
v -0.932413 0.114464 6.077313
v -1.180562 0.116598 6.144395
v -0.929594 -0.568494 6.512016
v -0.750338 0.608101 6.437235
v -0.974639 0.689619 6.503536
v -0.184784 0.962516 6.406892
v -0.345649 1.093095 6.473277
v 0.430677 -0.793031 6.735140
v -0.119479 -0.818322 6.605147
v -0.261374 -0.985221 6.663257
v 0.433470 -0.912993 6.810144
v -0.606426 -0.495730 6.297717
v -0.811165 -0.616033 6.342259
v 0.941591 0.828878 4.244516
v 1.144674 0.699892 4.331009
v 0.878070 0.917110 4.012650
v 1.224815 0.450429 4.222910
v 1.278610 0.381900 3.982094
v 1.191893 0.681604 3.663738
v 0.931867 0.848582 3.771838
v 1.215089 0.470132 3.750232
v 1.524944 1.157560 4.592887
v 1.597118 1.017426 4.651205
v 1.491512 1.219333 4.440199
v 1.665756 0.881021 4.580989
v 1.690651 0.828249 4.423373
v 1.585045 1.030156 4.212366
v 1.516406 1.166560 4.282582
v 1.657218 0.890023 4.270685
v 2.028458 1.412372 4.546055
v 2.081937 1.308535 4.589266
v 2.144534 1.347603 4.426157
v 2.003685 1.458146 4.432912
v 2.132797 1.207462 4.537234
v 2.151244 1.168360 4.420447
v 2.072990 1.317969 4.264097
v 2.022131 1.419042 4.316124
v 2.126471 1.214133 4.307305
v 1.758187 1.213443 4.594589
v 1.773256 1.184939 4.615964
v 1.844254 1.229381 4.593463
v 1.833090 1.250504 4.577625
v 1.753433 1.318701 4.878614
v 1.760933 1.297627 4.885972
v 1.796503 1.330963 4.879802
v 1.790946 1.346578 4.874350
v 1.738503 1.265946 5.083820
v 1.744554 1.254430 5.088623
v 1.773253 1.272645 5.084593
v 1.768770 1.281177 5.081036
v 1.722370 1.357900 5.331995
v 1.725989 1.351009 5.334869
v 1.743162 1.361905 5.332457
v 1.740479 1.367012 5.330327
v -0.993826 1.002156 -3.261065
v -0.795439 1.137478 -3.228422
v -0.778528 1.163375 -3.547456
v -0.975079 1.028052 -3.554036
v -1.071001 1.388224 -3.170289
v -0.953331 1.425550 -3.159984
v -0.942907 1.441207 -3.320685
v -1.059863 1.403883 -3.330989
v -1.011803 1.461192 -3.194051
v -1.008217 1.400831 -3.119812
v -0.924634 1.463418 -3.216369
v -0.994372 1.420938 -3.326159
v -1.077955 1.408206 -3.229600
v -0.730398 0.935136 -3.256539
v -0.692723 0.917823 -3.218263
v -0.620822 1.012332 -3.269793
v -0.897602 1.065500 -3.224672
v -0.833599 0.867197 -3.300420
v -0.587189 1.053899 -3.433047
v -0.602684 1.040107 -3.611971
v -0.751765 1.167469 -3.384223
v -0.704901 0.972169 -3.636591
v -0.661693 0.962900 -3.680834
v -0.813490 0.894971 -3.614643
v -0.873830 1.100030 -3.579019
v -0.848844 0.874593 -3.454975
v -0.995725 1.000288 -3.408454
v -0.980178 1.244833 -3.154557
v -0.890670 1.307893 -3.185899
v -1.064483 1.189335 -3.200828
v -0.844752 1.321298 -3.305744
v -0.875854 1.330582 -3.418740
v -0.959351 1.275087 -3.465011
v -1.048058 1.212024 -3.433669
v -1.058492 1.174827 -3.324188
v -0.866178 0.804426 -6.051421
v -0.715882 1.521250 -6.326714
v -0.583323 1.426245 -6.260488
v -0.698698 0.842300 -6.010895
v -0.263579 1.724643 -5.908019
v -0.222510 1.529966 -5.890279
v 0.323997 1.820540 -6.092656
v 0.245342 1.615329 -6.040969
v 0.955145 -0.254993 -5.973561
v 0.308892 -0.547846 -6.223050
v 0.254216 -0.395521 -6.103304
v 0.817466 -0.167314 -5.861457
v -0.302675 -0.558766 -5.734758
v -0.253930 -0.375638 -5.671463
v -0.792689 -0.169209 -6.075702
v -0.659753 -0.081528 -5.963599
v -0.978306 0.706686 -6.268462
v -0.813155 0.689764 -6.168726
v 0.429039 1.519760 -6.018041
v 1.049078 1.205788 -5.726010
v 0.879316 1.038071 -5.670320
v 0.395747 1.269034 -5.932673
v 1.240950 0.809718 -5.915698
v 1.024071 0.762764 -5.827888
v 0.953141 -0.053567 -5.954085
v 0.794086 0.076786 -5.852448
v -0.082453 0.152629 4.722988
v 0.527399 0.152629 4.737934
v 0.267334 0.372666 -4.901922
v -0.299445 0.372666 -4.901922
v 1.758206 1.338518 5.322847
v 1.719796 1.527819 5.234742
v 1.709302 1.816475 5.434895
v 1.756013 1.500005 5.360703
v 1.719796 1.468939 5.485905
v -7.130430 1.192888 -7.013402
v -6.961456 1.109812 -6.692286
v -7.103629 3.215774 -6.585052
v -7.375347 3.217669 -6.837373
v -7.791281 1.242060 -7.251058
v -7.433659 1.226088 -7.198448
v -7.614345 3.215742 -6.933922
v -7.996365 3.209026 -6.963494
v -8.746393 1.123141 -6.806713
v -8.363249 1.200387 -7.070807
v -8.305656 3.199072 -6.901730
v -8.658044 3.173588 -6.734188
v -9.319146 0.951137 -6.104128
v -9.140794 1.018626 -6.440980
v -8.916242 3.140703 -6.511552
v -9.128537 3.099616 -6.198364
v -9.446614 0.880102 -5.115812
v -9.404569 0.886146 -5.612757
v -9.215967 3.069697 -5.918647
v -9.193363 3.045773 -5.555521
v -9.212766 0.841884 -4.407225
v -9.404998 0.885170 -4.660179
v -9.080640 3.036898 -5.303089
v -8.819401 3.019924 -5.035095
v -8.253750 0.651082 -4.102272
v -8.690555 0.740608 -4.154571
v -8.545079 3.000629 -4.909260
v -8.170602 2.996499 -4.874379
v -7.425562 0.654220 -4.564387
v -7.746983 0.610867 -4.271964
v -7.822620 3.012867 -4.953706
v -7.476640 3.047407 -5.135038
v -6.932687 0.743257 -5.600989
v -7.063937 0.681996 -5.213118
v -7.214987 3.094927 -5.367648
v -7.015260 3.153188 -5.685032
v -6.913620 0.956483 -6.294720
v -6.900001 0.836207 -5.964685
v -6.945847 3.189939 -5.978307
v -6.993172 3.210637 -6.360062
v -7.130325 5.246386 -6.632304
v -7.404375 5.248094 -6.907633
v -7.594222 5.247107 -6.999559
v -7.978744 5.250969 -7.054492
v -8.231835 5.232288 -7.011439
v -8.583286 5.237616 -6.846759
v -8.804844 5.199635 -6.657453
v -9.015440 5.203552 -6.331974
v -9.093216 5.169550 -6.074038
v -9.071944 5.168649 -5.686972
v -8.979055 5.148942 -5.458919
v -8.713652 5.144404 -5.175490
v -8.472425 5.148609 -5.056330
v -8.087621 5.143886 -5.003468
v -7.781328 5.178179 -5.066388
v -7.438410 5.174500 -5.248115
v -7.224295 5.212950 -5.465502
v -7.041801 5.212030 -5.807729
v -6.992980 5.236789 -6.063460
v -7.042166 5.238958 -6.448181
v -7.152145 6.612168 -6.603849
v -7.426488 6.614113 -6.880887
v -7.581518 6.614113 -6.956746
v -7.966087 6.612068 -7.012979
v -8.178604 6.609911 -6.977636
v -8.530614 6.602906 -6.813557
v -8.721677 6.596688 -6.650122
v -8.933784 6.580802 -6.324970
v -9.001035 6.579245 -6.099753
v -8.983604 6.558879 -5.711885
v -8.903287 6.571135 -5.515128
v -8.639623 6.561197 -5.228775
v -8.433656 6.561098 -5.125202
v -8.048104 6.565550 -5.073420
v -7.781385 6.571548 -5.127100
v -7.439805 6.581507 -5.311789
v -7.252386 6.588719 -5.501967
v -7.071714 6.604441 -5.846143
v -7.029466 6.592784 -6.065775
v -7.079510 6.610577 -6.451689
v -7.172965 7.670146 -6.445256
v -7.446072 7.712315 -6.718301
v -7.574412 7.683490 -6.787875
v -7.958273 7.695483 -6.846062
v -8.134931 7.704427 -6.816826
v -8.487990 7.688976 -6.655507
v -8.644825 7.730391 -6.512301
v -8.857418 7.695204 -6.188963
v -8.908487 7.756616 -5.992029
v -8.889510 7.740135 -5.601979
v -8.823232 7.743516 -5.437345
v -8.559224 7.747584 -5.147113
v -8.388725 7.747650 -5.059385
v -8.003961 7.743375 -5.005073
v -7.781860 7.738591 -5.048888
v -7.438391 7.729019 -5.234010
v -7.281902 7.723275 -5.392933
v -7.099661 7.745176 -5.737467
v -7.063502 7.672994 -5.928698
v -7.114744 7.731040 -6.309496
v -7.189781 8.806854 -6.229014
v -7.460098 8.797360 -6.513208
v -7.573123 8.780383 -6.575870
v -7.955827 8.790664 -6.639600
v -8.109936 8.815456 -6.612912
v -8.464069 8.789085 -6.456401
v -8.597738 8.874778 -6.324224
v -8.808313 8.871629 -5.994487
v -8.857256 8.887359 -5.816470
v -8.834543 8.919228 -5.418886
v -8.775278 8.929128 -5.267374
v -8.516607 8.918627 -4.976030
v -8.362705 8.955811 -4.888364
v -7.979583 8.941275 -4.829385
v -7.782621 8.899599 -4.871580
v -7.439033 8.937390 -5.047011
v -7.298635 8.834959 -5.203710
v -7.118202 8.904196 -5.539635
v -7.086841 8.837940 -5.711980
v -7.134258 8.813148 -6.108409
v -7.243041 10.149630 -5.962153
v -7.495556 10.191879 -6.224306
v -7.609977 10.163235 -6.292759
v -7.971040 10.182512 -6.356570
v -8.117074 10.187733 -6.336733
v -8.452749 10.167909 -6.189760
v -8.575027 10.279312 -6.059841
v -8.770376 10.220862 -5.756064
v -8.806919 10.362958 -5.571331
v -8.788133 10.293257 -5.213511
v -8.725496 10.407121 -5.048364
v -8.486282 10.352013 -4.777677
v -8.342496 10.378363 -4.692728
v -7.981585 10.372026 -4.630926
v -7.802870 10.316537 -4.666255
v -7.478831 10.363646 -4.830299
v -7.349060 10.250757 -4.972603
v -7.181102 10.322756 -5.288424
v -7.143223 10.179675 -5.467043
v -7.193511 10.256194 -5.821251
v -7.311416 11.735265 -5.705779
v -7.542084 11.765852 -5.952527
v -7.662963 11.767155 -6.020252
v -7.996311 11.774694 -6.086286
v -8.140226 11.775976 -6.069585
v -8.450891 11.789706 -5.929029
v -8.569549 11.804241 -5.821766
v -8.744327 11.791938 -5.531066
v -8.785335 11.910554 -5.356299
v -8.757515 11.860085 -5.021886
v -8.696962 11.959337 -4.859057
v -8.471726 11.943031 -4.605177
v -8.332547 11.943884 -4.526341
v -7.998447 11.932655 -4.464026
v -7.834281 11.921037 -4.488453
v -7.528140 11.888509 -4.641024
v -7.404341 11.865666 -4.763495
v -7.243231 11.878884 -5.062142
v -7.212518 11.759464 -5.232655
v -7.252548 11.815021 -5.565321
v -7.330833 13.367657 -5.559189
v -7.559555 13.359432 -5.811562
v -7.692680 13.360253 -5.887450
v -8.025565 13.364115 -5.956127
v -8.179607 13.367300 -5.938863
v -8.490476 13.383376 -5.798177
v -8.611623 13.395043 -5.688245
v -8.784183 13.424404 -5.391615
v -8.821652 13.439585 -5.224773
v -8.791356 13.468684 -4.883261
v -8.725130 13.481448 -4.726147
v -8.499508 13.495209 -4.470771
v -8.355667 13.495869 -4.388302
v -8.022276 13.488071 -4.322264
v -7.856108 13.479893 -4.343866
v -7.548067 13.457309 -4.491142
v -7.424865 13.443694 -4.608488
v -7.259670 13.414329 -4.909687
v -7.227365 13.400503 -5.073588
v -7.265980 13.375733 -5.414605
v -6.899049 -0.015075 -7.885578
v -6.780848 -0.091282 -7.385531
v -7.034904 0.377851 -7.327702
v -7.171733 0.426450 -7.768278
v -5.857098 -0.079309 -6.625573
v -5.712961 -0.069991 -6.291610
v -6.241472 0.300115 -6.346400
v -6.381379 0.310814 -6.653160
v -7.397121 -0.059162 -9.394053
v -7.001857 -0.077873 -9.295736
v -7.364856 0.369073 -8.872300
v -7.734197 0.371444 -8.939452
v -9.222837 0.048697 -7.479072
v -8.796918 0.066760 -7.696621
v -8.806102 0.383893 -7.469047
v -9.181014 0.336049 -7.223864
v -11.088314 -0.008415 -7.283755
v -11.040673 0.024505 -7.767260
v -10.695312 0.232278 -7.383427
v -10.715200 0.186156 -6.935267
v -9.809292 -0.087493 -5.409878
v -9.952130 -0.128480 -6.138008
v -9.776520 0.134705 -5.949549
v -9.616752 0.189211 -5.302012
v -10.450986 0.062463 -2.427899
v -10.816091 0.062104 -2.632676
v -10.298997 0.279895 -3.037504
v -9.969388 0.304874 -2.863917
v -8.240682 -0.285593 -2.961303
v -8.855268 -0.026954 -3.171650
v -8.641311 0.281502 -3.476183
v -8.092552 0.085898 -3.399440
v -6.260771 -0.442829 -2.495650
v -6.573826 -0.195425 -2.332083
v -6.828414 0.007067 -3.004799
v -6.623919 -0.089569 -3.329823
v -6.555011 -0.265443 -4.914320
v -6.731771 -0.400270 -4.323982
v -6.789158 0.075034 -4.754090
v -6.725258 0.151206 -5.310635
v -6.076549 -0.854403 -11.774454
v -5.445407 -0.860518 -11.541213
v -5.545473 -0.862184 -9.016561
v -5.331453 -0.966164 -8.172317
v -9.701980 -0.856126 -9.093309
v -8.930316 -0.835327 -9.314682
v -12.759190 -0.932580 -9.113889
v -12.550772 -0.898362 -9.859339
v -11.022734 -0.983309 -5.915907
v -11.160230 -1.005937 -7.085847
v -12.553238 -0.989799 -0.776248
v -13.110938 -0.986504 -1.221684
v -8.645801 -1.392672 -0.992888
v -9.691632 -1.041633 -1.699639
v -5.259520 -1.052600 0.646979
v -5.740175 -0.857896 1.113595
v -5.476513 -1.063096 -4.036348
v -5.850148 -1.561045 -2.762921
v -3.289362 -0.807831 -6.847126
v -3.111587 -0.771893 -6.269670
v -8.013660 7.994194 -4.810944
v -8.215188 8.170772 -4.749531
v -8.048591 8.648719 -4.706983
v -8.229658 8.441886 -4.706469
v -7.562049 8.222419 -4.855244
v -7.743119 8.015585 -4.854731
v -7.576521 8.493531 -4.812181
v -7.778051 8.670113 -4.750768
v -7.965110 7.988864 -4.255581
v -8.098974 8.118827 -4.236533
v -7.969727 8.439027 -4.207251
v -8.100883 8.305292 -4.216516
v -7.646554 8.125260 -4.253239
v -7.777713 7.991530 -4.262503
v -7.648467 8.311726 -4.233219
v -7.782327 8.441691 -4.214173
v -7.877460 7.854052 -2.130716
v -8.014863 7.987454 -2.111165
v -7.882197 8.316116 -2.081110
v -8.016825 8.178846 -2.090617
v -7.550480 7.994057 -2.128312
v -7.685106 7.856785 -2.137817
v -7.552442 8.185449 -2.107764
v -7.689846 8.318853 -2.088212
v -7.630040 8.838094 0.681121
v -7.734821 8.900173 0.660589
v -7.697834 9.119573 0.609829
v -7.762902 9.016767 0.631058
v -7.444868 8.969703 0.659398
v -7.509938 8.866897 0.680627
v -7.472948 9.086300 0.629866
v -7.577729 9.148376 0.609334
v -7.921284 7.857176 -3.222237
v -8.056918 7.988859 -3.202939
v -8.058854 8.177787 -3.182656
v -7.925962 8.313288 -3.173269
v -7.736086 8.315989 -3.180280
v -7.600456 8.184304 -3.199580
v -7.598518 7.995376 -3.219865
v -7.731409 7.859876 -3.229248
v -7.831041 8.092667 -1.044822
v -7.932232 8.213993 -1.032572
v -7.925325 8.368381 -1.065675
v -7.814368 8.465388 -1.124741
v -7.664357 8.448193 -1.175168
v -7.563167 8.326864 -1.187416
v -7.570070 8.172477 -1.154313
v -7.681028 8.075470 -1.095248
v 1.452881 -0.705604 3.385042
v 1.850607 -0.826245 3.309536
v 2.192856 -0.669018 3.111734
v 2.274149 -0.658381 2.754760
v 1.536077 -0.395022 3.497364
v 2.010900 -0.409037 3.515421
v 2.301527 -0.372049 3.268990
v 2.419324 -0.379995 2.803144
v 1.471022 -0.121502 3.480723
v 1.933711 -0.004172 3.389349
v 2.208526 0.031924 3.237643
v 2.328149 -0.162559 2.903544
v 1.662985 0.119356 3.143744
v 1.995788 0.138637 2.936342
v 1.423094 0.263890 2.813212
v 1.734095 0.172450 2.560357
v 1.328325 0.155036 2.558672
v 1.506599 0.108614 2.304971
v 0.981238 0.073416 2.650811
v 1.188495 0.055413 2.284906
v 1.300905 0.103549 2.098906
v 1.516526 0.077184 2.054261
v 0.761880 -0.297393 2.590476
v 0.871790 -0.436425 2.268271
v 1.170870 -0.351474 1.743943
v 1.386965 -0.358101 1.765490
v 0.786287 -0.599909 2.514132
v 1.029939 -0.837031 2.292855
v 1.355622 -0.709387 1.983710
v 1.686846 -0.651083 1.837487
v 0.826578 -0.561817 2.858299
v 1.163364 -0.931716 2.579742
v 1.648602 -0.962735 2.212732
v 1.960238 -0.675630 2.014820
v 0.956515 -0.570679 3.185828
v 1.334289 -0.943115 2.956611
v 1.876877 -0.979107 2.449494
v 2.196191 -0.714606 2.262999
v 1.170952 -0.625752 3.352077
v 1.656142 -0.786418 3.156898
v 2.047319 -0.736891 2.766470
v 2.277451 -0.711152 2.485675
v 1.880501 -0.352513 1.978417
v 2.195678 -0.293750 2.185885
v 2.335630 -0.360638 2.529452
v 1.675717 0.014015 2.155449
v 1.981289 0.040098 2.301393
v 2.170699 -0.010519 2.648130
v 0.758366 -0.175429 2.984571
v 0.879683 -0.166936 3.393287
v 1.177558 -0.304283 3.486735
v 1.006974 0.188091 2.872866
v 1.285002 0.187609 3.081748
v 1.318365 0.040025 3.337173
v 1.475123 -0.709533 4.066199
v 1.514593 -0.709533 4.051241
v 1.496331 -0.709533 4.011137
v 1.456861 -0.709533 4.025902
v 1.482485 -0.608841 4.086265
v 1.521208 -0.608841 4.076932
v 1.502946 -0.608841 4.037036
v 1.464222 -0.608841 4.046224
v 1.478853 -0.521572 4.089061
v 1.513446 -0.521601 4.085591
v 1.497517 -0.521572 4.050273
v 1.462943 -0.521687 4.053778
v 1.468761 -0.433520 4.076175
v 1.497100 -0.433520 4.074311
v 1.484322 -0.433520 4.046237
v 1.455733 -0.433520 4.048645
v 1.465001 -0.344797 4.059021
v 1.490032 -0.344574 4.055750
v 1.479145 -0.344574 4.031402
v 1.454126 -0.344626 4.034745
v 1.465853 -0.279684 4.058672
v 1.484422 -0.277288 4.052081
v 1.476450 -0.274834 4.035083
v 1.458598 -0.276091 4.043193
v 1.464203 -0.191341 4.080092
v -48.109512 -0.621304 30.294960
v 12.480617 -0.621304 30.294960
v -48.109512 -0.621304 -30.295166
v 12.480617 -0.621304 -30.295166
# 1288 normals
vn 0.101782 -0.638436 0.762864
vn 0.151987 -0.651682 0.743026
vn 0.164042 -0.654489 0.737960
vn 0.101782 -0.638436 0.762864
vn 0.543734 0.685131 0.484557
vn 0.525209 0.679515 0.512116
vn 0.530153 0.681102 0.504914
vn 0.543765 0.685131 0.484496
vn -0.823598 0.331350 0.460172
vn -0.834615 0.392724 0.385949
vn -0.834615 0.392755 0.385888
vn -0.823598 0.331350 0.460172
vn -0.545596 -0.684063 -0.483947
vn -0.545535 -0.684063 -0.484008
vn -0.545566 -0.684032 -0.483977
vn -0.545627 -0.684032 -0.483947
vn 0.409876 0.285937 -0.866081
vn 0.409876 0.285937 -0.866081
vn 0.409876 0.285937 -0.866081
vn 0.409876 0.285937 -0.866081
vn -0.822407 0.547671 0.153299
vn -0.822407 0.547671 0.153299
vn -0.750839 0.655558 -0.079717
vn -0.750870 0.655527 -0.079595
vn 0.155527 -0.602271 0.782915
vn 0.172191 -0.608466 0.774644
vn 0.560032 0.706830 0.432033
vn 0.482024 0.665690 0.569584
vn -0.545535 -0.683941 -0.484160
vn -0.545657 -0.683971 -0.483977
vn 0.064182 -0.589544 0.805103
vn 0.073918 -0.596808 0.798907
vn 0.108039 -0.621376 0.775896
vn 0.108039 -0.621376 0.775896
vn 0.564427 0.711133 0.418940
vn 0.566197 0.711805 0.415400
vn 0.566197 0.711805 0.415400
vn -0.708997 0.684795 -0.168284
vn -0.708997 0.684795 -0.168284
vn -0.545596 -0.683910 -0.484160
vn -0.545596 -0.683880 -0.484160
vn -0.545596 -0.683880 -0.484160
vn 0.543826 0.685192 0.484374
vn -0.545382 -0.684063 -0.484160
vn 0.512849 -0.350699 -0.783465
vn -0.220198 -0.743881 -0.630898
vn 0.594824 0.793505 0.127907
vn 0.847037 0.372398 -0.379112
vn -0.738357 -0.652078 -0.171733
vn -0.901636 -0.188274 0.389275
vn -0.537142 0.471495 0.699261
vn 0.080083 0.841482 0.534273
vn 0.537112 -0.511414 -0.670634
vn -0.005738 -0.939449 -0.342550
vn 0.097540 -0.937954 -0.332448
vn 0.650308 -0.442105 -0.617683
vn 0.313892 0.871116 -0.377464
vn 0.681438 0.259934 -0.684032
vn 0.767900 0.320027 -0.554721
vn 0.422694 0.879021 -0.220198
vn -0.545108 -0.836965 0.047336
vn -0.872001 -0.367912 0.322590
vn -0.839437 -0.366020 0.401605
vn -0.493866 -0.865501 0.082738
vn -0.864585 0.331807 0.377190
vn -0.783373 0.379753 0.491882
vn -0.372581 0.923701 0.088995
vn -0.228987 0.947171 0.224409
vn 0.114387 -0.932125 -0.343344
vn 0.691143 -0.421870 -0.586675
vn 0.824666 0.342001 -0.450253
vn 0.498627 0.863853 -0.070530
vn -0.819966 -0.368950 0.437557
vn -0.484618 -0.871544 0.073003
vn -0.706830 0.393426 0.587835
vn -0.114875 0.926173 0.358939
vn 0.646982 -0.402582 -0.647378
vn 0.044528 -0.890252 -0.453183
vn -0.108039 -0.813831 -0.570866
vn 0.532717 -0.410303 -0.740096
vn 0.534365 0.844839 0.025484
vn 0.835470 0.353324 -0.420833
vn 0.858573 0.304279 -0.412531
vn 0.625496 0.769639 0.127205
vn -0.535097 -0.843374 -0.048556
vn -0.855490 -0.368339 0.363639
vn -0.882927 -0.349509 0.313252
vn -0.623512 -0.764695 -0.162272
vn -0.697858 0.387414 0.602240
vn -0.646676 0.356803 0.673991
vn -0.063877 0.894983 0.441342
vn 0.048679 0.823201 0.565525
vn 0.067356 -0.705609 -0.705243
vn 0.038180 -0.035738 -0.998566
vn 0.047702 0.038516 -0.998077
vn 0.044406 -0.670573 -0.740371
vn 0.002411 0.685253 -0.728285
vn 0.044284 0.728224 -0.683788
vn -0.021821 0.999756 0.001770
vn 0.027681 0.999359 0.021882
vn -0.021516 0.673595 0.738693
vn 0.000153 0.695477 0.718458
vn 0.007447 -0.073979 0.997223
vn -0.013734 -0.016633 0.999756
vn 0.048190 -0.743698 0.666667
vn 0.001160 -0.712690 0.701398
vn 0.073521 -0.996551 -0.035860
vn 0.028963 -0.998932 -0.034029
vn 0.121559 0.991821 0.038302
vn 0.123421 0.728652 -0.673564
vn 0.055271 0.680400 0.730605
vn -0.032808 -0.028475 0.998962
vn -0.084752 -0.715406 0.693402
vn -0.074376 -0.996460 -0.037325
vn -0.012330 -0.668223 -0.743789
vn 0.066136 0.044040 -0.996765
vn 0.055759 0.040988 -0.997589
vn -0.076360 -0.668650 -0.739578
vn 0.164530 0.720320 -0.673808
vn 0.185436 0.981871 0.039248
vn 0.102240 0.671275 0.734084
vn -0.034731 -0.033175 0.998779
vn -0.140603 -0.712415 0.687481
vn -0.157816 -0.986785 -0.033907
vn 0.051120 0.032076 -0.998108
vn -0.107917 -0.672587 -0.732009
vn 0.182598 0.710615 -0.679424
vn 0.209577 0.977171 0.031832
vn 0.113746 0.672648 0.731002
vn -0.047702 -0.029390 0.998352
vn -0.176341 -0.708631 0.683117
vn -0.201154 -0.979003 -0.030611
vn 0.054996 0.020479 -0.998199
vn -0.108069 -0.685253 -0.720198
vn 0.182903 0.706556 -0.683574
vn 0.201489 0.979033 0.027193
vn 0.099341 0.679576 0.726759
vn -0.063236 -0.019685 0.997772
vn -0.189098 -0.703473 0.684978
vn -0.207044 -0.978087 -0.020295
vn 0.039279 0.004517 -0.999206
vn -0.096441 -0.704785 -0.702802
vn 0.143075 0.705457 -0.693982
vn 0.154581 0.987823 0.016145
vn 0.069127 0.691113 0.719343
vn -0.063206 -0.011506 0.997925
vn -0.165537 -0.703595 0.690930
vn -0.178691 -0.983886 -0.004517
vn 0.019319 -0.011506 -0.999725
vn -0.071019 -0.725295 -0.684673
vn 0.086401 0.703382 -0.705396
vn 0.090246 0.995880 -0.004395
vn 0.030001 0.712476 0.701032
vn -0.058689 0.005402 0.998169
vn -0.123238 -0.703168 0.700085
vn -0.127083 -0.991790 0.012177
vn 0.044650 -0.046969 -0.997864
vn -0.018586 -0.750443 -0.660502
vn 0.070286 0.679607 -0.730178
vn 0.039645 0.997894 -0.051120
vn -0.028536 0.749741 0.661021
vn -0.090582 0.047336 0.994690
vn -0.108191 -0.686993 0.718519
vn -0.078282 -0.996185 0.036715
vn 0.118202 -0.121071 -0.985534
vn 0.058048 -0.793139 -0.606086
vn 0.099890 0.619148 -0.778826
vn 0.009095 0.990905 -0.133584
vn -0.100226 0.801379 0.589575
vn -0.159006 0.129830 0.978636
vn -0.128792 -0.629677 0.765977
vn -0.039156 -0.993866 0.103156
vn 0.172008 -0.217756 -0.960691
vn 0.109656 -0.848959 -0.516908
vn 0.125954 0.532900 -0.836660
vn -0.003174 0.971281 -0.237624
vn -0.136697 0.853781 0.502136
vn -0.191326 0.235274 0.952878
vn -0.139626 -0.528658 0.837240
vn -0.016450 -0.974944 0.221510
vn 0.155436 -0.330831 -0.930782
vn 0.116218 -0.908503 -0.401209
vn 0.092993 0.433803 -0.896142
vn -0.030611 0.938809 -0.342947
vn -0.130318 0.900873 0.413905
vn -0.148233 0.342825 0.927577
vn -0.088628 -0.413050 0.906305
vn 0.015138 -0.933498 0.358237
vn 0.056614 -0.428371 -0.901788
vn 0.071049 -0.951230 -0.299823
vn 0.005310 0.343893 -0.938961
vn -0.042086 0.898004 -0.437862
vn -0.079564 0.967100 0.241287
vn -0.047458 0.350455 0.935360
vn 0.014893 -0.304035 0.952512
vn 0.050021 -0.883477 0.465666
vn -0.071202 -0.489471 -0.869041
vn -0.015229 -0.972197 -0.233565
vn -0.071904 0.282366 -0.956571
vn -0.016206 0.867271 -0.497375
vn 0.081273 0.987914 0.131813
vn -0.582036 0.708692 -0.398584
vn -0.395776 -0.555362 0.731246
vn 0.495025 -0.467771 0.732131
vn 0.382988 0.822468 -0.420253
vn 0.121986 -0.245102 0.961698
vn 0.153177 0.423823 0.892602
vn 0.062962 -0.852866 0.518190
vn -0.165995 -0.515565 -0.840536
vn -0.076390 -0.975920 -0.204145
vn -0.135293 0.249924 -0.958738
vn -0.008820 0.850241 -0.526125
vn 0.141274 0.968107 0.206708
vn 0.228652 0.523225 0.820851
vn 0.200696 -0.230941 0.951932
vn 0.074925 -0.845389 0.528841
vn -0.215803 -0.516938 -0.828267
vn -0.097662 -0.974608 -0.201276
vn -0.182232 0.247024 -0.951627
vn -0.024019 0.848044 -0.529238
vn 0.168528 0.966307 0.194317
vn 0.283312 0.520601 0.805316
vn 0.251328 -0.234939 0.938900
vn 0.094152 -0.848105 0.521242
vn -0.237655 -0.504975 -0.829732
vn -0.098364 -0.969542 -0.223799
vn -0.213972 0.259446 -0.941647
vn -0.045504 0.857169 -0.513001
vn 0.171214 0.963194 0.206830
vn 0.308429 0.504242 0.806537
vn 0.283098 -0.255936 0.924220
vn 0.114265 -0.861350 0.494812
vn -0.230056 -0.472471 -0.850760
vn -0.078618 -0.957578 -0.276903
vn -0.227400 0.294207 -0.928188
vn -0.070714 0.879112 -0.471129
vn 0.148782 0.956357 0.251328
vn 0.302142 0.472441 0.827901
vn 0.295154 -0.295123 0.908594
vn 0.135537 -0.884453 0.446377
vn -0.161753 -0.417262 -0.894220
vn -0.018525 -0.932827 -0.359763
vn -0.184673 0.349387 -0.918513
vn -0.068150 0.908350 -0.412379
vn 0.119270 0.939480 0.320912
vn 0.269914 0.420527 0.866081
vn 0.289172 -0.355216 0.888818
vn 0.165598 -0.913294 0.372001
vn -0.070042 -0.347220 -0.935146
vn 0.052219 -0.895868 -0.441220
vn -0.112556 0.416194 -0.902216
vn -0.047183 0.937527 -0.344534
vn 0.088171 0.913813 0.396417
vn 0.218153 0.364127 0.905420
vn 0.262711 -0.411127 0.872825
vn 0.189831 -0.934475 0.300922
vn -0.017182 -0.268693 -0.962980
vn 0.084875 -0.855979 -0.509766
vn -0.071782 0.490386 -0.868492
vn -0.043887 0.963529 -0.263657
vn 0.049655 0.881615 0.469145
vn 0.156809 0.312397 0.936886
vn 0.215406 -0.455960 0.863426
vn 0.183025 -0.951749 0.245987
vn -0.034273 0.457395 0.888543
vn -0.074590 0.951535 0.297992
vn 0.153147 0.477477 0.865165
vn 0.097174 0.959653 0.263535
vn -0.362601 -0.210554 0.907801
vn -0.505982 0.745163 -0.434292
vn 0.499664 -0.080938 0.862418
vn 0.451566 0.803241 -0.388207
vn -0.497742 -0.483062 0.720320
vn -0.570103 0.535677 -0.622810
vn 0.595343 -0.349600 0.723341
vn 0.450162 0.635537 -0.627113
vn -0.607398 0.569371 -0.553928
vn 0.461942 0.686260 -0.561649
vn 0.600501 -0.484008 0.636422
vn -0.485137 -0.610023 0.626412
vn -0.789080 0.357291 -0.499634
vn -0.858695 0.371635 0.352774
vn -0.844046 0.336355 0.417414
vn -0.754959 0.317768 -0.573552
vn -0.194806 0.065891 0.978545
vn -0.059543 -0.003144 0.998138
vn 0.748825 -0.348868 0.563297
vn 0.786059 -0.343527 0.513673
vn 0.837698 -0.369194 -0.402338
vn 0.861747 -0.356742 -0.360404
vn -0.009827 0.022554 -0.999695
vn 0.124977 -0.040713 -0.991302
vn -0.779802 0.160715 -0.604895
vn -0.880638 0.168559 0.442654
vn -0.897272 -0.048770 0.438503
vn -0.802692 -0.076543 -0.591436
vn -0.071507 -0.033053 0.996795
vn -0.135842 -0.049258 0.989471
vn 0.811176 -0.237930 0.533999
vn 0.818287 -0.068119 0.570683
vn 0.892541 -0.232497 -0.386285
vn 0.908930 -0.040743 -0.414790
vn 0.126137 -0.038058 -0.991271
vn 0.123329 -0.034884 -0.991729
vn -0.788592 -0.305835 -0.533327
vn -0.895013 -0.231215 0.381188
vn -0.814839 -0.484984 0.317280
vn -0.693219 -0.548617 -0.467344
vn -0.144998 -0.011201 0.989349
vn -0.156626 -0.025117 0.987273
vn 0.837118 0.166819 0.520906
vn 0.801257 0.359031 0.478484
vn 0.920710 0.185161 -0.343161
vn 0.887231 0.348776 -0.301563
vn 0.239639 -0.001526 -0.970793
vn 0.378563 0.039492 -0.924648
vn -0.104956 -0.973326 -0.203595
vn -0.165598 -0.976347 0.138772
vn -0.267900 -0.945126 0.186657
vn -0.207502 -0.942318 -0.262345
vn 0.090215 -0.930416 0.355002
vn 0.099585 -0.880883 0.462705
vn 0.566838 -0.799426 0.198498
vn 0.622261 -0.741744 0.250046
vn 0.677318 -0.697125 -0.234969
vn 0.729659 -0.636086 -0.250870
vn 0.353568 -0.841665 -0.408075
vn 0.323231 -0.802417 -0.501556
vn -0.812122 0.442410 0.380211
vn -0.778002 0.383690 -0.497253
vn -0.261521 0.475554 0.839864
vn 0.624245 0.497619 0.602118
vn 0.823933 0.447476 -0.347525
vn 0.112281 0.333974 -0.935757
vn -0.787005 0.538882 0.300311
vn -0.689007 0.511445 -0.513490
vn -0.284380 0.583745 0.760392
vn 0.519410 0.670421 0.529634
vn 0.667643 0.625832 -0.403070
vn 0.062717 0.505310 -0.860618
vn -0.769670 0.585515 0.254166
vn -0.656260 0.573827 -0.489898
vn -0.393548 0.652963 0.646951
vn 0.320912 0.851828 0.413844
vn 0.441708 0.816609 -0.371238
vn -0.043551 0.641488 -0.765733
vn -0.349448 0.933773 -0.076146
vn -0.309009 0.950436 -0.033663
vn -0.248886 0.957731 -0.143624
vn -0.134377 0.987853 -0.077611
vn -0.183086 0.982451 -0.033541
vn -0.078069 0.995910 -0.045016
vn -0.087194 0.995910 -0.022127
vn -0.092932 0.995666 0.000000
vn -0.190411 0.981627 0.010743
vn -0.299365 0.952329 0.058170
vn -0.092016 0.995697 0.009186
vn -0.186687 0.980803 0.054538
vn -0.101782 0.994049 0.038546
vn -0.158365 0.983642 0.085393
vn -0.162150 0.973723 0.159617
vn -0.228346 0.963926 0.136636
vn -0.096899 0.969297 0.225569
vn -0.159342 0.958219 0.237319
vn 0.000000 0.967192 0.253739
vn 0.000000 0.960935 0.276628
vn -0.007813 0.964628 0.263413
vn -0.230544 0.960966 0.152597
vn -0.051090 0.994629 0.088995
vn -0.253830 0.967161 0.005799
vn -0.102728 0.992858 -0.059299
vn -0.234756 0.962553 -0.135537
vn 0.137673 0.963987 0.227431
vn 0.118812 0.956235 0.267320
vn 0.083288 0.966734 0.241683
vn 0.141000 0.967131 0.211195
vn 0.185833 0.958188 0.217390
vn 0.242996 0.959745 0.140237
vn 0.171763 0.970701 0.167918
vn 0.247360 0.958310 0.142739
vn 0.201642 0.972471 0.116432
vn 0.231307 0.970701 0.064732
vn 0.253342 0.967131 0.016511
vn 0.281237 0.958188 0.052188
vn 0.250961 0.966734 -0.048648
vn 0.290911 0.956235 -0.030733
vn 0.219709 0.967192 -0.126869
vn 0.239608 0.960935 -0.138284
vn 0.224135 0.964628 -0.138528
vn 0.265763 0.963987 0.005463
vn 0.051486 0.994629 -0.088751
vn 0.102515 0.992889 0.059177
vn 0.016816 0.960966 -0.276018
vn 0.125862 0.958219 -0.256730
vn 0.146921 0.969297 -0.196728
vn 0.057102 0.973723 -0.220259
vn 0.004059 0.963926 -0.266007
vn -0.099310 0.952329 -0.288287
vn -0.005158 0.983642 -0.179851
vn -0.045993 0.980803 -0.188976
vn -0.017488 0.994049 -0.107398
vn -0.037936 0.995697 -0.084356
vn -0.046359 0.995666 -0.080510
vn -0.085851 0.981627 -0.170360
vn -0.062748 0.995910 -0.064427
vn -0.120582 0.982451 -0.141671
vn -0.183635 0.950436 -0.250809
vn -0.121803 0.967161 -0.222700
vn -0.224135 -0.139535 0.964475
vn -0.195294 0.056858 0.979003
vn -0.149393 0.023469 0.988403
vn -0.214155 -0.199689 0.956144
vn -0.153452 0.015779 0.988006
vn -0.137765 -0.031221 0.989959
vn -0.245590 0.014405 0.969175
vn -0.269517 -0.040499 0.962125
vn -0.268663 0.017549 0.962980
vn -0.295581 -0.022554 0.955014
vn -0.196728 -0.178020 0.964140
vn -0.207532 -0.207105 0.955930
vn -0.163645 -0.374321 0.912623
vn -0.159342 -0.402643 0.901270
vn -0.170878 -0.373894 0.911555
vn -0.169444 -0.405909 0.898035
vn -0.992034 -0.062717 -0.109076
vn -0.992034 -0.062717 -0.109076
vn -0.988433 -0.030611 -0.147989
vn -0.989013 -0.034762 -0.143045
vn -0.808674 0.500824 0.308246
vn -0.808674 0.500824 0.308246
vn -0.796039 0.566532 0.212721
vn -0.798236 0.558719 0.224776
vn -0.130013 0.710981 0.690991
vn -0.130013 0.710981 0.690991
vn -0.106421 0.828145 0.550235
vn -0.107398 0.823903 0.556400
vn 0.493530 0.601172 0.628395
vn 0.493530 0.601172 0.628395
vn 0.593176 0.613319 0.521394
vn 0.604865 0.613929 0.507050
vn 0.978697 0.032198 0.202405
vn 0.978697 0.032198 0.202405
vn 0.982055 0.020601 0.187420
vn 0.982451 0.019014 0.185345
vn 0.778429 -0.597540 -0.192211
vn 0.778429 -0.597540 -0.192211
vn 0.783800 -0.595495 -0.175822
vn 0.784136 -0.595343 -0.174785
vn 0.089636 -0.887841 -0.451230
vn 0.089636 -0.887841 -0.451230
vn 0.087835 -0.893212 -0.440762
vn 0.087835 -0.893212 -0.440762
vn -0.716627 -0.574345 -0.395501
vn -0.716627 -0.574345 -0.395501
vn -0.693921 -0.593573 -0.407404
vn -0.695752 -0.591986 -0.406458
vn -0.983214 -0.007386 -0.181896
vn -0.983275 -0.007508 -0.181469
vn -0.774217 0.617134 0.140023
vn -0.774309 0.616950 0.140176
vn -0.064884 0.920314 0.385522
vn -0.064915 0.920283 0.385613
vn 0.670176 0.633217 0.386834
vn 0.670176 0.633034 0.387231
vn 0.984801 0.010041 0.172893
vn 0.984801 0.010041 0.172893
vn 0.780626 -0.606147 -0.151865
vn 0.780382 -0.606574 -0.151712
vn 0.072728 -0.901697 -0.426082
vn 0.072728 -0.901697 -0.426051
vn -0.674205 -0.608069 -0.418910
vn -0.674266 -0.608069 -0.418818
vn -0.982818 -0.029085 -0.181774
vn -0.982818 -0.028719 -0.181957
vn -0.763047 0.630989 0.139596
vn -0.763078 0.630776 0.140573
vn -0.059666 0.926173 0.372093
vn -0.060520 0.925502 0.373772
vn 0.652963 0.651315 0.386285
vn 0.653635 0.651468 0.385033
vn 0.984649 0.012086 0.173747
vn 0.984649 0.012025 0.173717
vn 0.765092 -0.622810 -0.163248
vn 0.765153 -0.622810 -0.163096
vn 0.054050 -0.899622 -0.433254
vn 0.053806 -0.899377 -0.433590
vn -0.658640 -0.623238 -0.421290
vn -0.658396 -0.623543 -0.421290
vn -0.983550 -0.054660 -0.172008
vn -0.983550 -0.054660 -0.172008
vn -0.763871 0.624702 0.161600
vn -0.763871 0.624702 0.161600
vn -0.074834 0.912318 0.402338
vn -0.074834 0.912318 0.402338
vn 0.637856 0.648569 0.415125
vn 0.637856 0.648569 0.415125
vn 0.984435 0.013734 0.174785
vn 0.984435 0.013734 0.174785
vn 0.758622 -0.625221 -0.182598
vn 0.758622 -0.625221 -0.182598
vn 0.048312 -0.893823 -0.445706
vn 0.048312 -0.893823 -0.445706
vn -0.642129 -0.640298 -0.421443
vn -0.642129 -0.640298 -0.421443
vn 0.020906 0.137978 -0.990203
vn 0.057804 0.155222 -0.986175
vn 0.069035 0.154795 -0.985503
vn 0.034731 0.144021 -0.988860
vn 0.184093 0.277117 -0.942990
vn 0.186993 0.264543 -0.945981
vn 0.305805 0.349966 -0.885308
vn 0.294909 0.329213 -0.896905
vn 0.290850 0.364494 -0.884545
vn 0.280199 0.349478 -0.894037
vn 0.211774 0.346243 -0.913905
vn 0.208478 0.339712 -0.917109
vn 0.088140 0.274309 -0.957517
vn 0.092749 0.270036 -0.958341
vn 0.007660 0.199200 -0.979888
vn 0.018281 0.201337 -0.979247
vn -0.182079 0.051486 0.981902
vn 0.156656 0.222517 -0.962247
vn -0.810627 0.176158 -0.558292
vn -0.900476 0.176158 0.397394
vn -0.892846 0.143869 0.426540
vn -0.797717 0.143869 -0.585515
vn -0.137276 0.005982 0.990417
vn -0.089269 -0.006531 0.995971
vn 0.803363 -0.191448 0.563725
vn 0.818257 -0.166026 0.550266
vn 0.894403 -0.191448 -0.404108
vn 0.906427 -0.166026 -0.388055
vn 0.049625 0.005982 -0.998688
vn 0.097876 -0.006531 -0.995086
vn -0.803394 0.089391 -0.588476
vn -0.898462 0.091314 0.429225
vn -0.900232 0.005066 0.435329
vn -0.806720 -0.018525 -0.590460
vn -0.116188 -0.011353 0.993072
vn -0.123482 -0.030062 0.991882
vn 0.813984 -0.132790 0.565373
vn 0.825429 -0.083379 0.558262
vn 0.904596 -0.129402 -0.405909
vn 0.913538 -0.067112 -0.401148
vn 0.080022 -0.010743 -0.996643
vn 0.130867 -0.027376 -0.990936
vn -0.795581 -0.226912 -0.561588
vn -0.897851 -0.154856 0.412073
vn -0.831868 -0.407770 0.376305
vn -0.690991 -0.528627 -0.493011
vn -0.136483 -0.015840 0.990447
vn -0.190777 -0.005768 0.981597
vn 0.843344 0.085668 0.530458
vn 0.811329 0.284441 0.510468
vn 0.930843 0.098395 -0.351798
vn 0.906214 0.260361 -0.333028
vn 0.246017 -0.030123 -0.968779
vn 0.317707 -0.037661 -0.947323
vn 0.100073 -0.993988 0.043917
vn 0.100501 -0.994690 -0.018281
vn -0.019685 -0.998627 0.047091
vn -0.010132 -0.998108 -0.059421
vn 0.063419 -0.997436 -0.032808
vn 0.045993 -0.992187 0.115730
vn 0.044040 -0.998901 -0.010102
vn 0.177410 -0.981505 0.071324
vn 0.048679 -0.998657 0.013093
vn 0.184978 -0.981078 -0.056003
vn 0.046847 -0.997711 0.048068
vn 0.105262 -0.987518 -0.117073
vn -0.603400 0.746383 0.280382
vn -0.635293 0.641702 -0.429531
vn -0.139413 0.798083 0.586095
vn 0.469725 0.809681 0.351645
vn 0.619606 0.747574 -0.238845
vn 0.135720 0.585546 -0.799121
vn -0.432613 0.887811 0.156809
vn -0.402582 0.857383 -0.320485
vn -0.143991 0.927730 0.344320
vn 0.231429 0.948697 0.215315
vn 0.347403 0.913142 -0.213056
vn 0.056980 0.863853 -0.500305
vn -0.376915 0.915919 0.137765
vn -0.309833 0.927455 -0.209028
vn -0.169749 0.943081 0.285937
vn 0.146280 0.977141 0.153665
vn 0.204969 0.970335 -0.128029
vn 0.008729 0.947293 -0.320149
vn -0.078557 0.996826 -0.001892
vn -0.749222 0.656504 0.086950
vn -0.802753 0.560917 0.201978
vn 0.472655 -0.873283 0.117439
vn 0.784472 -0.612373 0.097632
vn 0.194317 0.961790 0.192364
vn 0.096411 0.964811 0.244491
vn -0.175822 -0.984191 -0.020295
vn 0.149210 -0.988647 -0.012605
vn 0.324605 0.918055 0.227156
vn -0.672557 -0.737777 -0.056614
vn 0.909815 0.053440 0.411433
vn 0.944577 0.009217 0.328115
vn -0.995941 -0.004822 -0.089819
vn -0.854697 -0.514588 0.067845
vn 0.637917 -0.699719 0.321370
vn -0.765550 0.642282 0.037081
vn 0.725020 -0.669566 0.160807
vn -0.418666 0.900568 0.116340
vn -0.161021 -0.983611 0.080968
vn -0.095465 -0.964445 0.246231
vn 0.170268 0.979186 0.109656
vn -0.207502 0.975859 0.067509
vn -0.789080 -0.612495 0.045260
vn 0.803119 0.588720 0.090582
vn -0.895929 -0.437344 0.077550
vn 0.971953 0.039401 0.231795
vn -0.902368 0.430782 0.008179
vn 0.959196 -0.009034 0.282244
vn 0.799548 -0.597357 0.061130
vn 0.293536 -0.954892 -0.044284
vn 0.286852 -0.956388 0.054508
vn 0.776018 -0.622963 0.098059
vn -0.239242 -0.965696 -0.099982
vn -0.281023 -0.959592 0.006714
vn -0.755051 -0.637185 -0.154215
vn -0.789782 -0.612220 -0.035250
vn -0.980254 0.021455 -0.196393
vn -0.997131 0.033632 -0.067387
vn -0.734664 0.665904 -0.129219
vn -0.764237 0.640450 -0.074925
vn -0.299640 0.952909 -0.046481
vn -0.275163 0.960142 -0.048923
vn 0.231246 0.972624 -0.022615
vn 0.250992 0.967955 0.001618
vn 0.825734 0.561222 0.055606
vn 0.805378 0.589330 0.062748
vn 0.990478 -0.000794 0.137154
vn 0.990539 -0.076390 0.113258
vn 0.282824 -0.958585 0.033053
vn 0.774889 -0.630837 0.039034
vn -0.280321 -0.959592 0.020051
vn -0.789233 -0.613929 0.001618
vn -0.998993 0.038424 -0.019868
vn -0.761857 0.646707 -0.033510
vn -0.274614 0.960966 -0.032167
vn 0.172130 0.984801 -0.019807
vn -0.117103 0.838461 0.532045
vn 0.430385 -0.048801 0.901239
vn 0.890740 0.454160 -0.010926
vn -0.260361 0.964872 0.035006
vn 0.578435 -0.486602 0.654489
vn 0.709211 -0.703717 -0.040011
vn 0.987273 -0.154917 0.033022
vn 0.283770 -0.958738 0.017060
vn 0.776140 -0.630410 -0.005951
vn -0.280260 -0.959348 0.030672
vn -0.789477 -0.612861 0.031435
vn -0.998871 0.041720 0.018708
vn -0.759415 0.650522 -0.000916
vn -0.272111 0.962003 -0.021028
vn 0.248550 0.967894 -0.036196
vn 0.198224 0.158304 -0.967192
vn -0.146310 0.737746 -0.658945
vn 0.540988 -0.446866 -0.712476
vn 0.996643 -0.075200 -0.030062
vn 0.288409 -0.957395 -0.002258
vn 0.778673 -0.624641 -0.058445
vn -0.280413 -0.958829 0.044040
vn -0.789080 -0.610206 0.069554
vn -0.997192 0.045108 0.059543
vn -0.752091 0.658915 0.003540
vn -0.264634 0.962003 -0.066929
vn 0.288104 0.950406 -0.116859
vn 0.793383 0.607612 -0.033175
vn 0.783129 0.607856 -0.130715
vn 0.994171 -0.009034 -0.106879
vn 0.287279 -0.957639 -0.015016
vn 0.773210 -0.626961 -0.094519
vn -0.287127 -0.956327 0.054019
vn -0.786272 -0.610572 0.094397
vn -0.995758 0.028169 0.087286
vn -0.759537 0.650278 0.013734
vn -0.272691 0.958280 -0.085332
vn 0.277666 0.946621 -0.163554
vn 0.768724 0.610541 -0.190411
vn 0.986785 -0.013917 -0.161021
vn 0.290576 -0.956693 -0.015718
vn 0.773424 -0.626442 -0.096655
vn -0.293933 -0.954312 0.053317
vn -0.785754 -0.611976 0.088842
vn -0.995453 -0.000916 0.094946
vn -0.771318 0.631966 0.075139
vn -0.281237 0.959196 0.025728
vn 0.276018 0.959745 -0.050235
vn 0.774705 0.619850 -0.124458
vn 0.988769 -0.024995 -0.146860
vn 0.294238 -0.955625 -0.004242
vn 0.784960 -0.616004 -0.065067
vn -0.301044 -0.952207 0.051212
vn -0.794818 -0.601233 0.082006
vn -0.995300 0.000031 0.096808
vn -0.781359 0.612464 0.119178
vn -0.290026 0.948575 0.126473
vn 0.280840 0.956754 0.075414
vn 0.782763 0.621864 -0.021394
vn 0.996124 -0.011323 -0.086156
vn 0.303089 -0.952664 0.022005
vn 0.797717 -0.602667 -0.017305
vn -0.310108 -0.949185 0.053195
vn -0.806598 -0.587438 0.065434
vn -0.997711 0.003418 0.067143
vn -0.792773 0.605933 0.065312
vn -0.292285 0.954740 0.054416
vn 0.294268 0.955258 0.026399
vn 0.799548 0.600256 -0.014283
vn 0.999176 -0.016267 -0.036349
vn 0.294848 -0.955442 -0.005738
vn 0.792132 -0.609901 -0.020906
vn -0.318562 -0.947720 0.012147
vn -0.812397 -0.582433 0.025423
vn -0.999329 -0.002381 0.036471
vn -0.805255 0.591162 0.044162
vn -0.304370 0.951779 0.036593
vn 0.296863 0.954679 0.020234
vn 0.810169 0.586095 -0.000183
vn 0.999329 -0.030550 -0.019441
vn 0.304401 -0.947293 -0.099371
vn 0.798938 -0.598791 -0.054782
vn -0.316120 -0.943600 -0.097632
vn -0.816883 -0.573582 -0.059543
vn -0.999115 0.033785 -0.024812
vn -0.822194 0.568821 0.018586
vn -0.268876 0.961179 0.060245
vn 0.272172 0.959897 0.066136
vn 0.807117 0.587804 0.053684
vn 0.999664 -0.025301 0.004547
vn 0.301868 -0.944516 -0.129189
vn 0.795367 -0.603522 -0.054508
vn -0.304706 -0.939663 -0.154886
vn -0.808826 -0.575566 -0.119850
vn -0.996704 0.050143 -0.062443
vn -0.899988 0.435421 -0.020051
vn -0.219191 0.973479 0.064427
vn -0.564121 0.822560 0.071019
vn 0.256119 0.963407 0.077886
vn 0.804462 0.588903 0.077367
vn 0.999390 -0.023347 0.025179
vn -0.968412 0.243637 -0.052585
vn -0.879509 0.018464 0.475371
vn -0.093725 0.065617 0.993408
vn -0.312641 0.938381 0.146463
vn 0.795306 -0.603980 -0.049899
vn 0.300098 -0.944577 -0.132790
vn 0.304309 -0.950314 -0.065128
vn 0.798846 -0.601355 0.008240
vn -0.300800 -0.936825 -0.178203
vn -0.301532 -0.947995 -0.101050
vn -0.804157 -0.572545 -0.159342
vn -0.805011 -0.587560 -0.081029
vn -0.996399 0.053440 -0.064640
vn -0.999542 0.027925 0.011323
vn -0.902521 0.430446 -0.000519
vn -0.822743 0.556186 0.116676
vn -0.574437 0.816639 0.054050
vn -0.225630 0.966825 0.118934
vn 0.262559 0.953153 0.149545
vn 0.283281 0.929409 0.236312
vn -0.272447 0.937954 0.214155
vn 0.805133 0.582097 0.112739
vn 0.800616 0.568638 0.188549
vn 0.998840 -0.021150 0.041598
vn 0.994537 -0.018586 0.101965
vn 0.303546 -0.952695 -0.013245
vn 0.775774 -0.630501 0.022981
vn -0.308613 -0.948758 -0.067601
vn -0.848593 -0.520418 -0.094183
vn -0.998077 -0.015382 -0.058933
vn -0.835958 0.539919 0.097632
vn -0.327382 0.902948 0.278002
vn 0.258896 0.927760 0.268357
vn 0.748215 0.608436 0.264298
vn 0.985961 -0.080724 0.145974
vn 0.611213 -0.776262 -0.153879
vn 0.282915 -0.904322 -0.319325
vn -0.349173 0.899042 -0.263871
vn -0.296435 0.947812 -0.116706
vn -0.296679 -0.904199 -0.307209
vn 0.290026 0.956601 0.027254
vn -0.805988 -0.447110 -0.387780
vn 0.935726 0.350913 -0.033175
vn -0.923640 -0.070286 -0.376732
vn 0.876091 0.481444 -0.024324
vn -0.959897 0.068577 -0.271470
vn -0.769670 0.635171 -0.062717
vn 0.768480 -0.537325 -0.347067
vn 0.927638 -0.372825 -0.020784
vn -0.318501 0.930782 0.179180
vn 0.327992 -0.883599 -0.333974
vn 0.141519 0.972624 0.184185
vn 0.254685 -0.839437 -0.480040
vn 0.312336 0.941067 -0.129433
vn 0.764420 0.639718 0.079320
vn -0.656748 -0.649362 -0.383111
vn -0.586309 -0.682995 -0.435451
vn 0.996551 0.052951 -0.062687
vn -0.892663 0.089391 -0.441494
vn 0.869926 -0.418055 -0.261155
vn -0.955106 0.170268 -0.242111
vn -0.296863 0.954709 0.019136
vn -0.810108 0.578618 -0.093969
vn -0.591314 0.458280 0.663493
vn -0.212171 0.634072 0.743576
vn 0.266618 0.962095 0.056614
vn 0.162608 0.628334 0.760636
vn 0.778612 0.621162 0.088354
vn 0.535189 0.433040 0.725111
vn 0.994415 -0.020662 0.102698
vn 0.675182 -0.016511 0.737441
vn 0.742141 -0.668193 0.051090
vn 0.520967 -0.443081 0.729537
vn 0.273759 -0.961698 -0.001068
vn 0.158548 -0.615577 0.771837
vn -0.233474 -0.971831 -0.030916
vn -0.216627 -0.617500 0.755997
vn -0.831289 -0.547183 -0.097143
vn -0.599951 -0.425410 0.677471
vn -0.989074 -0.041232 -0.141030
vn -0.742202 0.017488 0.669871
vn -0.276781 0.959318 0.054050
vn 0.311939 0.942532 0.119362
vn 0.141091 0.537814 -0.831105
vn -0.133797 0.537112 -0.832723
vn 0.847922 0.506928 0.154673
vn 0.416407 0.408777 -0.812031
vn 0.993347 0.061832 0.096899
vn 0.513429 0.109107 -0.851126
vn 0.844778 -0.531466 -0.061619
vn 0.412867 -0.188366 -0.891015
vn 0.317463 -0.912348 -0.258072
vn 0.139077 -0.306812 -0.941433
vn -0.264634 -0.929653 -0.256241
vn -0.134286 -0.305622 -0.942593
vn -0.742843 -0.641397 -0.191326
vn -0.404810 -0.183574 -0.895746
vn -0.993103 0.091223 -0.072667
vn -0.502472 0.111945 -0.857261
vn -0.791674 0.610725 -0.012391
vn -0.405268 0.408259 -0.817890
vn 0.590521 0.420131 0.688915
vn 0.209913 0.937222 0.278368
vn 0.269212 0.962339 -0.037692
vn 0.959012 -0.044162 0.279589
vn 0.996429 0.042453 -0.071721
vn 0.447415 0.867210 -0.218214
vn 0.775987 0.562778 -0.284380
vn 0.969511 0.168498 -0.177348
vn -0.216902 -0.248856 0.943844
vn -0.552127 0.432583 0.712721
vn -0.494720 0.859397 0.128823
vn 0.184063 -0.638497 0.747269
vn 0.652445 -0.756302 0.045749
vn -0.098852 0.818074 -0.566441
vn 0.415339 0.353140 -0.838186
vn 0.737685 -0.352530 -0.575749
vn -0.749588 0.610725 -0.255020
vn 0.169474 -0.906183 0.387383
vn 0.743270 -0.585973 0.322499
vn -0.175273 0.930996 -0.320118
vn -0.023958 0.033510 0.999145
vn -0.343008 0.511018 0.788042
vn 0.241683 0.142495 0.959745
vn -0.135903 0.583257 0.800800
vn 0.217329 -0.952909 0.211286
vn -0.775163 0.618873 -0.126625
vn 0.845419 -0.484374 0.224928
vn -0.232070 0.955075 -0.184063
vn 0.237228 -0.965544 0.106421
vn -0.842581 0.529787 -0.095862
vn 0.750229 -0.656717 0.075383
vn -0.194653 0.980712 0.012727
vn -0.673381 -0.393274 0.625893
vn -0.161295 0.070195 0.984374
vn 0.216108 0.724959 0.653910
vn 0.253647 0.965147 0.063450
vn 0.027742 0.942593 -0.332692
vn -0.267472 0.467985 -0.842153
vn -0.788439 0.013001 -0.614936
vn -0.869865 -0.476958 -0.124947
vn -0.780138 -0.325215 0.534273
vn -0.643441 -0.593176 0.483672
vn 0.015412 -0.282000 0.959196
vn -0.009186 -0.230239 0.973021
vn 0.684215 0.127602 0.717909
vn 0.570897 0.259537 0.778856
vn 0.714185 0.694195 0.088751
vn 0.864890 0.492370 0.097296
vn 0.491638 0.697339 -0.521364
vn 0.356253 0.730757 -0.582128
vn -0.230757 0.330434 -0.915125
vn -0.261399 0.500183 -0.825459
vn -0.851859 0.094122 -0.515077
vn -0.730208 -0.243728 -0.638192
vn -0.821431 -0.560612 -0.104224
vn -0.976317 -0.201184 -0.079076
vn 0.613258 0.309894 0.726485
vn 0.681743 0.715070 0.153910
vn 0.373802 0.813923 -0.444638
vn -0.280016 0.734969 -0.617408
vn -0.835836 0.347861 -0.424617
vn -0.024995 0.004059 0.999664
vn -0.024629 0.005005 0.999664
vn 0.000000 0.124916 -0.992157
vn 0.000000 0.124916 -0.992157
vn 0.999908 0.012818 0.002930
vn 0.957212 0.162089 -0.239333
vn 0.995025 0.096167 0.022493
vn 0.989807 0.138467 0.032442
vn 0.957212 0.038790 0.286455
vn 0.781206 0.235793 -0.577977
vn 0.888696 0.230452 -0.396295
vn 0.797015 0.452146 -0.400110
vn 0.821705 0.515473 -0.242965
vn 0.628670 0.060276 -0.775285
vn 0.852408 0.044284 -0.520845
vn 0.604590 -0.001312 -0.796496
vn 0.780840 0.005860 -0.624641
vn -0.255387 0.574742 -0.777361
vn 0.449216 0.486632 -0.749161
vn 0.499206 0.789996 -0.355613
vn -0.489807 0.610969 -0.621834
vn -0.068791 0.048434 -0.996368
vn 0.247818 0.060276 -0.966856
vn 0.002381 -0.013276 -0.999878
vn 0.229811 -0.011353 -0.973082
vn -0.504334 0.365653 -0.782122
vn -0.490234 0.446713 -0.748245
vn -0.563786 0.602881 -0.564457
vn -0.184734 0.733687 -0.653849
vn -0.570530 0.021638 -0.820881
vn -0.363456 0.031343 -0.931026
vn -0.524599 0.000000 -0.851340
vn -0.324818 -0.010651 -0.945645
vn -0.896875 0.440853 -0.032686
vn -0.599890 0.544558 -0.586004
vn -0.211439 0.886407 -0.411677
vn -0.684002 0.641946 0.346274
vn -0.915156 0.045474 -0.400385
vn -0.763596 0.029695 -0.644906
vn -0.892602 0.033053 -0.449490
vn -0.759751 0.015107 -0.650034
vn -0.955899 0.292498 -0.023042
vn -0.968138 0.239211 0.073949
vn -0.808277 0.437832 0.393548
vn -0.803394 0.574498 -0.155924
vn -0.985717 0.105506 0.130898
vn -0.992370 0.068333 -0.101782
vn -0.980040 0.067021 0.187023
vn -0.994171 0.054660 -0.092321
vn -0.268876 0.710004 0.650705
vn -0.858451 0.491790 0.145425
vn -0.535158 0.841085 -0.078343
vn 0.133614 0.826161 0.547244
vn -0.562717 0.217756 0.797290
vn -0.850729 0.169810 0.497284
vn -0.613288 0.074895 0.786242
vn -0.814045 0.075169 0.575871
vn 0.097632 0.571690 0.814533
vn -0.036104 0.637612 0.769426
vn 0.172618 0.813374 0.555362
vn -0.027559 0.845389 0.533327
vn 0.086401 0.205060 0.974852
vn -0.237136 0.224104 0.945218
vn 0.028597 0.055484 0.998047
vn -0.253311 0.065922 0.965025
vn 0.704755 0.485351 0.517427
vn 0.299457 0.626869 0.719191
vn 0.098364 0.919459 0.380577
vn 0.782122 0.622719 0.019197
vn 0.663157 0.113807 0.739730
vn 0.389550 0.168864 0.905359
vn 0.574406 0.035860 0.817707
vn 0.354331 0.042330 0.934078
vn 0.907953 0.236007 0.346213
vn 0.854026 0.293994 0.428920
vn 0.787554 0.602942 0.126900
vn 0.679729 0.636269 0.364646
vn 0.937527 0.040743 0.345389
vn 0.825398 0.071019 0.560032
vn 0.926418 0.031038 0.374992
vn 0.802112 0.032808 0.596167
vn 0.949704 0.252365 -0.184917
vn 0.956357 0.255265 0.141885
vn 0.643716 0.728346 0.234756
vn 0.669261 0.607764 -0.427303
vn 0.980986 0.026705 -0.191754
vn 0.999176 0.025667 0.031038
vn 0.970549 0.017366 -0.240188
vn 0.999695 0.024141 0.004944
vn 0.630532 0.067540 -0.773180
vn 0.775774 0.061619 -0.627815
vn 0.033907 0.082280 -0.996002
vn 0.239120 0.080297 -0.967588
vn -0.514893 0.084997 -0.852988
vn -0.330129 0.084936 -0.939999
vn -0.888940 0.081090 -0.450528
vn -0.768785 0.083410 -0.633980
vn -0.984282 0.065159 0.164011
vn -0.994110 0.072728 -0.080052
vn -0.639779 0.031801 0.767808
vn -0.815632 0.044131 0.576787
vn 0.000916 0.002106 0.999969
vn -0.257462 0.011475 0.966215
vn 0.578435 -0.003662 0.815663
vn 0.364036 -0.003906 0.931362
vn 0.930843 0.011201 0.365165
vn 0.824696 0.004029 0.565342
vn 0.973143 0.039889 -0.226424
vn 0.999390 0.030367 -0.015779
vn 0.644967 0.137643 -0.751633
vn 0.770341 0.118385 -0.626442
vn 0.055606 0.168925 -0.984038
vn 0.235885 0.164897 -0.957578
vn -0.501709 0.154306 -0.851126
vn -0.333394 0.163187 -0.928432
vn -0.884301 0.114265 -0.452695
vn -0.775987 0.130837 -0.616889
vn -0.987121 0.043551 0.153421
vn -0.995605 0.069798 -0.062229
vn -0.655191 -0.046115 0.753922
vn -0.812244 -0.016023 0.583043
vn -0.012452 -0.184856 0.982604
vn -0.338400 -0.110572 0.934414
vn 0.625465 -0.106665 0.772844
vn 0.371116 -0.183697 0.910181
vn 0.925807 -0.031343 0.376640
vn 0.829305 -0.055881 0.555942
vn 0.976347 0.057346 -0.208387
vn 0.999237 0.030306 -0.024080
vn 0.654367 0.160471 -0.738815
vn 0.770768 0.142068 -0.621040
vn 0.079259 0.193798 -0.977812
vn 0.242996 0.191448 -0.950925
vn -0.488403 0.168437 -0.856070
vn -0.330403 0.181133 -0.926204
vn -0.885522 0.107367 -0.451810
vn -0.783220 0.130318 -0.607764
vn -0.988586 0.015565 0.149362
vn -0.997589 0.047580 -0.049899
vn -0.669932 -0.085088 0.737441
vn -0.812000 -0.056125 0.580846
vn -0.871666 -0.377525 0.312275
vn -0.242324 -0.839407 0.486358
vn -0.443020 0.874504 -0.197247
vn -0.937435 0.347647 0.016206
vn 0.518312 -0.762101 0.387688
vn 0.965757 -0.238906 0.100287
vn 0.882897 0.439449 -0.164988
vn 0.308948 0.912501 -0.267747
vn 0.922786 -0.037081 0.383324
vn 0.832815 -0.070347 0.548862
vn 0.976775 0.068089 -0.202680
vn 0.998688 0.037814 -0.032442
vn 0.662455 0.157206 -0.732345
vn 0.778429 0.141580 -0.611457
vn 0.093786 0.184185 -0.978362
vn 0.259537 0.184368 -0.947873
vn -0.486144 0.156137 -0.859733
vn -0.326466 0.167613 -0.930110
vn -0.892358 0.091039 -0.442013
vn -0.794329 0.109626 -0.597479
vn -0.987640 0.004090 0.156595
vn -0.998871 0.028719 -0.035860
vn -0.676341 -0.080541 0.732070
vn -0.815540 -0.056858 0.575841
vn -0.344473 -0.084630 0.934963
vn -0.045993 -0.047091 0.997803
vn -0.061375 -0.120094 0.990783
vn -0.272386 -0.114173 0.955320
vn 0.380974 -0.020540 0.924251
vn 0.619239 -0.077306 0.781267
vn 0.543338 -0.095984 0.833944
vn 0.360709 -0.113990 0.925624
vn 0.922511 -0.022371 0.385033
vn 0.833150 -0.052799 0.550479
vn 0.976073 0.075078 -0.204022
vn 0.998352 0.046969 -0.030184
vn 0.669169 0.109595 -0.734878
vn 0.791186 0.099829 -0.603247
vn 0.102240 0.127113 -0.986510
vn 0.280779 0.127815 -0.951199
vn -0.494262 0.099097 -0.863517
vn -0.323170 0.113471 -0.939480
vn -0.902460 0.046847 -0.428005
vn -0.803974 0.062778 -0.591284
vn -0.984405 -0.018281 0.174663
vn -0.999756 -0.004212 -0.021638
vn -0.673778 -0.075078 0.735000
vn -0.814778 -0.061222 0.576360
vn -0.077123 -0.098669 0.992095
vn -0.285113 -0.095404 0.953641
vn 0.530703 -0.079808 0.843771
vn 0.344595 -0.090277 0.934322
vn 0.921473 -0.024507 0.387597
vn 0.826894 -0.044772 0.560428
vn 0.977629 0.046847 -0.204969
vn 0.999298 0.030245 -0.021150
vn 0.672893 0.072972 -0.736129
vn 0.803302 0.062107 -0.592108
vn 0.102332 0.083471 -0.991149
vn 0.289935 0.084447 -0.953244
vn -0.506440 0.058078 -0.860190
vn -0.327199 0.069310 -0.942288
vn -0.914088 0.011597 -0.405268
vn -0.814594 0.027925 -0.579228
vn -0.979094 -0.038180 0.199322
vn -0.999725 -0.022554 -0.003235
vn -0.667704 -0.076390 0.740402
vn -0.808796 -0.065891 0.584203
vn -0.089575 -0.091253 0.991760
vn -0.291033 -0.089636 0.952451
vn 0.513856 -0.074223 0.854575
vn 0.328786 -0.083257 0.940701
vn 0.915583 -0.029207 0.400995
vn 0.814472 -0.046603 0.578252
vn 0.980162 0.027559 -0.196148
vn 0.999939 0.009217 -0.001831
vn 0.569828 0.820668 -0.040743
vn 0.408716 0.844503 -0.345816
vn 0.321950 0.890527 -0.321309
vn 0.483489 0.875114 -0.013734
vn 0.279467 0.880700 -0.382348
vn 0.307209 0.913142 0.267839
vn 0.277086 0.935390 0.219557
vn 0.253891 0.923335 -0.287951
vn -0.349326 0.817860 -0.457120
vn 0.406763 0.908106 -0.099097
vn 0.302600 0.942929 -0.138711
vn -0.109504 0.928401 -0.354789
vn 0.011262 0.859427 -0.510987
vn -0.451688 0.721358 -0.524843
vn -0.383172 0.801959 -0.458127
vn 0.047214 0.876549 -0.478911
vn -0.748886 0.372185 0.548129
vn -0.043429 0.916041 -0.398492
vn -0.068333 0.924556 -0.374687
vn -0.576756 0.807880 0.120643
vn -0.550784 0.811603 -0.194470
vn -0.744217 0.574773 0.339926
vn -0.758469 0.308857 0.573704
vn -0.539217 0.823689 -0.175212
vn 0.193493 0.735580 0.649087
vn -0.484160 0.862907 -0.144632
vn -0.451505 0.888665 -0.079473
vn -0.022676 0.867332 0.497040
vn -0.208295 0.891534 0.402033
vn 0.183208 0.733260 0.654611
vn 0.201825 0.727583 0.655588
vn -0.263963 0.897241 0.353598
vn 0.838125 0.521516 -0.159220
vn -0.154215 0.945645 0.286028
vn -0.083165 0.963621 0.253678
vn 0.623451 0.781084 -0.032686
vn 0.343435 0.862418 0.371788
vn 0.739883 0.662211 0.117927
vn 0.873650 0.463926 -0.145974
vn 0.298602 0.878685 0.372368
vn -0.195569 -0.845663 0.496490
vn -0.828969 -0.289141 0.478545
vn -0.836294 0.116920 0.535464
vn -0.243942 0.628395 0.738570
vn 0.909815 -0.210126 0.357688
vn 0.462064 -0.762406 0.452786
vn 0.894403 0.151224 0.420894
vn 0.403314 0.647928 0.646127
vn -0.354483 -0.933468 -0.053684
vn -0.907007 -0.417598 0.052707
vn -0.923427 0.340505 0.176921
vn -0.385277 0.889855 0.244186
vn 0.928951 -0.369499 -0.020906
vn 0.404261 -0.910731 -0.083501
vn 0.921199 0.375908 0.100073
vn 0.381920 0.899713 0.211103
vn -0.365440 -0.929714 -0.044009
vn -0.912562 -0.408564 0.011384
vn -0.932674 0.355826 0.058323
vn -0.398370 0.914576 0.068364
vn 0.921962 -0.381676 -0.064488
vn 0.387505 -0.918727 -0.075169
vn 0.923488 0.383050 -0.018647
vn 0.376000 0.925807 0.036196
vn -0.911280 -0.401514 0.091039
vn -0.370353 -0.922908 0.104773
vn -0.309101 -0.891748 0.330403
vn -0.883538 -0.409357 0.227034
vn -0.395044 0.917536 -0.045108
vn -0.932216 0.360496 0.029024
vn -0.947293 0.320210 -0.007203
vn -0.436794 0.871238 -0.223524
vn 0.377861 -0.922725 0.075230
vn 0.917964 -0.396081 0.020662
vn 0.927791 -0.363609 0.082250
vn 0.426479 -0.865348 0.262833
vn 0.929103 0.367698 -0.038790
vn 0.924312 0.356986 -0.134347
vn 0.385064 0.919948 -0.072178
vn 0.360251 0.891412 -0.274614
vn -0.144052 -0.637032 0.757157
vn 0.227065 -0.809681 0.541018
vn 0.342153 -0.157206 0.926296
vn -0.030123 -0.114723 0.992858
vn 0.617927 -0.726576 0.300067
vn 0.816670 -0.132363 0.561588
vn 0.764878 -0.638406 0.085729
vn 0.998962 -0.028841 0.032930
vn 0.215803 0.604315 0.766862
vn -0.023592 0.464414 0.885216
vn 0.617469 0.658182 0.430599
vn 0.871757 0.489776 0.006379
vn 0.105170 0.931362 0.348501
vn -0.094000 0.719587 0.687847
vn 0.353598 0.933803 0.052951
vn 0.659708 0.725142 -0.196911
vn 0.019258 0.999298 0.031343
vn -0.234328 0.896722 0.375206
vn 0.207532 0.967833 -0.141915
vn 0.488464 0.739700 -0.462766
vn -0.162974 0.959134 -0.230941
vn -0.571324 0.816944 0.077794
vn 0.030672 0.967344 -0.251267
vn 0.334829 0.674754 -0.657602
vn -0.662302 0.657480 -0.359092
vn -0.680187 0.655436 -0.328084
vn -0.501343 0.715193 -0.486846
vn 0.272752 0.654520 -0.705030
vn -0.841024 0.061985 -0.537325
vn -0.927089 0.261796 -0.268083
vn -0.640054 0.065159 -0.765519
vn 0.129921 0.145608 -0.980681
vn -0.556919 -0.733321 -0.389672
vn -0.877617 -0.471373 -0.086309
vn -0.339620 -0.697552 -0.630837
vn 0.226241 -0.405970 -0.885338
vn -0.374657 -0.927089 -0.009858
vn -0.815510 -0.539492 0.209241
vn 0.014955 -0.943081 -0.332082
vn 0.465055 -0.445401 -0.764970
vn -0.151529 -0.939633 0.306476
vn -0.658610 -0.602637 0.450406
vn 0.270036 -0.962736 0.013337
vn 0.728804 -0.523439 -0.441220
vn 0.123024 -0.953549 0.274553
vn -0.302081 -0.631325 0.714155
vn 0.357627 -0.913294 0.194775
vn 0.817341 -0.568455 -0.092688
vn 0.475035 0.298358 -0.827779
vn 0.732955 0.314076 -0.603308
vn 0.935757 0.209272 -0.283526
vn -0.927608 0.300098 0.222212
vn -0.703473 0.311817 0.638528
vn -0.331227 0.027559 0.943112
vn -0.481017 -0.152323 0.863303
vn 0.952695 -0.116950 0.280413
vn 0.910822 -0.055149 0.408899
vn -0.430416 -0.122047 0.894311
vn 0.368125 0.192211 -0.909662
vn 0.491821 0.160990 -0.855582
vn -0.881188 0.173137 -0.439724
vn -0.924525 0.108313 -0.365165
vn 0.881340 0.126381 0.455075
vn -0.493896 -0.003082 0.869438
vn 0.537783 0.100958 -0.836965
vn -0.914881 -0.021150 -0.403009
vn 0.862174 0.199841 0.465269
vn -0.532076 0.095160 0.841268
vn 0.517579 -0.031160 -0.855002
vn -0.899683 -0.090795 -0.426906
vn 0.907648 0.119087 0.402338
vn -0.514069 0.104956 0.851218
vn 0.458799 -0.035982 -0.887780
vn -0.862174 -0.031832 -0.505463
vn 0.939694 0.086553 0.330678
vn -0.419612 -0.054141 0.906061
vn 0.380852 0.225203 -0.896692
vn -0.870933 0.141641 -0.470518
vn 0.105414 0.960081 0.258988
vn 0.000000 1.000000 0.000000
vn 0.000000 1.000000 0.000000
vn 0.000000 1.000000 0.000000
vn 0.000000 1.000000 0.000000
# 1549 uv coords
vt 0.084538 0.990676
vt 0.084205 0.991384
vt 0.921896 0.991839
vt 0.555813 0.897265
vt 0.560260 0.902552
vt 0.565835 0.907735
vt 0.571378 0.913461
vt 0.581650 0.933151
vt 0.578814 0.926325
vt 0.575729 0.919708
vt 0.587868 0.878246
vt 0.592415 0.883029
vt 0.597952 0.887422
vt 0.603363 0.892373
vt 0.611660 0.910989
vt 0.609765 0.904285
vt 0.607377 0.898049
vt 0.626850 0.861485
vt 0.622044 0.856917
vt 0.661079 0.837951
vt 0.665194 0.841449
vt 0.638406 0.869838
vt 0.632724 0.865305
vt 0.668759 0.845244
vt 0.671373 0.850131
vt 0.645355 0.888777
vt 0.675948 0.865766
vt 0.644271 0.881849
vt 0.674036 0.860912
vt 0.642404 0.875479
vt 0.672929 0.855632
vt 0.991836 0.006556
vt 0.991718 0.007063
vt 0.991630 0.007565
vt 0.991605 0.008071
vt 0.991631 0.008588
vt 0.991669 0.009124
vt 0.991665 0.009643
vt 0.989973 0.006514
vt 0.989865 0.006998
vt 0.989784 0.007475
vt 0.989764 0.007951
vt 0.989788 0.008434
vt 0.989826 0.008932
vt 0.989832 0.009420
vt 0.988358 0.006454
vt 0.988266 0.006925
vt 0.988191 0.007391
vt 0.988167 0.007854
vt 0.988184 0.008322
vt 0.988216 0.008798
vt 0.988229 0.009269
vt 0.986893 0.006380
vt 0.986811 0.006845
vt 0.986742 0.007308
vt 0.986713 0.007770
vt 0.986724 0.008234
vt 0.986752 0.008704
vt 0.986768 0.009173
vt 0.985467 0.006295
vt 0.985385 0.006760
vt 0.985315 0.007226
vt 0.985284 0.007689
vt 0.985294 0.008152
vt 0.985323 0.008618
vt 0.985342 0.009087
vt 0.984021 0.006174
vt 0.983929 0.006647
vt 0.983852 0.007123
vt 0.983816 0.007597
vt 0.983827 0.008067
vt 0.983864 0.008535
vt 0.983888 0.009008
vt 0.982444 0.006006
vt 0.982339 0.006494
vt 0.982247 0.006988
vt 0.982199 0.007479
vt 0.982207 0.007967
vt 0.982251 0.008454
vt 0.982287 0.008946
vt 0.980647 0.005784
vt 0.980533 0.006288
vt 0.980419 0.006805
vt 0.980345 0.007328
vt 0.980336 0.007847
vt 0.980386 0.008369
vt 0.980441 0.008899
vt 0.978579 0.005510
vt 0.978460 0.006040
vt 0.978309 0.006584
vt 0.978189 0.007133
vt 0.978148 0.007686
vt 0.978199 0.008244
vt 0.978285 0.008813
vt 0.976071 0.005202
vt 0.975954 0.005763
vt 0.975770 0.006321
vt 0.975600 0.006890
vt 0.975523 0.007466
vt 0.975556 0.008051
vt 0.975664 0.008643
vt 0.973282 0.004874
vt 0.973184 0.005459
vt 0.973003 0.006040
vt 0.972821 0.006612
vt 0.972713 0.007189
vt 0.972708 0.007779
vt 0.972793 0.008382
vt 0.970594 0.004591
vt 0.970521 0.005172
vt 0.970376 0.005745
vt 0.970221 0.006296
vt 0.970105 0.006868
vt 0.970054 0.007440
vt 0.970078 0.008037
vt 0.967919 0.004361
vt 0.967859 0.004911
vt 0.967767 0.005453
vt 0.967662 0.005985
vt 0.967566 0.006535
vt 0.967491 0.007072
vt 0.967444 0.007629
vt 0.965395 0.004175
vt 0.965334 0.004672
vt 0.965258 0.005171
vt 0.965187 0.005666
vt 0.965106 0.006160
vt 0.965025 0.006655
vt 0.964942 0.007159
vt 0.963126 0.004022
vt 0.963069 0.004463
vt 0.963002 0.004906
vt 0.962945 0.005347
vt 0.962878 0.005785
vt 0.962805 0.006226
vt 0.962709 0.006668
vt 0.961216 0.003885
vt 0.961168 0.004274
vt 0.961110 0.004667
vt 0.961063 0.005059
vt 0.961010 0.005450
vt 0.960942 0.005839
vt 0.960845 0.006226
vt 0.959655 0.003776
vt 0.959618 0.004121
vt 0.959574 0.004469
vt 0.959530 0.004820
vt 0.959483 0.005170
vt 0.959419 0.005515
vt 0.959329 0.005858
vt 0.958361 0.003703
vt 0.958331 0.004008
vt 0.958292 0.004312
vt 0.958249 0.004620
vt 0.958204 0.004929
vt 0.958149 0.005238
vt 0.958068 0.005543
vt 0.957035 0.003719
vt 0.957015 0.003954
vt 0.956989 0.004188
vt 0.956958 0.004426
vt 0.956922 0.004665
vt 0.956876 0.004901
vt 0.956810 0.005130
vt 0.969375 0.006280
vt 0.969311 0.006673
vt 0.968419 0.006574
vt 0.968475 0.006184
vt 0.993459 0.070025
vt 0.993453 0.069986
vt 0.992253 0.069960
vt 0.992273 0.070178
vt 0.992371 0.070444
vt 0.992938 0.069931
vt 0.992960 0.070072
vt 0.993069 0.070309
vt 0.992338 0.993783
vt 0.992491 0.994359
vt 0.992471 0.994215
vt 0.992436 0.994070
vt 0.992389 0.993934
vt 0.992825 0.993621
vt 0.992932 0.994257
vt 0.992810 0.994141
vt 0.992770 0.993983
vt 0.992816 0.993800
vt 0.958293 0.992053
vt 0.958468 0.993299
vt 0.957345 0.994297
vt 0.956091 0.993769
vt 0.956037 0.992507
vt 0.957122 0.991580
vt 0.958038 0.992163
vt 0.958031 0.993095
vt 0.957224 0.993811
vt 0.956458 0.993446
vt 0.956364 0.992589
vt 0.957099 0.991916
vt 0.957505 0.992514
vt 0.957485 0.992918
vt 0.957089 0.993282
vt 0.956750 0.993157
vt 0.956733 0.992774
vt 0.957067 0.992421
vt 0.957009 0.992863
vt 0.993016 0.993539
vt 0.992988 0.993711
vt 0.992983 0.993910
vt 0.993027 0.994100
vt 0.993117 0.994230
vt 0.992596 0.993698
vt 0.992603 0.993869
vt 0.992616 0.994024
vt 0.992653 0.994173
vt 0.992715 0.994314
vt 0.992024 0.993857
vt 0.992094 0.993997
vt 0.992158 0.994131
vt 0.992193 0.994284
vt 0.992191 0.994431
vt 0.016584 0.960637
vt 0.016603 0.967056
vt 0.022370 0.957298
vt 0.022289 0.963843
vt 0.011036 0.957409
vt 0.011065 0.963822
vt 0.016664 0.954092
vt 0.025259 0.955630
vt 0.026135 0.962224
vt 0.022314 0.960578
vt 0.025702 0.958929
vt 0.022783 0.967888
vt 0.025878 0.965875
vt 0.016633 0.970483
vt 0.019350 0.965416
vt 0.019688 0.969147
vt 0.016585 0.963832
vt 0.019400 0.959012
vt 0.019404 0.962216
vt 0.010475 0.967958
vt 0.013814 0.965472
vt 0.013553 0.969222
vt 0.007188 0.962265
vt 0.007416 0.965929
vt 0.008083 0.955669
vt 0.011012 0.960617
vt 0.007635 0.958968
vt 0.013819 0.959037
vt 0.013835 0.962224
vt 0.013408 0.951639
vt 0.013831 0.955849
vt 0.010768 0.953691
vt 0.019990 0.951572
vt 0.016699 0.949967
vt 0.019503 0.955704
vt 0.022626 0.953595
vt 0.016629 0.957405
vt 0.974571 0.041322
vt 0.973972 0.041483
vt 0.973685 0.041935
vt 0.973917 0.042529
vt 0.974507 0.042844
vt 0.975105 0.042679
vt 0.975356 0.042103
vt 0.975120 0.041511
vt 0.958327 0.040359
vt 0.956913 0.040269
vt 0.955602 0.040247
vt 0.963765 0.040279
vt 0.962317 0.040374
vt 0.960952 0.040432
vt 0.959669 0.040430
vt 0.958307 0.037221
vt 0.956867 0.037151
vt 0.955523 0.037136
vt 0.963765 0.037142
vt 0.962311 0.037216
vt 0.960946 0.037268
vt 0.959660 0.037272
vt 0.958301 0.034181
vt 0.956950 0.034125
vt 0.955681 0.034114
vt 0.963503 0.034133
vt 0.962174 0.034147
vt 0.960883 0.034153
vt 0.959627 0.034181
vt 0.075020 0.978893
vt 0.075406 0.979411
vt 0.075304 0.980047
vt 0.074752 0.980420
vt 0.074091 0.980297
vt 0.073727 0.979763
vt 0.073849 0.979144
vt 0.074379 0.978788
vt 0.974540 0.042044
vt 0.074569 0.979600
vt 0.036303 0.827966
vt 0.036036 0.828236
vt 0.035804 0.828567
vt 0.036936 0.827510
vt 0.036639 0.827738
vt 0.035298 0.826897
vt 0.034989 0.827252
vt 0.034808 0.827713
vt 0.036149 0.826553
vt 0.035722 0.826725
vt 0.932115 0.004392
vt 0.932500 0.007124
vt 0.929939 0.009244
vt 0.927338 0.008100
vt 0.927243 0.005468
vt 0.929485 0.003512
vt 0.931687 0.004568
vt 0.931816 0.006699
vt 0.929912 0.008373
vt 0.928100 0.007637
vt 0.927883 0.005483
vt 0.929581 0.004064
vt 0.930904 0.005215
vt 0.930981 0.006309
vt 0.929876 0.007225
vt 0.928974 0.006943
vt 0.928918 0.005838
vt 0.929755 0.004992
vt 0.929838 0.006096
vt 0.034902 0.826479
vt 0.035295 0.826320
vt 0.035724 0.826099
vt 0.034403 0.827334
vt 0.034585 0.826869
vt 0.035728 0.827358
vt 0.036152 0.827190
vt 0.036507 0.826997
vt 0.035272 0.828097
vt 0.035439 0.827668
vt 0.037052 0.828759
vt 0.037318 0.828480
vt 0.037574 0.828224
vt 0.036491 0.829282
vt 0.036780 0.829024
vt 0.981303 0.986688
vt 0.986515 0.981995
vt 0.987704 0.975250
vt 0.984417 0.969179
vt 0.978750 0.965889
vt 0.972185 0.967423
vt 0.966984 0.972329
vt 0.965917 0.979099
vt 0.969333 0.984882
vt 0.974929 0.988048
vt 0.015421 0.800718
vt 0.022258 0.800651
vt 0.027772 0.804841
vt 0.030134 0.811312
vt 0.027945 0.817863
vt 0.022470 0.822231
vt 0.015584 0.822330
vt 0.010007 0.818123
vt 0.007666 0.811596
vt 0.009926 0.805028
vt 0.989000 0.030032
vt 0.987316 0.028924
vt 0.985454 0.028098
vt 0.983473 0.027250
vt 0.980050 0.023967
vt 0.979256 0.021733
vt 0.981554 0.025905
vt 0.959836 0.947973
vt 0.060457 0.970515
vt 0.060941 0.970125
vt 0.061091 0.969999
vt 0.061839 0.972850
vt 0.062197 0.972602
vt 0.062317 0.972531
vt 0.063411 0.975839
vt 0.063631 0.975713
vt 0.956407 0.960511
vt 0.953983 0.962608
vt 0.950906 0.965863
vt 0.948675 0.959312
vt 0.948802 0.961053
vt 0.955240 0.961493
vt 0.952511 0.964306
vt 0.949462 0.966493
vt 0.957945 0.959526
vt 0.953225 0.959682
vt 0.952175 0.960627
vt 0.954380 0.958985
vt 0.951281 0.962013
vt 0.950103 0.962953
vt 0.948890 0.963674
vt 0.955700 0.958172
vt 0.977365 0.973696
vt 0.976217 0.980485
vt 0.015454 0.811522
vt 0.022365 0.811437
vt 0.029205 0.945749
vt 0.819516 0.849924
vt 0.819325 0.857255
vt 0.847423 0.855897
vt 0.846803 0.850918
vt 0.821095 0.836527
vt 0.819752 0.843231
vt 0.846566 0.847704
vt 0.846828 0.843414
vt 0.827219 0.821716
vt 0.824399 0.828014
vt 0.847373 0.840542
vt 0.848003 0.837108
vt 0.877565 0.915386
vt 0.861618 0.895416
vt 0.864913 0.920625
vt 0.872071 0.918463
vt 0.859718 0.893582
vt 0.858463 0.892298
vt 0.851235 0.920658
vt 0.857603 0.921774
vt 0.857903 0.891584
vt 0.856498 0.890557
vt 0.835051 0.913257
vt 0.841957 0.917437
vt 0.855414 0.889221
vt 0.853808 0.886728
vt 0.825317 0.898737
vt 0.828734 0.906302
vt 0.852554 0.883442
vt 0.851402 0.878994
vt 0.819962 0.879418
vt 0.821728 0.887211
vt 0.850692 0.874440
vt 0.849938 0.869219
vt 0.818708 0.864994
vt 0.818877 0.872014
vt 0.849172 0.864892
vt 0.848156 0.859494
vt 0.874205 0.851873
vt 0.873536 0.846889
vt 0.873428 0.844179
vt 0.873378 0.839149
vt 0.873459 0.835826
vt 0.873545 0.830762
vt 0.886200 0.901834
vt 0.886041 0.898652
vt 0.885860 0.894123
vt 0.885122 0.891361
vt 0.883952 0.886921
vt 0.882890 0.884010
vt 0.881224 0.879631
vt 0.880253 0.875999
vt 0.878668 0.871385
vt 0.877926 0.867592
vt 0.876518 0.862761
vt 0.875833 0.859432
vt 0.874701 0.854492
vt 0.892281 0.849125
vt 0.891504 0.844190
vt 0.891392 0.842034
vt 0.891083 0.837077
vt 0.891150 0.834324
vt 0.890957 0.829301
vt 0.904230 0.900335
vt 0.904163 0.897230
vt 0.903464 0.892154
vt 0.903193 0.889285
vt 0.902068 0.884189
vt 0.901078 0.881156
vt 0.899617 0.876093
vt 0.898440 0.872503
vt 0.897080 0.867457
vt 0.896043 0.863999
vt 0.894788 0.859008
vt 0.893748 0.856201
vt 0.892736 0.851237
vt 0.906498 0.847529
vt 0.906103 0.842473
vt 0.905593 0.840643
vt 0.905326 0.835593
vt 0.905431 0.833231
vt 0.905136 0.828171
vt 0.918652 0.896794
vt 0.919199 0.893908
vt 0.918421 0.888676
vt 0.918064 0.886133
vt 0.917221 0.880830
vt 0.916442 0.878153
vt 0.914716 0.872930
vt 0.913597 0.869771
vt 0.912244 0.864520
vt 0.911223 0.861624
vt 0.909959 0.856577
vt 0.908283 0.854317
vt 0.907667 0.849239
vt 0.921742 0.845847
vt 0.920578 0.840856
vt 0.920198 0.839183
vt 0.919818 0.834110
vt 0.920080 0.832007
vt 0.919645 0.826954
vt 0.933745 0.892526
vt 0.933653 0.890039
vt 0.933478 0.884740
vt 0.933257 0.882498
vt 0.932354 0.877381
vt 0.932315 0.874954
vt 0.931216 0.869658
vt 0.929830 0.866958
vt 0.928426 0.861831
vt 0.926182 0.859519
vt 0.925479 0.854456
vt 0.923963 0.852480
vt 0.922182 0.847552
vt 0.939622 0.843607
vt 0.939149 0.838745
vt 0.938557 0.836982
vt 0.938264 0.832115
vt 0.938236 0.830110
vt 0.937843 0.825311
vt 0.950991 0.887578
vt 0.952515 0.884881
vt 0.951064 0.880268
vt 0.952188 0.877733
vt 0.950772 0.873059
vt 0.950657 0.870744
vt 0.949556 0.865943
vt 0.948112 0.863647
vt 0.947232 0.858817
vt 0.944924 0.856733
vt 0.944326 0.851908
vt 0.941809 0.850091
vt 0.941418 0.845225
vt 0.960418 0.840558
vt 0.959864 0.836021
vt 0.959617 0.834082
vt 0.959173 0.829553
vt 0.959088 0.827560
vt 0.959056 0.823058
vt 0.971051 0.882425
vt 0.972280 0.879867
vt 0.971087 0.875524
vt 0.972033 0.873014
vt 0.971124 0.868556
vt 0.970695 0.866370
vt 0.969559 0.861935
vt 0.968757 0.859731
vt 0.967025 0.855412
vt 0.965939 0.853188
vt 0.964700 0.848778
vt 0.962481 0.846917
vt 0.961922 0.842374
vt 0.799173 0.846882
vt 0.801385 0.853470
vt 0.807739 0.851966
vt 0.805782 0.845153
vt 0.797093 0.868140
vt 0.796856 0.872973
vt 0.806124 0.870431
vt 0.806148 0.865036
vt 0.787448 0.826826
vt 0.786281 0.832803
vt 0.796343 0.833137
vt 0.797115 0.828635
vt 0.816268 0.809810
vt 0.812796 0.814651
vt 0.817016 0.817070
vt 0.820079 0.811948
vt 0.905065 0.927267
vt 0.898322 0.925225
vt 0.875333 0.930566
vt 0.884296 0.928745
vt 0.880461 0.926063
vt 0.871768 0.927308
vt 0.842463 0.952786
vt 0.846992 0.955367
vt 0.847522 0.945634
vt 0.843051 0.943225
vt 0.823955 0.930112
vt 0.832857 0.931919
vt 0.834671 0.925531
vt 0.826789 0.922422
vt 0.797803 0.921303
vt 0.801667 0.924914
vt 0.809532 0.917817
vt 0.807717 0.912224
vt 0.807977 0.891085
vt 0.808076 0.899373
vt 0.813690 0.893669
vt 0.812838 0.885093
vt 0.801633 0.012090
vt 0.814870 0.011175
vt 0.817438 0.011228
vt 0.806789 0.011544
vt 0.804165 0.011775
vt 0.809475 0.011374
vt 0.812189 0.011246
vt 0.804180 0.039452
vt 0.816397 0.039241
vt 0.818842 0.038754
vt 0.809027 0.039099
vt 0.806592 0.039087
vt 0.811460 0.039304
vt 0.813919 0.039423
vt 0.802896 0.025477
vt 0.817676 0.024707
vt 0.815233 0.024890
vt 0.812759 0.025001
vt 0.810271 0.025026
vt 0.807793 0.025041
vt 0.805334 0.025168
vt 0.807007 0.053471
vt 0.819056 0.052264
vt 0.816999 0.052018
vt 0.814942 0.051615
vt 0.812876 0.051440
vt 0.810818 0.051748
vt 0.808855 0.052509
vt 0.010580 0.989012
vt 0.014946 0.988449
vt 0.020459 0.986606
vt 0.013338 0.848420
vt 0.009143 0.845581
vt 0.016606 0.843970
vt 0.012537 0.840736
vt 0.017819 0.840516
vt 0.015385 0.837202
vt 0.052005 0.983995
vt 0.048040 0.981931
vt 0.040940 0.982358
vt 0.039120 0.982210
vt 0.936864 0.983338
vt 0.943104 0.978865
vt 0.939143 0.988051
vt 0.945828 0.981699
vt 0.943215 0.991231
vt 0.948760 0.986182
vt 0.032659 0.983222
vt 0.028286 0.984798
vt 0.023726 0.985539
vt 0.056358 0.986458
vt 0.060829 0.987787
vt 0.064298 0.988305
vt 0.946171 0.005267
vt 0.946032 0.004176
vt 0.946125 0.004692
vt 0.945066 0.005422
vt 0.944907 0.004461
vt 0.944977 0.004919
vt 0.943921 0.005515
vt 0.943774 0.004766
vt 0.943828 0.005134
vt 0.942745 0.005637
vt 0.942631 0.005005
vt 0.942692 0.005310
vt 0.941878 0.005701
vt 0.941789 0.005236
vt 0.941839 0.005479
vt 0.789714 0.789714
vt 0.003390 0.789714
vt 0.003390 0.003390
vt 0.789714 0.003390
vt 0.010161 0.949177
vt 0.013333 0.947901
vt 0.020070 0.947893
vt 0.023236 0.949184
vt 0.025972 0.951271
vt 0.007379 0.951234
vt 0.016701 0.947458
vt 0.028073 0.954007
vt 0.005204 0.953971
vt 0.029389 0.957195
vt 0.003842 0.957200
vt 0.029826 0.960608
vt 0.003390 0.960658
vt 0.029360 0.963995
vt 0.025981 0.969823
vt 0.023291 0.971932
vt 0.009966 0.972052
vt 0.007258 0.969919
vt 0.003882 0.964069
vt 0.020120 0.973310
vt 0.013187 0.973389
vt 0.028051 0.967130
vt 0.005199 0.967208
vt 0.016663 0.973826
vt 0.023766 0.826344
vt 0.014170 0.826434
vt 0.006507 0.820768
vt 0.003390 0.811761
vt 0.013824 0.796766
vt 0.023470 0.796610
vt 0.034320 0.811381
vt 0.031366 0.820498
vt 0.006277 0.802666
vt 0.031199 0.802313
vt 0.952269 0.957600
vt 0.952737 0.956784
vt 0.951507 0.958484
vt 0.953837 0.955932
vt 0.956564 0.956973
vt 0.950988 0.959286
vt 0.959423 0.958334
vt 0.959763 0.961337
vt 0.958020 0.962637
vt 0.956685 0.963865
vt 0.950266 0.959800
vt 0.961642 0.960213
vt 0.955491 0.965078
vt 0.949527 0.960929
vt 0.953996 0.966562
vt 0.952538 0.968278
vt 0.949776 0.959485
vt 0.947458 0.963903
vt 0.947929 0.961120
vt 0.951048 0.968822
vt 0.947863 0.966893
vt 0.947638 0.959769
vt 0.948388 0.958170
vt 0.949254 0.958628
vt 0.949363 0.969290
vt 0.947570 0.958909
vt 0.007258 0.912952
vt 0.006106 0.914066
vt 0.006172 0.910197
vt 0.007286 0.911349
vt 0.004504 0.914038
vt 0.004570 0.910170
vt 0.003390 0.912886
vt 0.003418 0.911283
vt 0.815480 0.004012
vt 0.818655 0.004529
vt 0.819855 0.011535
vt 0.820112 0.024492
vt 0.822002 0.005334
vt 0.812445 0.003594
vt 0.821264 0.038160
vt 0.809406 0.003390
vt 0.821068 0.052067
vt 0.821660 0.075768
vt 0.820177 0.076006
vt 0.806294 0.003558
vt 0.823207 0.075580
vt 0.818727 0.076348
vt 0.803117 0.004151
vt 0.817269 0.076715
vt 0.799882 0.005087
vt 0.815782 0.077001
vt 0.800464 0.025851
vt 0.799206 0.012505
vt 0.796610 0.006325
vt 0.814245 0.077163
vt 0.801834 0.040177
vt 0.812655 0.077285
vt 0.805181 0.054391
vt 0.811085 0.077579
vt 0.870592 0.901050
vt 0.880255 0.911365
vt 0.903063 0.921680
vt 0.885400 0.906520
vt 0.910106 0.923562
vt 0.937693 0.937724
vt 0.904363 0.939797
vt 0.904890 0.905334
vt 0.944990 0.930836
vt 0.890482 0.944761
vt 0.919856 0.901738
vt 0.846895 0.993267
vt 0.934553 0.897569
vt 0.840320 0.990260
vt 0.952417 0.892128
vt 0.825347 0.956372
vt 0.991824 0.875775
vt 0.991910 0.878040
vt 0.971790 0.886790
vt 0.812542 0.957641
vt 0.991637 0.871244
vt 0.992084 0.882517
vt 0.769029 0.959090
vt 0.918706 0.872037
vt 0.921820 0.873453
vt 0.925187 0.873200
vt 0.991481 0.868933
vt 0.768023 0.953565
vt 0.917961 0.869050
vt 0.927429 0.871259
vt 0.990943 0.864420
vt 0.785787 0.915058
vt 0.920245 0.866968
vt 0.926815 0.868273
vt 0.990506 0.862173
vt 0.790950 0.902366
vt 0.923754 0.866719
vt 0.989409 0.857757
vt 0.761952 0.879493
vt 0.988668 0.855566
vt 0.763009 0.877048
vt 0.987099 0.851295
vt 0.777679 0.854345
vt 0.986177 0.849197
vt 0.774038 0.848605
vt 0.984437 0.845040
vt 0.749152 0.831339
vt 0.983580 0.843052
vt 0.750372 0.826209
vt 0.830897 0.815891
vt 0.848395 0.833815
vt 0.982042 0.838907
vt 0.791494 0.803692
vt 0.824046 0.792520
vt 0.872723 0.827124
vt 0.981446 0.837007
vt 0.796266 0.795529
vt 0.820845 0.786344
vt 0.890787 0.826039
vt 0.980433 0.832777
vt 0.800112 0.757627
vt 0.905708 0.825401
vt 0.980172 0.830873
vt 0.920823 0.824530
vt 0.979694 0.826534
vt 0.939331 0.823008
vt 0.979644 0.824541
vt 0.959200 0.820956
vt 0.979601 0.820101
vt 0.979664 0.817958
vt 0.619023 0.850714
vt 0.657276 0.833724
vt 0.584580 0.872253
vt 0.727853 0.796610
vt 0.728721 0.801079
vt 0.553011 0.891076
vt 0.730332 0.804860
vt 0.536384 0.904564
vt 0.532203 0.895793
vt 0.732672 0.807756
vt 0.543004 0.911245
vt 0.735654 0.810480
vt 0.550164 0.917189
vt 0.738712 0.813452
vt 0.556034 0.923692
vt 0.741089 0.816556
vt 0.559676 0.931033
vt 0.742617 0.819901
vt 0.679362 0.870096
vt 0.647476 0.895742
vt 0.562171 0.939271
vt 0.614264 0.917663
vt 0.743782 0.823966
vt 0.565786 0.948192
vt 0.585326 0.939331
vt 0.572215 0.955930
vt 0.836676 0.022958
vt 0.837297 0.027453
vt 0.827740 0.029363
vt 0.827119 0.024868
vt 0.834937 0.031190
vt 0.830978 0.031982
vt 0.833437 0.020339
vt 0.829479 0.021130
vt 0.921712 0.989402
vt 0.922083 0.989634
vt 0.922824 0.993404
vt 0.921755 0.993332
vt 0.920820 0.992919
vt 0.919938 0.992296
vt 0.919147 0.988135
vt 0.917510 0.990815
vt 0.916563 0.990292
vt 0.917200 0.988290
vt 0.915785 0.989631
vt 0.915254 0.988700
vt 0.081903 0.986440
vt 0.083891 0.986731
vt 0.078319 0.989624
vt 0.077802 0.988744
vt 0.080981 0.986586
vt 0.085203 0.989253
vt 0.080064 0.993082
vt 0.079627 0.992149
vt 0.077408 0.990092
vt 0.078706 0.992621
vt 0.087778 0.990451
vt 0.087064 0.992328
vt 0.076452 0.990580
vt 0.077743 0.993110
vt 0.083878 0.992047
vt 0.081957 0.992449
vt 0.086613 0.993129
vt 0.075539 0.991042
vt 0.076828 0.993574
vt 0.086432 0.993266
vt 0.074576 0.991531
vt 0.075864 0.994064
vt 0.991708 0.070725
vt 0.991531 0.070266
vt 0.993108 0.070458
vt 0.992438 0.070637
vt 0.991525 0.069982
vt 0.991850 0.070979
vt 0.992300 0.069692
vt 0.993018 0.069680
vt 0.993560 0.069925
vt 0.993557 0.070093
vt 0.993566 0.070177
vt 0.991640 0.069492
vt 0.975780 0.009241
vt 0.972901 0.008991
vt 0.969127 0.006577
vt 0.969169 0.006328
vt 0.978351 0.009382
vt 0.970121 0.008644
vt 0.968644 0.006531
vt 0.968681 0.006283
vt 0.973256 0.004281
vt 0.976069 0.004627
vt 0.980456 0.009432
vt 0.978625 0.004970
vt 0.967394 0.008196
vt 0.970575 0.004002
vt 0.982283 0.009443
vt 0.980729 0.005276
vt 0.964849 0.007663
vt 0.967925 0.003804
vt 0.983881 0.009484
vt 0.982534 0.005522
vt 0.962600 0.007106
vt 0.965413 0.003674
vt 0.985334 0.009554
vt 0.984094 0.005706
vt 0.960728 0.006607
vt 0.963153 0.003580
vt 0.986754 0.009637
vt 0.985523 0.005831
vt 0.959209 0.006193
vt 0.961253 0.003494
vt 0.993736 0.008256
vt 0.993743 0.008825
vt 0.988200 0.009736
vt 0.986945 0.005915
vt 0.957954 0.005841
vt 0.956077 0.004676
vt 0.956115 0.004499
vt 0.956137 0.004318
vt 0.956151 0.004135
vt 0.959696 0.003428
vt 0.993768 0.009395
vt 0.993781 0.007690
vt 0.989777 0.009903
vt 0.988416 0.005982
vt 0.956718 0.005353
vt 0.956016 0.004849
vt 0.956164 0.003949
vt 0.958386 0.003390
vt 0.993759 0.009935
vt 0.993875 0.007122
vt 0.991578 0.010151
vt 0.990045 0.006023
vt 0.955932 0.005020
vt 0.956175 0.003758
vt 0.957039 0.003479
vt 0.993662 0.010470
vt 0.993983 0.006556
vt 0.991923 0.006039
vt 0.956180 0.003563
vt 0.994063 0.005992
vt 0.074891 0.981251
vt 0.073582 0.980979
vt 0.072882 0.979897
vt 0.076023 0.980487
vt 0.073134 0.978667
vt 0.076228 0.979203
vt 0.074183 0.977966
vt 0.075453 0.978172
vt 0.974536 0.043691
vt 0.973354 0.043045
vt 0.975685 0.043301
vt 0.972881 0.041840
vt 0.976204 0.042110
vt 0.973489 0.041029
vt 0.975721 0.040910
vt 0.974651 0.040678
vt 0.954346 0.040384
vt 0.954237 0.037135
vt 0.956338 0.042643
vt 0.955040 0.042887
vt 0.954401 0.034111
vt 0.957340 0.043036
vt 0.954529 0.030682
vt 0.955881 0.030509
vt 0.958481 0.043556
vt 0.957144 0.030807
vt 0.959601 0.043624
vt 0.958363 0.031231
vt 0.960903 0.043626
vt 0.959655 0.031300
vt 0.962205 0.043614
vt 0.960905 0.031067
vt 0.963345 0.043180
vt 0.962166 0.030968
vt 0.965118 0.037090
vt 0.965110 0.040255
vt 0.964601 0.042737
vt 0.963458 0.030913
vt 0.964815 0.034103
vt 0.964773 0.030667
vt 0.029618 0.944068
vt 0.033345 0.946716
vt 0.028831 0.947440
vt 0.027119 0.945263
vt 0.063678 0.975756
vt 0.063445 0.975918
vt 0.061677 0.972898
vt 0.058077 0.967487
vt 0.058897 0.966707
vt 0.060185 0.970624
vt 0.062749 0.972419
vt 0.063916 0.975641
vt 0.059176 0.966439
vt 0.057627 0.967706
vt 0.061654 0.969836
vt 0.060239 0.966102
vt 0.992514 0.984923
vt 0.984538 0.992642
vt 0.973884 0.994444
vt 0.994280 0.973840
vt 0.964370 0.989466
vt 0.959322 0.979867
vt 0.989146 0.964185
vt 0.961198 0.968862
vt 0.979689 0.959322
vt 0.969127 0.961213
vt 0.959749 0.950176
vt 0.958226 0.949458
vt 0.957627 0.947885
vt 0.958344 0.946362
vt 0.959918 0.945762
vt 0.961323 0.949577
vt 0.962040 0.948053
vt 0.961441 0.946480
vt 0.976004 0.033553
vt 0.973205 0.032299
vt 0.971969 0.029858
vt 0.987020 0.020720
vt 0.988205 0.021477
vt 0.978992 0.034592
vt 0.969491 0.026632
vt 0.986263 0.019714
vt 0.989707 0.022135
vt 0.982576 0.035514
vt 0.969616 0.023445
vt 0.978960 0.019568
vt 0.985862 0.018420
vt 0.991324 0.022891
vt 0.984199 0.038482
vt 0.985433 0.016950
vt 0.990210 0.025938
vt 0.989569 0.026805
vt 0.989965 0.027074
vt 0.986128 0.041196
vt 0.990542 0.031411
vt 0.992827 0.023839
vt 0.990513 0.026155
vt 0.994241 0.024763
vt 0.941699 0.005021
vt 0.942569 0.004674
vt 0.943721 0.004369
vt 0.940678 0.005726
vt 0.944773 0.003972
vt 0.945814 0.003648
vt 0.942769 0.005961
vt 0.941875 0.005957
vt 0.947120 0.003390
vt 0.947359 0.003898
vt 0.943968 0.005879
vt 0.947451 0.004416
vt 0.945144 0.005868
vt 0.947464 0.004974
vt 0.946274 0.005773
vt 0.947594 0.005503
vt 0.979591 0.938004
vt 0.986972 0.938052
vt 0.985217 0.953052
vt 0.978392 0.948380
vt 0.994694 0.937932
vt 0.993862 0.952388
vt 0.972383 0.937288
vt 0.969491 0.952086
vt 0.045273 0.949504
vt 0.052845 0.949152
vt 0.051971 0.962300
vt 0.044478 0.966447
vt 0.037443 0.949485
vt 0.037288 0.967923
vt 0.952093 0.804743
vt 0.945870 0.798812
vt 0.952417 0.784970
vt 0.961234 0.784623
vt 0.943833 0.785258
vt 0.951264 0.776230
vt 0.960073 0.775739
vt 0.943040 0.776479
vt 0.950640 0.767235
vt 0.959386 0.766608
vt 0.969891 0.783975
vt 0.968810 0.774990
vt 0.973396 0.798873
vt 0.935180 0.776551
vt 0.950409 0.758108
vt 0.958903 0.757299
vt 0.968037 0.765737
vt 0.978186 0.783181
vt 0.977011 0.774032
vt 0.980825 0.794259
vt 0.926833 0.785455
vt 0.927207 0.776521
vt 0.950148 0.747626
vt 0.958438 0.746684
vt 0.967406 0.756333
vt 0.976177 0.764793
vt 0.925600 0.798147
vt 0.918090 0.785193
vt 0.918630 0.776366
vt 0.927228 0.767558
vt 0.935159 0.767665
vt 0.942494 0.758596
vt 0.942376 0.748621
vt 0.950047 0.736569
vt 0.958633 0.735659
vt 0.966770 0.746118
vt 0.975492 0.755450
vt 0.926451 0.801469
vt 0.909258 0.785333
vt 0.909806 0.776278
vt 0.918705 0.767286
vt 0.927127 0.758491
vt 0.934879 0.758668
vt 0.934823 0.749301
vt 0.942035 0.737818
vt 0.950093 0.726924
vt 0.958850 0.726140
vt 0.966906 0.735434
vt 0.974818 0.745871
vt 0.906618 0.800761
vt 0.909904 0.767019
vt 0.918698 0.758063
vt 0.927073 0.749212
vt 0.934569 0.739163
vt 0.941758 0.728027
vt 0.950316 0.718528
vt 0.958762 0.717914
vt 0.967135 0.725937
vt 0.974464 0.735894
vt 0.909943 0.757620
vt 0.918687 0.748675
vt 0.926821 0.739487
vt 0.934285 0.729272
vt 0.942130 0.719190
vt 0.950352 0.709689
vt 0.958501 0.709247
vt 0.966833 0.717570
vt 0.974432 0.726510
vt 0.910003 0.748103
vt 0.918429 0.739032
vt 0.926518 0.729691
vt 0.934388 0.719877
vt 0.942187 0.710062
vt 0.950086 0.691187
vt 0.958638 0.690925
vt 0.966614 0.708834
vt 0.974289 0.717785
vt 0.909860 0.738455
vt 0.918118 0.729365
vt 0.926170 0.720098
vt 0.934000 0.710410
vt 0.941720 0.691426
vt 0.950035 0.682220
vt 0.958489 0.682161
vt 0.967045 0.690703
vt 0.974632 0.708860
vt 0.909679 0.728905
vt 0.917717 0.719908
vt 0.925742 0.710696
vt 0.933345 0.691567
vt 0.941738 0.682151
vt 0.950006 0.672884
vt 0.959718 0.671358
vt 0.966809 0.681916
vt 0.975319 0.690605
vt 0.909374 0.719644
vt 0.917317 0.710720
vt 0.924709 0.691576
vt 0.933391 0.681979
vt 0.941596 0.672684
vt 0.949838 0.663372
vt 0.959725 0.665123
vt 0.962553 0.671316
vt 0.975114 0.681607
vt 0.908889 0.710613
vt 0.916246 0.691521
vt 0.924729 0.681816
vt 0.933271 0.672454
vt 0.941380 0.663154
vt 0.949773 0.654010
vt 0.958204 0.654037
vt 0.965398 0.671176
vt 0.975022 0.672615
vt 0.907940 0.691661
vt 0.916191 0.681783
vt 0.924781 0.672344
vt 0.933157 0.663019
vt 0.941444 0.653694
vt 0.948512 0.644450
vt 0.958155 0.644445
vt 0.966541 0.654240
vt 0.962617 0.664980
vt 0.965451 0.665029
vt 0.974781 0.663566
vt 0.907800 0.682077
vt 0.916304 0.672426
vt 0.924906 0.663053
vt 0.933237 0.653638
vt 0.941769 0.644031
vt 0.956468 0.634108
vt 0.966666 0.644828
vt 0.974776 0.654412
vt 0.907881 0.672842
vt 0.916508 0.663247
vt 0.924947 0.653796
vt 0.933222 0.644188
vt 0.941696 0.636649
vt 0.963241 0.629778
vt 0.975371 0.647082
vt 0.908125 0.663568
vt 0.916551 0.654006
vt 0.924783 0.643452
vt 0.936324 0.635477
vt 0.908197 0.654340
vt 0.916311 0.644701
vt 0.907610 0.644931
vt 0.915624 0.634695
vt 0.907736 0.640671
vt 0.003390 0.922034
vt 0.011177 0.922165
vt 0.011790 0.941426
vt 0.004093 0.938027
vt 0.018619 0.922321
vt 0.016164 0.935600
vt 0.025847 0.922810
vt 0.023174 0.938460
vt 0.984254 0.060645
vt 0.976271 0.060442
vt 0.981160 0.045763
vt 0.986018 0.050553
vt 0.992239 0.061143
vt 0.992233 0.048767
vt 0.946826 0.022919
vt 0.938983 0.024147
vt 0.939701 0.013559
vt 0.946891 0.016338
vt 0.954742 0.022213
vt 0.950930 0.014299
vt 0.962684 0.021744
vt 0.960323 0.014528
vt 0.844717 0.013506
vt 0.836747 0.013091
vt 0.837800 0.003390
vt 0.844239 0.009117
vt 0.828813 0.012604
vt 0.829643 0.005590
vt 0.852625 0.012619
vt 0.850023 0.004332
vt 0.050248 0.810875
vt 0.042373 0.810093
vt 0.048495 0.799782
vt 0.056202 0.796610
vt 0.990940 0.929431
vt 0.983050 0.928434
vt 0.983385 0.919730
vt 0.993560 0.916949
vt 0.963205 0.628813
vt 0.971648 0.634493
vt 0.973601 0.633970
vt 0.983894 0.645643
vt 0.982873 0.654630
vt 0.956261 0.631456
vt 0.976595 0.632881
vt 0.982806 0.663402
vt 0.985540 0.636680
vt 0.949509 0.637418
vt 0.953729 0.636329
vt 0.964764 0.668173
vt 0.964679 0.666064
vt 0.983379 0.672374
vt 0.962946 0.665707
vt 0.961252 0.665999
vt 0.986123 0.634226
vt 0.947105 0.637236
vt 0.983636 0.681560
vt 0.964518 0.670179
vt 0.960739 0.668335
vt 0.983650 0.690859
vt 0.962853 0.670660
vt 0.961114 0.670485
vt 0.941404 0.633321
vt 0.982618 0.709392
vt 0.936117 0.633028
vt 0.982088 0.718310
vt 0.924928 0.642117
vt 0.928458 0.637055
vt 0.981945 0.727146
vt 0.900085 0.654902
vt 0.898940 0.645997
vt 0.914998 0.633249
vt 0.923014 0.636329
vt 0.982223 0.736265
vt 0.899989 0.663795
vt 0.898924 0.637074
vt 0.907305 0.638141
vt 0.982804 0.745604
vt 0.899713 0.672987
vt 0.900755 0.635597
vt 0.983460 0.754822
vt 0.899439 0.682443
vt 0.984136 0.763929
vt 0.899517 0.692035
vt 0.900722 0.710647
vt 0.984937 0.772826
vt 0.901261 0.719518
vt 0.946199 0.764560
vt 0.942408 0.763318
vt 0.947185 0.767588
vt 0.986058 0.781425
vt 0.901528 0.728489
vt 0.939918 0.764443
vt 0.945817 0.770579
vt 0.981426 0.797687
vt 0.973340 0.801316
vt 0.901579 0.737923
vt 0.938630 0.767370
vt 0.942762 0.771767
vt 0.963826 0.802279
vt 0.964258 0.799290
vt 0.962116 0.801007
vt 0.961450 0.794122
vt 0.986834 0.780053
vt 0.993571 0.793549
vt 0.991402 0.795865
vt 0.990733 0.798899
vt 0.901574 0.747665
vt 0.939518 0.770422
vt 0.960783 0.800415
vt 0.958191 0.799897
vt 0.961175 0.804441
vt 0.951716 0.805984
vt 0.901467 0.757324
vt 0.944941 0.801318
vt 0.901413 0.766892
vt 0.937966 0.803305
vt 0.937232 0.798864
vt 0.935232 0.787172
vt 0.935283 0.782813
vt 0.934001 0.798864
vt 0.901329 0.776238
vt 0.934873 0.786402
vt 0.933180 0.798146
vt 0.930052 0.797427
vt 0.932054 0.799082
vt 0.900809 0.785263
vt 0.922668 0.805222
vt 0.922053 0.802145
vt 0.919848 0.801941
vt 0.918053 0.791120
vt 0.940683 0.808228
vt 0.934481 0.811527
vt 0.915797 0.801838
vt 0.913438 0.802812
vt 0.917791 0.805909
vt 0.909865 0.804869
vt 0.928249 0.815524
vt 0.901175 0.801917
vt 0.901286 0.798594
vt 0.899513 0.784453
vt 0.898305 0.797576
vt 0.949283 0.633380
vt 0.942977 0.632110
vt 0.952368 0.636102
vt 0.950284 0.630323
vt 0.974826 0.631973
vt 0.976374 0.630207
vt 0.971857 0.632079
vt 0.972648 0.632881
vt 0.922015 0.633607
vt 0.925191 0.635059
vt 0.925237 0.636873
vt 0.925993 0.633790
vt 0.950874 0.979144
vt 0.951755 0.982411
vt 0.950623 0.990682
vt 0.945743 0.993238
vt 0.936514 0.994005
vt 0.933270 0.992226
vt 0.934826 0.979670
vt 0.939265 0.974817
vt 0.947679 0.975176
vt 0.931014 0.987794
vt 0.951840 0.986048
vt 0.940382 0.994319
vt 0.943863 0.972881
vt 0.930508 0.983117
vt 0.009616 0.851745
vt 0.006117 0.849487
vt 0.003390 0.844968
vt 0.006357 0.841732
vt 0.015532 0.853929
vt 0.017700 0.851306
vt 0.009069 0.837237
vt 0.018396 0.847442
vt 0.012976 0.835108
vt 0.017990 0.834489
vt 0.019641 0.836785
vt 0.021962 0.844647
vt 0.015214 0.833898
vt 0.022499 0.841438
vt 0.068610 0.989669
vt 0.065900 0.992290
vt 0.062419 0.993172
vt 0.065794 0.983931
vt 0.069671 0.985126
vt 0.058417 0.994894
vt 0.061643 0.982432
vt 0.054205 0.991961
vt 0.056377 0.981054
vt 0.051276 0.989699
vt 0.051580 0.979917
vt 0.045481 0.989234
vt 0.047568 0.976271
vt 0.041834 0.989440
vt 0.040858 0.976927
vt 0.038023 0.989165
vt 0.035297 0.978269
vt 0.034949 0.988856
vt 0.030750 0.979145
vt 0.030223 0.989671
vt 0.026088 0.979828
vt 0.024809 0.990759
vt 0.022926 0.980903
vt 0.020176 0.989912
vt 0.019618 0.982585
vt 0.015911 0.993692
vt 0.014645 0.983937
vt 0.011270 0.994339
vt 0.008676 0.983116
vt 0.004674 0.993769
vt 0.004800 0.989883
vt 0.003390 0.985412
vt 0.038041 0.829300
vt 0.037798 0.829563
vt 0.037538 0.829815
vt 0.038283 0.829049
vt 0.037232 0.827261
vt 0.037865 0.827978
vt 0.037263 0.830049
vt 0.038575 0.828804
vt 0.036217 0.829520
vt 0.035565 0.828853
vt 0.036814 0.826742
vt 0.036991 0.830276
vt 0.035086 0.828445
vt 0.034541 0.826156
vt 0.034878 0.826009
vt 0.036473 0.826268
vt 0.034672 0.828100
vt 0.034294 0.826491
vt 0.035347 0.825762
vt 0.036067 0.825780
vt 0.034237 0.827683
vt 0.034095 0.826942
vt 0.035702 0.825424
vt 0.033898 0.827320
vt 0.043939 0.820009
vt 0.043961 0.819516
vt 0.045878 0.818931
vt 0.045839 0.821536
vt 0.043556 0.819123
vt 0.043672 0.816949
vt 0.043514 0.820115
vt 0.043245 0.822728
vt 0.043130 0.819253
vt 0.041067 0.817870
vt 0.043101 0.819758
vt 0.040678 0.820636
vt 0.993039 0.994419
vt 0.992793 0.994472
vt 0.992512 0.994518
vt 0.993251 0.994385
vt 0.992187 0.994588
vt 0.993413 0.994208
vt 0.993557 0.994386
vt 0.991718 0.994693
vt 0.991720 0.994540
vt 0.993352 0.994019
vt 0.991720 0.994390
vt 0.993311 0.993802
vt 0.991685 0.994228
vt 0.992528 0.993548
vt 0.992728 0.993467
vt 0.993261 0.993563
vt 0.991621 0.994088
vt 0.992293 0.993634
vt 0.992895 0.993383
vt 0.993266 0.993383
vt 0.991556 0.993948
vt 0.991991 0.993706
vt 0.993142 0.993221
vt 0.991525 0.993796
vt 0.036619 0.797757
vt 0.036768 0.797865
vt 0.036690 0.798990
vt 0.035594 0.798137
vt 0.036909 0.797843
vt 0.037809 0.798497
vt 0.036631 0.797583
vt 0.035770 0.796978
vt 0.036914 0.797690
vt 0.037905 0.797399
vt 0.036774 0.797561
vt 0.036885 0.796610
vt 0.927118 0.005421
vt 0.929491 0.003390
vt 0.932178 0.004292
vt 0.927238 0.008164
vt 0.932594 0.007203
vt 0.929977 0.009357
vt 1.536338 -0.017707
vt 1.537475 -0.017268
vt 1.537642 -0.016062
vt 1.535312 -0.016810
vt 1.536549 -0.015119
vt 1.535373 -0.015630
vt 0.957224 0.991525
vt 0.957014 0.991556
vt 0.958381 0.992108
vt 0.958271 0.991959
vt 0.958469 0.993406
vt 0.958539 0.993228
vt 0.957243 0.994350
vt 0.957464 0.994308
vt 0.955984 0.993685
vt 0.956147 0.993904
vt 0.956053 0.992355
vt 0.955932 0.992624
# 1158 polygons
usemtl initialShadingGroup
s 1
g Cheese
f 1/865/1 9/864/2 10/858/3 3/863/4
s 2
f 3/863/5 10/858/6 17/3/7 18/862/8
s 3
f 3/890/9 18/887/10 19/888/11 1/891/12
s 4
f 1/865/13 19/866/14 20/867/15 9/864/16
s off
f 2/875/17 6/877/18 5/872/19 4/871/20
s 3
f 8/883/21 7/882/22 11/878/23 12/879/24
s 1
f 10/889/3 9/884/2 15/2/25 16/886/26
s 2
f 11/860/27 17/3/7 10/858/6 16/859/28
s 4
f 9/884/16 20/885/15 12/876/29 15/2/30
s 1
f 14/881/31 13/1/32 2/875/33 4/880/34
s 2
f 11/873/27 14/870/35 4/871/36 5/872/37
s 3
f 12/879/24 11/878/23 5/872/38 6/877/39
s 4
f 13/1/40 12/876/29 6/877/41 2/875/42
s 1
f 16/886/26 15/2/25 13/1/32 14/881/31
s 2
f 11/873/27 16/874/28 14/870/35
s 4
f 15/2/30 12/876/29 13/1/40
s 2
f 18/862/8 17/3/7 11/860/27 7/861/43
s 3
f 19/888/11 18/887/10 7/882/22 8/883/21
s 4
f 20/867/15 19/866/14 8/868/44 12/869/29
s 1
g Branch
f 21/856/45 22/850/46 23/853/47 24/857/48
f 25/851/49 26/854/50 27/855/51 28/852/52
f 22/850/46 25/851/49 28/852/52 23/853/47
f 29/834/53 30/831/54 31/4/55 32/5/56
f 33/838/57 34/836/58 35/6/59 36/7/60
f 34/836/58 29/834/53 32/5/56 35/6/59
f 37/849/61 38/847/62 39/8/63 40/848/64
f 38/847/62 41/844/65 42/9/66 39/8/63
f 41/844/65 43/840/67 44/10/68 42/9/66
f 30/831/54 37/832/61 40/829/64 31/4/55
f 43/840/67 33/838/57 36/7/60 44/10/68
f 32/5/56 31/4/55 45/11/69 46/12/70
f 36/7/60 35/6/59 47/13/71 48/14/72
f 35/6/59 32/5/56 46/12/70 47/13/71
f 40/848/64 39/8/63 49/15/73 50/845/74
f 39/8/63 42/9/66 51/16/75 49/15/73
f 42/9/66 44/10/68 52/17/76 51/16/75
f 31/4/55 40/829/64 50/826/74 45/11/69
f 44/10/68 36/7/60 48/14/72 52/17/76
f 53/18/77 54/19/78 55/20/79 56/21/80
f 57/22/81 58/23/82 59/24/83 60/25/84
f 58/23/82 53/18/77 56/21/80 59/24/83
f 61/843/85 62/26/86 63/27/87 64/842/88
f 62/26/86 65/28/89 66/29/90 63/27/87
f 65/28/89 67/30/91 68/31/92 66/29/90
f 54/19/78 61/824/85 64/825/88 55/20/79
f 67/30/91 57/22/81 60/25/84 68/31/92
f 46/12/70 45/11/69 54/19/78 53/18/77
f 47/13/71 46/12/70 53/18/77 58/23/82
f 48/14/72 47/13/71 58/23/82 57/22/81
f 52/17/76 48/14/72 57/22/81 67/30/91
f 51/16/75 52/17/76 67/30/91 65/28/89
f 49/15/73 51/16/75 65/28/89 62/26/86
f 50/845/74 49/15/73 62/26/86 61/843/85
f 45/11/69 50/826/74 61/824/85 54/19/78
f 56/21/80 55/20/79 22/828/46 21/830/45
f 59/24/83 56/21/80 21/830/45 24/833/48
f 60/25/84 59/24/83 24/833/48 23/835/47
f 68/31/92 60/25/84 23/835/47 28/837/52
f 66/29/90 68/31/92 28/837/52 27/839/51
f 63/27/87 66/29/90 27/839/51 26/841/50
f 64/842/88 63/27/87 26/841/50 25/846/49
f 55/20/79 64/825/88 25/827/49 22/828/46
g Cheese_Stick
f 69/963/93 70/960/94 78/32/95 77/961/96
f 70/960/94 71/953/97 79/33/98 78/32/95
f 71/953/97 72/945/99 80/34/100 79/33/98
f 72/945/99 73/934/101 81/35/102 80/34/100
f 73/934/101 74/935/103 82/36/104 81/35/102
f 74/935/103 75/944/105 83/37/106 82/36/104
f 75/944/105 76/952/107 84/38/108 83/37/106
f 76/952/107 69/959/93 77/954/96 84/38/108
f 79/33/98 80/34/100 88/41/109 87/40/110
f 80/34/100 81/35/102 89/42/111 88/41/109
f 81/35/102 82/36/104 90/43/112 89/42/111
f 82/36/104 83/37/106 91/44/113 90/43/112
f 83/37/106 84/38/108 92/45/114 91/44/113
f 84/38/108 77/954/96 85/946/115 92/45/114
f 85/955/115 86/39/116 94/46/117 93/947/118
f 86/39/116 87/40/110 95/47/119 94/46/117
f 87/40/110 88/41/109 96/48/120 95/47/119
f 88/41/109 89/42/111 97/49/121 96/48/120
f 89/42/111 90/43/112 98/50/122 97/49/121
f 90/43/112 91/44/113 99/51/123 98/50/122
f 91/44/113 92/45/114 100/52/124 99/51/123
f 92/45/114 85/946/115 93/936/118 100/52/124
f 93/947/118 94/46/117 102/53/125 101/937/126
f 94/46/117 95/47/119 103/54/127 102/53/125
f 95/47/119 96/48/120 104/55/128 103/54/127
f 96/48/120 97/49/121 105/56/129 104/55/128
f 97/49/121 98/50/122 106/57/130 105/56/129
f 98/50/122 99/51/123 107/58/131 106/57/130
f 99/51/123 100/52/124 108/59/132 107/58/131
f 100/52/124 93/936/118 101/930/126 108/59/132
f 101/937/126 102/53/125 110/60/133 109/931/134
f 102/53/125 103/54/127 111/61/135 110/60/133
f 103/54/127 104/55/128 112/62/136 111/61/135
f 104/55/128 105/56/129 113/63/137 112/62/136
f 105/56/129 106/57/130 114/64/138 113/63/137
f 106/57/130 107/58/131 115/65/139 114/64/138
f 107/58/131 108/59/132 116/66/140 115/65/139
f 108/59/132 101/930/126 109/926/134 116/66/140
f 109/931/134 110/60/133 118/67/141 117/927/142
f 110/60/133 111/61/135 119/68/143 118/67/141
f 111/61/135 112/62/136 120/69/144 119/68/143
f 112/62/136 113/63/137 121/70/145 120/69/144
f 113/63/137 114/64/138 122/71/146 121/70/145
f 114/64/138 115/65/139 123/72/147 122/71/146
f 115/65/139 116/66/140 124/73/148 123/72/147
f 116/66/140 109/926/134 117/922/142 124/73/148
f 117/927/142 118/67/141 126/74/149 125/923/150
f 118/67/141 119/68/143 127/75/151 126/74/149
f 119/68/143 120/69/144 128/76/152 127/75/151
f 120/69/144 121/70/145 129/77/153 128/76/152
f 121/70/145 122/71/146 130/78/154 129/77/153
f 122/71/146 123/72/147 131/79/155 130/78/154
f 123/72/147 124/73/148 132/80/156 131/79/155
f 124/73/148 117/922/142 125/918/150 132/80/156
f 125/923/150 126/74/149 134/81/157 133/919/158
f 126/74/149 127/75/151 135/82/159 134/81/157
f 127/75/151 128/76/152 136/83/160 135/82/159
f 128/76/152 129/77/153 137/84/161 136/83/160
f 129/77/153 130/78/154 138/85/162 137/84/161
f 130/78/154 131/79/155 139/86/163 138/85/162
f 131/79/155 132/80/156 140/87/164 139/86/163
f 132/80/156 125/918/150 133/914/158 140/87/164
f 133/919/158 134/81/157 142/88/165 141/915/166
f 134/81/157 135/82/159 143/89/167 142/88/165
f 135/82/159 136/83/160 144/90/168 143/89/167
f 136/83/160 137/84/161 145/91/169 144/90/168
f 137/84/161 138/85/162 146/92/170 145/91/169
f 138/85/162 139/86/163 147/93/171 146/92/170
f 139/86/163 140/87/164 148/94/172 147/93/171
f 140/87/164 133/914/158 141/908/166 148/94/172
f 141/915/166 142/88/165 150/95/173 149/913/174
f 142/88/165 143/89/167 151/96/175 150/95/173
f 143/89/167 144/90/168 152/97/176 151/96/175
f 144/90/168 145/91/169 153/98/177 152/97/176
f 145/91/169 146/92/170 154/99/178 153/98/177
f 146/92/170 147/93/171 155/100/179 154/99/178
f 147/93/171 148/94/172 156/101/180 155/100/179
f 148/94/172 141/908/166 149/904/174 156/101/180
f 149/913/174 150/95/173 158/102/181 157/912/182
f 150/95/173 151/96/175 159/103/183 158/102/181
f 151/96/175 152/97/176 160/104/184 159/103/183
f 152/97/176 153/98/177 161/105/185 160/104/184
f 153/98/177 154/99/178 162/106/186 161/105/185
f 154/99/178 155/100/179 163/107/187 162/106/186
f 155/100/179 156/101/180 164/108/188 163/107/187
f 156/101/180 149/904/174 157/905/182 164/108/188
f 157/912/182 158/102/181 166/109/189 165/917/190
f 158/102/181 159/103/183 167/110/191 166/109/189
f 159/103/183 160/104/184 168/111/192 167/110/191
f 160/104/184 161/105/185 169/112/193 168/111/192
f 161/105/185 162/106/186 170/113/194 169/112/193
f 162/106/186 163/107/187 171/114/195 170/113/194
f 163/107/187 164/108/188 172/115/196 171/114/195
f 164/108/188 157/905/182 165/909/190 172/115/196
f 165/917/190 166/109/189 174/116/197 173/921/198
f 166/109/189 167/110/191 175/117/199 174/116/197
f 167/110/191 168/111/192 176/118/200 175/117/199
f 168/111/192 169/112/193 177/119/201 176/118/200
f 245/900/202 246/901/203 247/169/204 248/170/205
f 170/113/194 171/114/195 179/121/206 178/120/207
f 171/114/195 172/115/196 180/122/208 179/121/206
f 172/115/196 165/909/190 173/916/198 180/122/208
f 173/921/198 174/116/197 182/123/209 181/925/210
f 174/116/197 175/117/199 183/124/211 182/123/209
f 175/117/199 176/118/200 184/125/212 183/124/211
f 176/118/200 177/119/201 185/126/213 184/125/212
f 177/119/201 178/120/207 186/127/214 185/126/213
f 178/120/207 179/121/206 187/128/215 186/127/214
f 179/121/206 180/122/208 188/129/216 187/128/215
f 180/122/208 173/916/198 181/920/210 188/129/216
f 181/925/210 182/123/209 190/130/217 189/929/218
f 182/123/209 183/124/211 191/131/219 190/130/217
f 183/124/211 184/125/212 192/132/220 191/131/219
f 184/125/212 185/126/213 193/133/221 192/132/220
f 185/126/213 186/127/214 194/134/222 193/133/221
f 186/127/214 187/128/215 195/135/223 194/134/222
f 187/128/215 188/129/216 196/136/224 195/135/223
f 188/129/216 181/920/210 189/924/218 196/136/224
f 189/929/218 190/130/217 198/137/225 197/933/226
f 190/130/217 191/131/219 199/138/227 198/137/225
f 191/131/219 192/132/220 200/139/228 199/138/227
f 192/132/220 193/133/221 201/140/229 200/139/228
f 193/133/221 194/134/222 202/141/230 201/140/229
f 194/134/222 195/135/223 203/142/231 202/141/230
f 195/135/223 196/136/224 204/143/232 203/142/231
f 196/136/224 189/924/218 197/928/226 204/143/232
f 197/933/226 198/137/225 206/144/233 205/943/234
f 198/137/225 199/138/227 207/145/235 206/144/233
f 199/138/227 200/139/228 208/146/236 207/145/235
f 200/139/228 201/140/229 209/147/237 208/146/236
f 201/140/229 202/141/230 210/148/238 209/147/237
f 202/141/230 203/142/231 211/149/239 210/148/238
f 203/142/231 204/143/232 212/150/240 211/149/239
f 204/143/232 197/928/226 205/932/234 212/150/240
f 205/943/234 206/144/233 214/151/241 213/951/242
f 206/144/233 207/145/235 215/152/243 214/151/241
f 207/145/235 208/146/236 216/153/244 215/152/243
f 208/146/236 209/147/237 217/154/245 216/153/244
f 209/147/237 210/148/238 218/155/246 217/154/245
f 210/148/238 211/149/239 219/156/247 218/155/246
f 211/149/239 212/150/240 220/157/248 219/156/247
f 212/150/240 205/932/234 213/938/242 220/157/248
f 213/951/242 214/151/241 222/158/249 221/958/250
f 214/151/241 215/152/243 223/159/251 222/158/249
f 215/152/243 216/153/244 224/160/252 223/159/251
f 216/153/244 217/154/245 225/161/253 224/160/252
f 217/154/245 218/155/246 226/162/254 225/161/253
f 218/155/246 219/156/247 227/163/255 226/162/254
f 219/156/247 220/157/248 228/164/256 227/163/255
f 220/157/248 213/938/242 221/948/250 228/164/256
f 221/958/250 222/158/249 230/957/257 229/962/258
f 222/158/249 223/159/251 231/950/259 230/957/257
f 223/159/251 224/160/252 232/942/260 231/950/259
f 224/160/252 225/161/253 233/941/261 232/942/260
f 225/161/253 226/162/254 234/940/262 233/941/261
f 226/162/254 227/163/255 235/939/263 234/940/262
f 227/163/255 228/164/256 236/949/264 235/939/263
f 228/164/256 221/948/250 229/956/258 236/949/264
f 169/112/193 170/113/194 238/166/265 237/165/266
f 170/113/194 178/120/207 239/167/267 238/166/265
f 178/120/207 177/119/201 240/168/268 239/167/267
f 177/119/201 169/112/193 237/165/266 240/168/268
f 237/165/266 238/166/265 242/906/269 241/907/270
f 238/166/265 239/167/267 243/910/271 242/906/269
f 239/167/267 240/168/268 244/911/272 243/910/271
f 240/168/268 237/165/266 241/907/270 244/911/272
f 241/897/270 242/892/269 252/173/273 249/895/274
f 242/892/269 243/893/271 251/172/275 252/173/273
f 243/893/271 244/896/272 250/171/276 251/172/275
f 244/896/272 241/903/270 249/898/274 250/171/276
f 250/171/276 249/898/274 253/899/277 254/174/278
f 251/172/275 250/171/276 254/174/278 255/175/279
f 252/173/273 251/172/275 255/175/279 256/176/280
f 249/895/274 252/173/273 256/176/280 253/894/277
f 254/174/278 253/899/277 245/900/202 248/170/205
f 255/175/279 254/174/278 248/170/205 247/169/204
f 256/176/280 255/175/279 247/169/204 246/901/203
f 253/894/277 256/176/280 246/901/203 245/902/202
f 78/32/95 86/39/116 85/955/115 77/961/96
f 78/32/95 79/33/98 87/40/110 86/39/116
g MushRoomTall
f 257/1510/281 258/1513/282 323/1511/283 318/216/284
f 258/1497/282 259/1498/285 322/220/286 323/1494/283
f 259/1498/285 260/1500/287 321/219/288 322/220/286
f 260/1500/287 261/1502/289 320/218/290 321/219/288
f 261/1502/289 262/1506/291 319/217/292 320/218/290
f 262/1506/291 257/1510/281 318/216/284 319/217/292
f 263/177/293 264/1507/294 317/1503/295 312/211/296
f 264/1492/294 265/178/297 316/215/298 317/1491/295
f 265/178/297 266/179/299 315/214/300 316/215/298
f 266/179/299 267/180/301 314/213/302 315/214/300
f 267/180/301 268/181/303 313/212/304 314/213/302
f 268/181/303 263/177/293 312/211/296 313/212/304
f 269/182/305 270/1504/306 311/1508/307 306/206/308
f 270/1490/306 271/183/309 310/210/310 311/1493/307
f 271/183/309 272/184/311 309/209/312 310/210/310
f 272/184/311 273/185/313 308/208/314 309/209/312
f 273/185/313 274/186/315 307/207/316 308/208/314
f 274/186/315 269/182/305 306/206/308 307/207/316
f 275/1520/317 276/1514/318 282/1517/319 281/1521/320
f 276/1514/318 277/1515/321 283/1516/322 282/1517/319
f 277/1515/321 278/1518/323 284/1519/324 283/1516/322
f 278/1518/323 279/1522/325 285/1523/326 284/1519/324
f 279/1522/325 280/1524/327 286/1525/328 285/1523/326
f 280/1524/327 275/1520/317 281/1521/320 286/1525/328
f 281/1540/320 282/1543/319 288/188/329 287/187/330
f 282/1542/319 283/1545/322 289/189/331 288/188/329
f 283/1544/322 284/1547/324 290/190/332 289/189/331
f 284/1546/324 285/1549/326 291/191/333 290/190/332
f 285/1548/326 286/1539/328 292/192/334 291/191/333
f 286/1538/328 281/1541/320 287/187/330 292/192/334
f 287/187/330 288/188/329 294/194/335 293/193/336
f 288/188/329 289/189/331 295/195/337 294/194/335
f 289/189/331 290/190/332 296/196/338 295/195/337
f 290/190/332 291/191/333 297/197/339 296/196/338
f 291/191/333 292/192/334 298/198/340 297/197/339
f 292/192/334 287/187/330 293/193/336 298/198/340
f 293/193/336 294/194/335 300/200/341 299/199/342
f 294/194/335 295/195/337 301/201/343 300/200/341
f 295/195/337 296/196/338 302/202/344 301/201/343
f 296/196/338 297/197/339 303/203/345 302/202/344
f 297/197/339 298/198/340 304/204/346 303/203/345
f 298/198/340 293/193/336 299/199/342 304/204/346
f 299/199/342 300/200/341 305/205/347
f 300/200/341 301/201/343 305/205/347
f 301/201/343 302/202/344 305/205/347
f 302/202/344 303/203/345 305/205/347
f 303/203/345 304/204/346 305/205/347
f 304/204/346 299/199/342 305/205/347
f 307/207/316 306/206/308 275/1509/317 280/1505/327
f 308/208/314 307/207/316 280/1505/327 279/1501/325
f 309/209/312 308/208/314 279/1501/325 278/1499/323
f 310/210/310 309/209/312 278/1499/323 277/1495/321
f 311/1493/307 310/210/310 277/1495/321 276/1496/318
f 306/206/308 311/1508/307 276/1512/318 275/1509/317
f 313/212/304 312/211/296 269/182/305 274/186/315
f 314/213/302 313/212/304 274/186/315 273/185/313
f 315/214/300 314/213/302 273/185/313 272/184/311
f 316/215/298 315/214/300 272/184/311 271/183/309
f 317/1491/295 316/215/298 271/183/309 270/1490/306
f 312/211/296 317/1503/295 270/1504/306 269/182/305
f 319/217/292 318/216/284 263/177/293 268/181/303
f 320/218/290 319/217/292 268/181/303 267/180/301
f 321/219/288 320/218/290 267/180/301 266/179/299
f 322/220/286 321/219/288 266/179/299 265/178/297
f 323/1494/283 322/220/286 265/178/297 264/1492/294
f 318/216/284 323/1511/283 264/1507/294 263/177/293
g Bonfire_Ground
f 346/230/348 334/223/349 343/228/350 347/231/351
f 343/228/350 329/667/352 344/669/353 347/231/351
f 344/669/353 331/671/354 345/229/355 347/231/351
f 345/229/355 335/224/356 346/230/348 347/231/351
f 345/229/355 331/671/354 348/673/357 351/233/358
f 348/673/357 324/681/359 349/674/360 351/233/358
f 349/674/360 332/675/361 350/232/362 351/233/358
f 350/232/362 335/224/356 345/229/355 351/233/358
f 350/232/362 332/675/361 352/679/363 355/236/364
f 352/679/363 327/683/365 353/234/366 355/236/364
f 353/234/366 333/222/367 354/235/368 355/236/364
f 354/235/368 335/224/356 350/232/362 355/236/364
f 354/235/368 333/222/367 356/237/369 358/239/370
f 356/237/369 330/221/371 357/238/372 358/239/370
f 357/238/372 334/223/349 346/230/348 358/239/370
f 346/230/348 335/224/356 354/235/368 358/239/370
f 361/241/373 333/222/367 353/234/366 362/242/374
f 353/234/366 327/683/365 359/680/375 362/242/374
f 359/680/375 336/676/376 360/240/377 362/242/374
f 360/240/377 339/226/378 361/241/373 362/242/374
f 360/240/377 336/676/376 363/677/379 366/244/380
f 363/677/379 325/682/381 364/678/382 366/244/380
f 364/678/382 337/672/383 365/243/384 366/244/380
f 365/243/384 339/226/378 360/240/377 366/244/380
f 365/243/384 337/672/383 367/670/385 370/247/386
f 367/670/385 328/668/387 368/245/388 370/247/386
f 368/245/388 338/225/389 369/246/390 370/247/386
f 369/246/390 339/226/378 365/243/384 370/247/386
f 369/246/390 338/225/389 371/248/391 372/249/392
f 371/248/391 330/221/371 356/237/369 372/249/392
f 356/237/369 333/222/367 361/241/373 372/249/392
f 361/241/373 339/226/378 369/246/390 372/249/392
f 375/251/393 338/225/389 368/245/388 376/252/394
f 368/245/388 328/668/387 373/665/395 376/252/394
f 373/665/395 340/660/396 374/250/397 376/252/394
f 374/250/397 342/227/398 375/251/393 376/252/394
f 374/250/397 340/660/396 377/661/399 380/254/400
f 377/661/399 326/666/401 378/662/402 380/254/400
f 378/662/402 341/663/403 379/253/404 380/254/400
f 379/253/404 342/227/398 374/250/397 380/254/400
f 379/253/404 341/663/403 381/664/405 383/256/406
f 381/664/405 329/667/352 343/228/350 383/256/406
f 343/228/350 334/223/349 382/255/407 383/256/406
f 382/255/407 342/227/398 379/253/404 383/256/406
f 382/255/407 334/223/349 357/238/372 384/257/408
f 357/238/372 330/221/371 371/248/391 384/257/408
f 371/248/391 338/225/389 375/251/393 384/257/408
f 375/251/393 342/227/398 382/255/407 384/257/408
g Fire_Log_02
f 385/258/409 386/259/410 394/977/411 393/979/412
f 386/259/410 387/260/413 395/975/414 394/977/411
f 387/260/413 388/261/415 396/973/416 395/975/414
f 388/261/415 389/262/417 397/972/418 396/973/416
f 389/262/417 390/263/419 398/974/420 397/972/418
f 390/263/419 391/264/421 399/976/422 398/974/420
f 391/264/421 392/265/423 400/978/424 399/976/422
f 392/265/423 385/258/409 393/979/412 400/978/424
s 2
f 393/988/425 394/985/426 402/267/427 401/266/428
s 3
f 394/985/429 395/982/430 403/268/431 402/267/432
s 4
f 395/982/433 396/983/434 404/980/435 403/268/436
s 5
f 396/1000/437 397/996/438 405/269/439 404/999/440
s 6
f 397/996/441 398/994/442 406/270/443 405/269/444
s 7
f 398/994/445 399/992/446 407/271/447 406/270/448
s 8
f 399/992/449 400/990/450 408/272/451 407/271/452
s 9
f 400/990/453 393/988/454 401/266/455 408/272/456
s 2
f 401/266/428 402/267/427 410/274/457 409/273/458
s 3
f 402/267/432 403/268/431 411/275/459 410/274/460
s 4
f 403/268/436 404/980/435 412/981/461 411/275/462
s 5
f 404/999/440 405/269/439 413/276/463 412/998/464
s 6
f 405/269/444 406/270/443 414/277/465 413/276/466
s 7
f 406/270/448 407/271/447 415/278/467 414/277/468
s 8
f 407/271/452 408/272/451 416/279/469 415/278/470
s 9
f 408/272/456 401/266/455 409/273/471 416/279/472
s 2
f 409/273/458 410/274/457 418/281/473 417/280/474
s 3
f 410/274/460 411/275/459 419/282/475 418/281/476
s 4
f 411/275/462 412/981/461 420/984/477 419/282/478
s 5
f 412/998/464 413/276/463 421/283/479 420/1002/480
s 6
f 413/276/466 414/277/465 422/284/481 421/283/482
s 7
f 414/277/468 415/278/467 423/285/483 422/284/484
s 8
f 415/278/470 416/279/469 424/286/485 423/285/486
s 9
f 416/279/472 409/273/471 417/280/487 424/286/488
s 2
f 417/280/474 418/281/473 426/989/489 425/991/490
s 3
f 418/281/476 419/282/475 427/987/491 426/989/492
s 4
f 419/282/478 420/984/477 428/986/493 427/987/494
s 5
f 420/1002/480 421/283/479 429/1001/495 428/1003/496
s 6
f 421/283/482 422/284/481 430/997/497 429/1001/498
s 7
f 422/284/484 423/285/483 431/995/499 430/997/500
s 8
f 423/285/486 424/286/485 432/993/501 431/995/502
s 9
f 424/286/488 417/280/487 425/991/503 432/993/504
s 10
f 425/971/505 426/969/506 434/288/507 433/287/508
f 426/969/506 427/967/509 435/289/510 434/288/507
f 427/967/509 428/964/511 436/290/512 435/289/510
f 428/964/511 429/965/513 437/291/514 436/290/512
f 429/965/513 430/966/515 438/292/516 437/291/514
f 430/966/515 431/968/517 439/293/518 438/292/516
f 431/968/517 432/970/519 440/294/520 439/293/518
f 432/970/519 425/971/505 433/287/508 440/294/520
s 1
f 386/259/410 385/258/409 441/295/521
f 387/260/413 386/259/410 441/295/521
f 388/261/415 387/260/413 441/295/521
f 389/262/417 388/261/415 441/295/521
f 390/263/419 389/262/417 441/295/521
f 391/264/421 390/263/419 441/295/521
f 392/265/423 391/264/421 441/295/521
f 385/258/409 392/265/423 441/295/521
s 10
f 433/287/508 434/288/507 442/296/522
f 434/288/507 435/289/510 442/296/522
f 435/289/510 436/290/512 442/296/522
f 436/290/512 437/291/514 442/296/522
f 437/291/514 438/292/516 442/296/522
f 438/292/516 439/293/518 442/296/522
f 439/293/518 440/294/520 442/296/522
f 440/294/520 433/287/508 442/296/522
s 1
g MushroomFlat
f 443/1455/523 444/1456/524 509/340/525 504/336/526
f 444/1456/524 445/1460/527 508/339/528 509/340/525
f 445/1460/527 446/1465/529 507/1462/530 508/339/528
f 446/1461/529 447/1457/531 506/338/532 507/1459/530
f 447/1457/531 448/1454/533 505/337/534 506/338/532
f 448/1454/533 443/1455/523 504/336/526 505/337/534
f 449/297/535 450/298/536 503/335/537 498/331/538
f 450/298/536 451/299/539 502/334/540 503/335/537
f 451/299/539 452/1463/541 501/1466/542 502/334/540
f 452/1458/541 453/300/543 500/333/544 501/1464/542
f 453/300/543 454/301/545 499/332/546 500/333/544
f 454/301/545 449/297/535 498/331/538 499/332/546
f 455/302/547 456/303/548 497/330/549 492/326/550
f 456/303/548 457/304/551 496/329/552 497/330/549
f 457/304/551 458/1470/553 495/1474/554 496/329/552
f 458/1469/553 459/305/555 494/328/556 495/1473/554
f 459/305/555 460/306/557 493/327/558 494/328/556
f 460/306/557 455/302/547 492/326/550 493/327/558
f 461/1486/559 462/1488/560 468/1489/561 467/1487/562
f 462/1488/560 463/1484/563 469/1485/564 468/1489/561
f 463/1484/563 464/1478/565 470/1481/566 469/1485/564
f 464/1478/565 465/1479/567 471/1480/568 470/1481/566
f 465/1479/567 466/1482/569 472/1483/570 471/1480/568
f 466/1482/569 461/1486/559 467/1487/562 472/1483/570
f 467/1528/562 468/1530/561 474/308/571 473/307/572
f 468/1530/561 469/1531/564 475/309/573 474/308/571
f 469/1531/564 470/1529/566 476/310/574 475/309/573
f 470/1529/566 471/1526/568 477/311/575 476/310/574
f 471/1526/568 472/1527/570 478/312/576 477/311/575
f 472/1527/570 467/1528/562 473/307/572 478/312/576
f 473/307/572 474/308/571 480/314/577 479/313/578
f 474/308/571 475/309/573 481/315/579 480/314/577
f 475/309/573 476/310/574 482/316/580 481/315/579
f 476/310/574 477/311/575 483/317/581 482/316/580
f 477/311/575 478/312/576 484/318/582 483/317/581
f 478/312/576 473/307/572 479/313/578 484/318/582
f 479/313/578 480/314/577 486/320/583 485/319/584
f 480/314/577 481/315/579 487/321/585 486/320/583
f 481/315/579 482/316/580 488/322/586 487/321/585
f 482/316/580 483/317/581 489/323/587 488/322/586
f 483/317/581 484/318/582 490/324/588 489/323/587
f 484/318/582 479/313/578 485/319/584 490/324/588
f 485/319/584 486/320/583 491/325/589
f 486/320/583 487/321/585 491/325/589
f 487/321/585 488/322/586 491/325/589
f 488/322/586 489/323/587 491/325/589
f 489/323/587 490/324/588 491/325/589
f 490/324/588 485/319/584 491/325/589
f 493/327/558 492/326/550 461/1467/559 466/1468/569
f 494/328/556 493/327/558 466/1468/569 465/1472/567
f 495/1473/554 494/328/556 465/1472/567 464/1476/565
f 496/329/552 495/1474/554 464/1477/565 463/1475/563
f 497/330/549 496/329/552 463/1475/563 462/1471/560
f 492/326/550 497/330/549 462/1471/560 461/1467/559
f 499/332/546 498/331/538 455/302/547 460/306/557
f 500/333/544 499/332/546 460/306/557 459/305/555
f 501/1464/542 500/333/544 459/305/555 458/1469/553
f 502/334/540 501/1466/542 458/1470/553 457/304/551
f 503/335/537 502/334/540 457/304/551 456/303/548
f 498/331/538 503/335/537 456/303/548 455/302/547
f 505/337/534 504/336/526 449/297/535 454/301/545
f 506/338/532 505/337/534 454/301/545 453/300/543
f 507/1459/530 506/338/532 453/300/543 452/1458/541
f 508/339/528 507/1462/530 452/1463/541 451/299/539
f 509/340/525 508/339/528 451/299/539 450/298/536
f 504/336/526 509/340/525 450/298/536 449/297/535
g Log
f 699/1129/590 700/1367/591 701/1368/592 702/1118/593
f 721/1375/594 722/1376/595 723/1141/596 724/1374/597
f 722/1376/595 725/1378/598 726/1379/599 723/1141/596
f 713/1346/600 714/1334/601 715/1111/602 716/1345/603
f 714/1334/601 717/1335/604 718/1104/605 715/1111/602
f 717/1335/604 719/1339/606 720/1340/607 718/1104/605
f 705/1351/608 706/1352/609 707/1092/610 708/1350/611
f 706/1352/609 709/1354/612 710/1093/613 707/1092/610
f 709/1354/612 711/1356/614 712/1357/615 710/1093/613
f 703/1365/616 699/1129/590 702/1118/593 704/1364/617
f 520/1112/618 521/1119/619 531/1120/620 530/1113/621
f 521/1119/619 522/1130/622 532/1131/623 531/1120/620
f 522/1130/622 523/1366/624 533/1361/625 532/1131/623
f 523/1330/624 524/1109/626 534/1110/627 533/1325/625
f 524/1109/626 525/1102/628 535/1103/629 534/1110/627
f 525/1102/628 526/1095/630 536/1098/631 535/1103/629
f 526/1095/630 527/1094/632 537/1097/633 536/1098/631
f 527/1094/632 528/1096/634 538/1099/635 537/1097/633
f 528/1096/634 529/1359/636 539/1105/637 538/1099/635
f 529/1359/636 520/1112/618 530/1113/621 539/1105/637
f 530/1113/621 531/1120/620 541/1132/638 540/1121/639
f 531/1120/620 532/1131/623 542/1142/640 541/1132/638
f 532/1131/623 533/1361/625 543/1355/641 542/1142/640
f 533/1325/625 534/1110/627 544/1117/642 543/1322/641
f 534/1110/627 535/1103/629 545/1108/643 544/1117/642
f 535/1103/629 536/1098/631 546/1101/644 545/1108/643
f 536/1098/631 537/1097/633 547/1100/645 546/1101/644
f 743/1035/646 744/1030/647 745/368/648 746/1036/649
f 744/1030/647 747/1031/650 748/1032/651 745/368/648
f 539/1105/637 530/1113/621 540/1121/639 548/1122/652
f 540/1121/639 541/1132/638 550/1143/653 549/1133/654
f 541/1132/638 542/1142/640 551/1151/655 550/1143/653
f 542/1142/640 543/1355/641 552/1353/656 551/1151/655
f 543/1322/641 544/1117/642 553/1128/657 552/1320/656
f 544/1117/642 545/1108/643 554/1116/658 553/1128/657
f 545/1108/643 546/1101/644 555/1107/659 554/1116/658
f 546/1101/644 547/1100/645 556/1106/660 555/1107/659
f 746/1036/649 745/368/648 749/1034/661 750/1037/662
f 745/368/648 748/1032/651 751/1033/663 749/1034/661
f 548/1122/652 540/1121/639 549/1133/654 558/1134/664
f 549/1133/654 550/1143/653 560/1152/665 559/1144/666
f 550/1143/653 551/1151/655 561/1160/667 560/1152/665
f 551/1151/655 552/1353/656 562/1347/668 561/1160/667
f 552/1320/656 553/1128/657 563/1140/669 562/1317/668
f 553/1128/657 554/1116/658 564/1127/670 563/1140/669
f 554/1116/658 555/1107/659 565/1115/671 564/1127/670
f 555/1107/659 556/1106/660 566/1114/672 565/1115/671
f 556/1106/660 557/1123/673 567/1124/674 566/1114/672
f 557/1123/673 558/1134/664 568/1135/675 567/1124/674
f 558/1134/664 549/1133/654 559/1144/666 568/1135/675
f 559/1144/666 560/1152/665 570/1161/676 569/1153/677
f 560/1152/665 561/1160/667 571/1169/678 570/1161/676
f 561/1160/667 562/1347/668 572/1336/679 571/1169/678
f 562/1317/668 563/1140/669 573/1150/680 572/1313/679
f 563/1140/669 564/1127/670 574/1139/681 573/1150/680
f 564/1127/670 565/1115/671 575/1126/682 574/1139/681
f 565/1115/671 566/1114/672 576/1125/683 575/1126/682
f 566/1114/672 567/1124/674 577/1136/684 576/1125/683
f 567/1124/674 568/1135/675 578/1145/685 577/1136/684
f 568/1135/675 559/1144/666 569/1153/677 578/1145/685
f 569/1153/677 570/1161/676 580/1170/686 579/1162/687
f 570/1161/676 571/1169/678 581/1178/688 580/1170/686
f 571/1169/678 572/1336/679 582/1331/689 581/1178/688
f 572/1313/679 573/1150/680 583/1159/690 582/1308/689
f 573/1150/680 574/1139/681 584/1149/691 583/1159/690
f 574/1139/681 575/1126/682 585/1138/692 584/1149/691
f 575/1126/682 576/1125/683 586/1137/693 585/1138/692
f 576/1125/683 577/1136/684 587/1146/694 586/1137/693
f 577/1136/684 578/1145/685 588/1154/695 587/1146/694
f 578/1145/685 569/1153/677 579/1162/687 588/1154/695
f 579/1162/687 580/1170/686 590/1179/696 589/1171/697
f 580/1170/686 581/1178/688 591/1187/698 590/1179/696
f 581/1178/688 582/1331/689 592/1326/699 591/1187/698
f 582/1308/689 583/1159/690 593/1168/700 592/1305/699
f 583/1159/690 584/1149/691 594/1158/701 593/1168/700
f 584/1149/691 585/1138/692 595/1148/702 594/1158/701
f 585/1138/692 586/1137/693 596/1147/703 595/1148/702
f 586/1137/693 587/1146/694 597/1155/704 596/1147/703
f 587/1146/694 588/1154/695 598/1163/705 597/1155/704
f 588/1154/695 579/1162/687 589/1171/697 598/1163/705
f 589/1171/697 590/1179/696 600/1188/706 599/1180/707
f 590/1179/696 591/1187/698 601/1196/708 600/1188/706
f 591/1187/698 592/1326/699 602/1324/709 601/1196/708
f 592/1305/699 593/1168/700 603/1177/710 602/1303/709
f 593/1168/700 594/1158/701 604/1167/711 603/1177/710
f 594/1158/701 595/1148/702 605/1157/712 604/1167/711
f 595/1148/702 596/1147/703 606/1156/713 605/1157/712
f 596/1147/703 597/1155/704 607/1164/714 606/1156/713
f 597/1155/704 598/1163/705 608/1172/715 607/1164/714
f 598/1163/705 589/1171/697 599/1180/707 608/1172/715
f 600/1188/706 610/1197/716 609/1189/717 599/1180/707
f 601/1196/708 611/1205/718 610/1197/716 600/1188/706
f 602/1324/709 612/1323/719 611/1205/718 601/1196/708
f 603/1177/710 613/1186/720 612/1299/719 602/1303/709
f 604/1167/711 614/1176/721 613/1186/720 603/1177/710
f 605/1157/712 615/1166/722 614/1176/721 604/1167/711
f 606/1156/713 616/1165/723 615/1166/722 605/1157/712
f 607/1164/714 617/1173/724 616/1165/723 606/1156/713
f 608/1172/715 618/1181/725 617/1173/724 607/1164/714
f 599/1180/707 609/1189/717 618/1181/725 608/1172/715
f 609/1189/717 610/1197/716 620/1206/726 619/1198/727
f 610/1197/716 611/1205/718 621/1216/728 620/1206/726
f 611/1205/718 612/1323/719 622/1321/729 621/1216/728
f 612/1299/719 613/1186/720 623/1195/730 622/1296/729
f 613/1186/720 614/1176/721 624/1185/731 623/1195/730
f 614/1176/721 615/1166/722 625/1175/732 624/1185/731
f 615/1166/722 616/1165/723 626/1174/733 625/1175/732
f 616/1165/723 617/1173/724 627/1182/734 626/1174/733
f 617/1173/724 618/1181/725 628/1190/735 627/1182/734
f 618/1181/725 609/1189/717 619/1198/727 628/1190/735
f 619/1198/727 620/1206/726 630/1217/736 629/1207/737
f 620/1206/726 621/1216/728 631/1224/738 630/1217/736
f 621/1216/728 622/1321/729 632/1318/739 631/1224/738
f 622/1296/729 623/1195/730 633/1204/740 632/1291/739
f 623/1195/730 624/1185/731 634/1203/741 633/1204/740
f 624/1185/731 625/1175/732 635/1184/742 782/1194/743
f 625/1175/732 626/1174/733 636/1183/744 635/1184/742
f 626/1174/733 627/1182/734 637/1191/745 636/1183/744
f 627/1182/734 628/1190/735 638/1199/746 637/1191/745
f 628/1190/735 619/1198/727 629/1207/737 638/1199/746
f 780/715/747 772/719/748 777/716/749 776/380/750
f 639/1218/751 640/1225/752 650/1232/753 649/1226/754
f 640/1225/752 641/1231/755 651/1235/756 650/1232/753
f 641/1231/755 642/1314/757 652/1309/758 651/1235/756
f 642/1285/757 643/1215/759 653/1223/760 652/1282/758
f 643/1215/759 644/1214/761 654/1212/762 653/1223/760
f 644/1214/761 790/1213/763 654/1212/762
f 645/1193/764 646/1192/765 656/1201/766 655/1202/767
f 646/1192/765 647/1200/768 657/1209/769 656/1201/766
f 647/1200/768 648/1208/770 658/1219/771 657/1209/769
f 648/1208/770 639/1218/751 649/1226/754 658/1219/771
f 649/1226/754 650/1232/753 660/1236/772 659/1233/773
f 650/1232/753 651/1235/756 661/1237/774 660/1236/772
f 651/1235/756 652/1309/758 662/1310/775 661/1237/774
f 652/1282/758 653/1223/760 663/1230/776 662/1281/775
f 653/1223/760 654/1212/762 664/1222/777 663/1230/776
f 654/1212/762 655/1202/767 665/1211/778 664/1222/777
f 655/1202/767 656/1201/766 666/1210/779 665/1211/778
f 656/1201/766 657/1209/769 667/1220/780 666/1210/779
f 657/1209/769 658/1219/771 668/1227/781 667/1220/780
f 658/1219/771 649/1226/754 659/1233/773 668/1227/781
f 811/1312/782 812/1238/783 813/1311/784 814/1390/785
f 812/1238/783 815/1239/786 816/1316/787 813/1311/784
f 815/1239/786 817/1315/788 818/1319/789 816/1316/787
f 817/1286/788 819/1284/790 820/1387/791 818/1294/789
f 803/1279/792 804/1229/793 805/1278/794 806/1388/795
f 804/1229/793 807/1221/796 808/1283/797 805/1278/794
f 807/1221/796 809/1288/798 810/1385/799 808/1283/797
f 821/1295/800 822/1228/801 823/1302/802 824/1383/803
f 822/1228/801 825/1234/804 826/1304/805 823/1302/802
f 825/1234/804 827/1307/806 828/1393/807 826/1304/805
f 511/1020/808 510/1021/809 679/341/810 680/342/811
f 512/1023/812 511/1020/808 680/342/811 681/343/813
f 513/1026/814 512/1023/812 681/343/813 682/344/815
f 514/1028/816 513/1026/814 682/344/815 683/345/817
f 515/1029/818 514/1028/816 683/345/817 684/346/819
f 516/1027/820 515/1029/818 684/346/819 685/347/821
f 517/1025/822 516/1027/820 685/347/821 686/348/823
f 518/1024/824 517/1025/822 686/348/823 687/349/825
f 519/1022/826 518/1024/824 687/349/825 688/350/827
f 510/1021/809 519/1022/826 688/350/827 679/341/810
f 670/688/828 671/689/829 690/352/830 689/351/831
f 671/689/829 672/693/832 691/353/833 690/352/830
f 672/693/832 673/690/834 692/354/835 691/353/833
f 673/690/834 674/691/836 693/355/837 692/354/835
f 674/691/836 675/684/838 694/356/839 693/355/837
f 675/684/838 676/685/840 695/357/841 694/356/839
f 676/685/840 677/686/842 696/358/843 695/357/841
f 677/686/842 678/687/844 697/359/845 696/358/843
f 678/687/844 669/692/846 698/360/847 697/359/845
f 669/692/846 670/688/828 689/351/831 698/360/847
f 510/1372/809 511/1377/808 700/1367/591 699/1129/590
f 511/1370/808 521/1119/619 701/1368/592 700/1369/591
f 521/1119/619 520/1112/618 702/1118/593 701/1368/592
f 519/1371/826 510/1372/809 699/1129/590 703/1365/616
f 520/1112/618 529/1359/636 704/1364/617 702/1118/593
f 529/1359/636 519/1362/826 703/1363/616 704/1364/617
f 516/1240/820 517/1241/822 706/1242/609 705/1243/608
f 527/1094/632 526/1095/630 708/1350/611 707/1092/610
f 526/1095/630 516/1342/820 705/1349/608 708/1350/611
f 517/1241/822 518/1244/824 709/1245/612 706/1242/609
f 528/1096/634 527/1094/632 707/1092/610 710/1093/613
f 518/1244/824 519/1246/826 711/1247/614 709/1245/612
f 519/1358/826 529/1359/636 712/1357/615 711/1360/614
f 529/1359/636 528/1096/634 710/1093/613 712/1357/615
f 513/1084/814 514/1078/816 714/1081/601 713/1085/600
f 524/1109/626 523/1330/624 716/1345/603 715/1111/602
f 523/1330/624 513/1343/814 713/1344/600 716/1345/603
f 514/1078/816 515/1079/818 717/1080/604 714/1081/601
f 525/1102/628 524/1109/626 715/1111/602 718/1104/605
f 515/1079/818 516/1082/820 719/1083/606 717/1080/604
f 516/1342/820 526/1095/630 720/1340/607 719/1341/606
f 526/1095/630 525/1102/628 718/1104/605 720/1340/607
f 511/1090/808 512/1086/812 722/1089/595 721/1091/594
f 522/1130/622 521/1119/619 724/1374/597 723/1141/596
f 521/1119/619 511/1370/808 721/1373/594 724/1374/597
f 512/1086/812 513/1087/814 725/1088/598 722/1089/595
f 513/1380/814 523/1366/624 726/1379/599 725/1381/598
f 523/1366/624 522/1130/622 723/1141/596 726/1379/599
f 537/1097/633 538/1099/635 728/1338/848 727/1333/849
f 547/1100/645 537/1097/633 727/1333/849 729/1329/850
f 538/1099/635 539/1105/637 730/1348/851 728/1338/848
f 539/1105/637 548/1122/652 731/1337/852 730/1348/851
f 557/1123/673 556/1106/660 733/1327/853 732/1328/854
f 556/1106/660 547/1100/645 729/1329/850 733/1327/853
f 548/1122/652 558/1134/664 734/1332/855 731/1337/852
f 558/1134/664 557/1123/673 732/1328/854 734/1332/855
f 727/1052/849 728/1047/848 736/362/856 735/361/857
f 729/1057/850 727/1052/849 735/361/857 737/1058/858
f 728/1047/848 730/1043/851 738/363/859 736/362/856
f 730/1043/851 731/1038/852 739/364/860 738/363/859
f 732/1040/854 733/1044/853 741/366/861 740/365/862
f 733/1044/853 729/1048/850 737/1049/858 741/366/861
f 731/1038/852 734/1039/855 742/367/863 739/364/860
f 734/1039/855 732/1040/854 740/365/862 742/367/863
f 764/1009/864 765/375/865 766/376/866 767/1008/867
f 737/1058/858 735/361/857 743/1059/646 746/1061/649
f 736/362/856 738/363/859 747/1046/650 744/1051/647
f 738/363/859 739/364/860 748/1042/651 747/1046/650
f 740/365/862 741/366/861 750/1050/662 749/1045/661
f 741/366/861 737/1049/858 746/1053/649 750/1050/662
f 739/364/860 742/367/863 751/1041/663 748/1042/651
f 742/367/863 740/365/862 749/1045/661 751/1041/663
f 735/361/857 736/362/856 753/1055/868 752/1056/869
f 736/362/856 744/1051/647 754/1054/870 753/1055/868
f 744/1051/647 743/1059/646 755/1060/871 754/1054/870
f 743/1059/646 735/361/857 752/1056/869 755/1060/871
f 752/1017/869 753/1011/868 757/369/872 756/1013/873
f 753/1011/868 754/1012/870 758/370/874 757/369/872
f 754/1012/870 755/1016/871 759/371/875 758/370/874
f 755/1016/871 752/1019/869 756/1018/873 759/371/875
f 756/1013/873 757/369/872 761/372/876 760/1010/877
f 757/369/872 758/370/874 762/373/878 761/372/876
f 758/370/874 759/371/875 763/374/879 762/373/878
f 759/371/875 756/1018/873 760/1014/877 763/374/879
f 760/1010/877 761/372/876 765/375/865 764/1009/864
f 761/372/876 762/373/878 766/376/866 765/375/865
f 762/373/878 763/374/879 767/1008/867 766/376/866
f 763/374/879 760/1014/877 764/1015/864 767/1008/867
f 785/1297/880 634/1203/741 782/1194/743 781/1300/881
f 783/1301/882 635/1184/742 786/1298/883
f 787/1293/884 645/1193/764 790/1213/763 789/1292/885
f 791/1290/886 644/1214/761 634/1203/741 793/1289/887
f 797/388/888 768/377/889 784/382/890 795/386/891
f 796/387/892 769/378/893 788/383/894 798/389/895
f 799/390/896 770/379/897 792/384/898 800/391/899
f 801/698/900 771/700/901 794/385/902 802/392/903
f 777/716/749 773/717/904 778/710/905 776/380/750
f 778/710/905 774/707/906 779/381/907 776/380/750
f 779/381/907 775/712/908 780/715/747 776/380/750
f 782/1194/743 635/1184/742 783/1301/882 781/1300/881
f 783/706/882 769/378/893 784/382/890 781/703/881
f 784/382/890 768/377/889 785/702/880 781/703/881
f 635/1184/742 645/1193/764 787/1293/884 786/1298/883
f 787/709/884 770/379/897 788/383/894 786/708/883
f 788/383/894 769/378/893 783/706/882 786/708/883
f 790/1213/763 644/1214/761 791/1290/886 789/1292/885
f 791/718/886 771/714/901 792/384/898 789/713/885
f 792/384/898 770/379/897 787/709/884 789/713/885
f 634/1203/741 785/1297/880 793/1289/887
f 785/702/880 768/377/889 794/385/902 793/701/887
f 794/385/902 771/700/901 791/705/886 793/701/887
f 784/382/890 769/378/893 796/387/892 795/386/891
f 796/387/892 773/699/904 777/696/749 795/386/891
f 777/696/749 772/694/748 797/388/888 795/386/891
f 788/383/894 770/379/897 799/390/896 798/389/895
f 799/390/896 774/707/906 778/704/905 798/389/895
f 778/704/905 773/699/904 796/387/892 798/389/895
f 792/384/898 771/714/901 801/711/900 800/391/899
f 801/711/900 775/712/908 779/381/907 800/391/899
f 779/381/907 774/707/906 799/390/896 800/391/899
f 794/385/902 768/377/889 797/388/888 802/392/903
f 797/388/888 772/694/748 780/695/747 802/392/903
f 780/695/747 775/697/908 801/698/900 802/392/903
f 633/1204/740 634/1203/741 644/1214/761 643/1215/759
f 632/1291/739 633/1204/740 643/1215/759 642/1285/757
f 631/1224/738 632/1318/739 642/1314/757 641/1231/755
f 630/1217/736 631/1224/738 641/1231/755 640/1225/752
f 629/1207/737 630/1217/736 640/1225/752 639/1218/751
f 638/1199/746 629/1207/737 639/1218/751 648/1208/770
f 637/1191/745 638/1199/746 648/1208/770 647/1200/768
f 636/1183/744 637/1191/745 647/1200/768 646/1192/765
f 635/1184/742 636/1183/744 646/1192/765 645/1193/764
f 654/1212/762 790/1213/763 645/1193/764 655/1202/767
f 624/1185/731 782/1194/743 634/1203/741
f 663/1230/776 664/1222/777 804/1229/793 803/1279/792
f 674/1270/836 673/1271/834 806/1272/795 805/1273/794
f 673/1280/834 663/1230/776 803/1279/792 806/1389/795
f 664/1222/777 665/1211/778 807/1221/796 804/1229/793
f 675/1248/838 674/1249/836 805/1250/794 808/1251/797
f 665/1211/778 666/1210/779 809/1288/798 807/1221/796
f 666/1210/779 676/1287/840 810/1384/799 809/1288/798
f 676/1252/840 675/1248/838 808/1251/797 810/1253/799
f 659/1233/773 660/1236/772 812/1238/783 811/1312/782
f 670/1263/828 669/1266/846 814/1267/785 813/1264/784
f 669/1306/846 659/1233/773 811/1312/782 814/1391/785
f 660/1236/772 661/1237/774 815/1239/786 812/1238/783
f 671/1262/829 670/1263/828 813/1264/784 816/1265/787
f 661/1237/774 662/1310/775 817/1315/788 815/1239/786
f 672/1268/832 671/1262/829 816/1265/787 818/1269/789
f 662/1281/775 663/1230/776 819/1284/790 817/1286/788
f 663/1230/776 673/1280/834 820/1386/791 819/1284/790
f 673/1274/834 672/1275/832 818/1276/789 820/1277/791
f 666/1210/779 667/1220/780 822/1228/801 821/1295/800
f 677/1254/842 676/1255/840 824/1256/803 823/1257/802
f 676/1287/840 666/1210/779 821/1295/800 824/1382/803
f 667/1220/780 668/1227/781 825/1234/804 822/1228/801
f 678/1258/844 677/1254/842 823/1257/802 826/1259/805
f 668/1227/781 659/1233/773 827/1307/806 825/1234/804
f 659/1233/773 669/1306/846 828/1392/807 827/1307/806
f 669/1260/846 678/1258/844 826/1259/805 828/1261/807
f 685/347/821 829/393/909 830/394/910 686/348/823
f 680/342/811 830/394/910 829/393/909 681/343/813
f 683/345/817 829/393/909 685/347/821 684/346/819
f 681/343/813 829/393/909 683/345/817 682/344/815
f 680/342/811 679/341/810 688/350/827 830/394/910
f 686/348/823 830/394/910 688/350/827 687/349/825
f 695/357/841 831/395/911 832/396/912 694/356/839
f 690/352/830 832/396/912 831/395/911 689/351/831
f 697/359/845 831/395/911 695/357/841 696/358/843
f 689/351/831 831/395/911 697/359/845 698/360/847
f 690/352/830 691/353/833 692/354/835 832/396/912
f 694/356/839 832/396/912 692/354/835 693/355/837
g Leaf_02
f 833/1007/913 834/1004/914 836/397/915
f 834/1004/914 835/1005/916 836/397/915
f 833/1007/913 836/397/915 837/1006/917
f 836/397/915 835/1005/916 837/1006/917
g Tree
f 838/398/918 839/399/919 1020/552/920 1021/553/921
f 839/399/919 838/398/918 841/401/922 840/400/923
f 840/400/923 841/401/922 879/437/924 878/436/925
f 842/402/926 843/403/927 1028/560/928 1029/561/929
f 843/403/927 842/402/926 845/405/930 844/404/931
f 844/404/931 845/405/930 881/439/932 880/438/933
f 846/406/934 847/407/935 1032/564/936 1033/565/937
f 847/407/935 846/406/934 849/409/938 848/408/939
f 848/408/939 849/409/938 883/441/940 882/440/941
f 850/410/942 851/755/943 1036/756/944 1037/567/945
f 851/755/943 850/410/942 853/411/946 852/754/947
f 852/754/947 853/411/946 885/442/948 884/757/949
f 854/412/950 855/413/951 1040/570/952 1041/571/953
f 855/413/951 854/412/950 857/415/954 856/414/955
f 856/414/955 857/415/954 887/444/956 886/443/957
f 858/416/958 859/417/959 1044/574/960 1045/575/961
f 859/417/959 858/416/958 861/419/962 860/418/963
f 860/418/963 861/419/962 889/446/964 888/445/965
f 862/420/966 863/421/967 1048/578/968 1049/579/969
f 863/421/967 862/420/966 865/423/970 864/422/971
f 864/422/971 865/423/970 891/448/972 890/447/973
f 866/424/974 867/425/975 1052/582/976 1053/583/977
f 867/425/975 866/424/974 869/427/978 868/426/979
f 868/426/979 869/427/978 893/450/980 892/449/981
f 870/428/982 871/429/983 1056/586/984 1057/587/985
f 871/429/983 870/428/982 873/431/986 872/430/987
f 872/430/987 873/431/986 895/452/988 894/451/989
f 874/432/990 875/433/991 1024/556/992 1025/557/993
f 875/433/991 874/432/990 877/435/994 876/434/995
f 876/434/995 877/435/994 897/454/996 896/453/997
f 878/436/925 879/437/924 899/456/998 898/455/999
f 880/438/933 881/439/932 901/458/1000 900/457/1001
f 882/440/941 883/441/940 903/460/1002 902/459/1003
f 884/757/949 885/442/948 905/461/1004 904/761/1005
f 886/443/957 887/444/956 907/463/1006 906/462/1007
f 888/445/965 889/446/964 909/465/1008 908/464/1009
f 890/447/973 891/448/972 911/467/1010 910/466/1011
f 892/449/981 893/450/980 913/469/1012 912/468/1013
f 894/451/989 895/452/988 915/471/1014 914/470/1015
f 896/453/997 897/454/996 917/473/1016 916/472/1017
f 898/455/999 899/456/998 919/475/1018 918/474/1019
f 900/457/1001 901/458/1000 921/477/1020 920/476/1021
f 902/459/1003 903/460/1002 923/479/1022 922/478/1023
f 904/761/1005 905/461/1004 925/480/1024 924/764/1025
f 906/462/1007 907/463/1006 927/482/1026 926/481/1027
f 908/464/1009 909/465/1008 929/484/1028 928/483/1029
f 910/466/1011 911/467/1010 931/486/1030 930/485/1031
f 912/468/1013 913/469/1012 933/488/1032 932/487/1033
f 914/470/1015 915/471/1014 935/490/1034 934/489/1035
f 916/472/1017 917/473/1016 937/492/1036 936/491/1037
f 918/474/1019 919/475/1018 939/494/1038 938/493/1039
f 920/476/1021 921/477/1020 941/496/1040 940/495/1041
f 922/478/1023 923/479/1022 943/498/1042 942/497/1043
f 924/764/1025 925/480/1024 945/499/1044 944/766/1045
f 926/481/1027 927/482/1026 947/501/1046 946/500/1047
f 928/483/1029 929/484/1028 949/503/1048 948/502/1049
f 1103/720/1050 1102/721/1051 1104/722/1052 1105/723/1053
f 1107/724/1054 1106/726/1055 1108/727/1056 1109/725/1057
f 934/489/1035 935/490/1034 955/509/1058 954/508/1059
f 936/491/1037 937/492/1036 957/511/1060 956/510/1061
f 938/493/1039 939/494/1038 959/513/1062 958/512/1063
f 940/495/1041 941/496/1040 961/515/1064 960/514/1065
f 942/497/1043 943/498/1042 963/517/1066 962/516/1067
f 944/766/1045 945/499/1044 965/518/1068 964/768/1069
f 946/500/1047 947/501/1046 967/520/1070 966/519/1071
f 948/502/1049 949/503/1048 969/522/1072 968/521/1073
f 950/504/1074 951/505/1075 971/524/1076 970/523/1077
f 952/506/1078 953/507/1079 973/526/1080 972/525/1081
f 954/508/1059 955/509/1058 975/528/1082 974/527/1083
f 956/510/1061 957/511/1060 977/530/1084 976/529/1085
f 958/512/1063 959/513/1062 979/532/1086 978/531/1087
f 960/514/1065 961/515/1064 981/534/1088 980/533/1089
f 962/516/1067 963/517/1066 983/536/1090 982/535/1091
f 964/768/1069 965/518/1068 985/537/1092 984/772/1093
f 966/519/1071 967/520/1070 987/539/1094 986/538/1095
f 968/521/1073 969/522/1072 989/541/1096 988/540/1097
f 970/523/1077 971/524/1076 991/543/1098 990/542/1099
f 972/525/1081 973/526/1080 993/545/1100 992/544/1101
f 974/527/1083 975/528/1082 995/547/1102 994/546/1103
f 976/529/1085 977/530/1084 997/549/1104 996/548/1105
f 978/531/1087 979/532/1086 999/813/1106 998/809/1107
f 980/533/1089 981/534/1088 1001/818/1108 1000/816/1109
f 982/535/1091 983/536/1090 1003/822/1110 1002/820/1111
f 984/772/1093 985/537/1092 1005/771/1112 1004/775/1113
f 986/538/1095 987/539/1094 1007/774/1114 1006/770/1115
f 988/540/1097 989/541/1096 1009/784/1116 1008/780/1117
f 990/542/1099 991/543/1098 1011/791/1118 1010/788/1119
f 992/544/1101 993/545/1100 1013/795/1120 1012/793/1121
f 994/546/1103 995/547/1102 1015/799/1122 1014/797/1123
f 996/548/1105 997/549/1104 1017/805/1124 1016/801/1125
f 1018/550/1126 1019/551/1127 1061/796/1128 1060/798/1129
f 1019/551/1127 1018/550/1126 1021/553/921 1020/552/920
f 1022/554/1130 1023/555/1131 1077/792/1132 1076/794/1133
f 1023/555/1131 1022/554/1130 1025/557/993 1024/556/992
f 1026/558/1134 1027/559/1135 1059/800/1136 1058/802/1137
f 1027/559/1135 1026/558/1134 1029/561/929 1028/560/928
f 1030/562/1138 1031/563/1139 1063/806/1140 1062/810/1141
f 1031/563/1139 1030/562/1138 1033/565/937 1032/564/936
f 1034/566/1142 1035/758/1143 1065/762/1144 1064/759/1145
f 1035/758/1143 1034/566/1142 1037/567/945 1036/756/944
f 1038/568/1146 1039/569/1147 1067/760/1148 1066/763/1149
f 1039/569/1147 1038/568/1146 1041/571/953 1040/570/952
f 1042/572/1150 1043/573/1151 1069/765/1152 1068/767/1153
f 1043/573/1151 1042/572/1150 1045/575/961 1044/574/960
f 1046/576/1154 1047/577/1155 1071/769/1156 1070/773/1157
f 1047/577/1155 1046/576/1154 1049/579/969 1048/578/968
f 1050/580/1158 1051/581/1159 1073/776/1160 1072/781/1161
f 1051/581/1159 1050/580/1158 1053/583/977 1052/582/976
f 1054/584/1162 1055/585/1163 1075/785/1164 1074/789/1165
f 1055/585/1163 1054/584/1162 1057/587/985 1056/586/984
f 838/398/918 843/403/927 844/404/931 841/401/922
f 842/402/926 847/407/935 848/408/939 845/405/930
f 846/406/934 851/803/943 852/804/947 849/409/938
f 850/410/942 855/413/951 856/414/955 853/411/946
f 854/412/950 859/417/959 860/418/963 857/415/954
f 858/416/958 863/421/967 864/422/971 861/419/962
f 862/420/966 867/425/975 868/426/979 865/423/970
f 866/424/974 871/429/983 872/430/987 869/427/978
f 870/428/982 875/433/991 876/434/995 873/431/986
f 874/432/990 839/399/919 840/400/923 877/435/994
f 841/401/922 844/404/931 880/438/933 879/437/924
f 845/405/930 848/408/939 882/440/941 881/439/932
f 849/409/938 852/804/947 884/808/949 883/441/940
f 853/411/946 856/414/955 886/443/957 885/442/948
f 857/415/954 860/418/963 888/445/965 887/444/956
f 861/419/962 864/422/971 890/447/973 889/446/964
f 865/423/970 868/426/979 892/449/981 891/448/972
f 869/427/978 872/430/987 894/451/989 893/450/980
f 873/431/986 876/434/995 896/453/997 895/452/988
f 877/435/994 840/400/923 878/436/925 897/454/996
f 879/437/924 880/438/933 900/457/1001 899/456/998
f 881/439/932 882/440/941 902/459/1003 901/458/1000
f 883/441/940 884/808/949 904/812/1005 903/460/1002
f 885/442/948 886/443/957 906/462/1007 905/461/1004
f 887/444/956 888/445/965 908/464/1009 907/463/1006
f 889/446/964 890/447/973 910/466/1011 909/465/1008
f 891/448/972 892/449/981 912/468/1013 911/467/1010
f 893/450/980 894/451/989 914/470/1015 913/469/1012
f 895/452/988 896/453/997 916/472/1017 915/471/1014
f 897/454/996 878/436/925 898/455/999 917/473/1016
f 899/456/998 900/457/1001 920/476/1021 919/475/1018
f 901/458/1000 902/459/1003 922/478/1023 921/477/1020
f 903/460/1002 904/812/1005 924/815/1025 923/479/1022
f 905/461/1004 906/462/1007 926/481/1027 925/480/1024
f 907/463/1006 908/464/1009 928/483/1029 927/482/1026
f 909/465/1008 910/466/1011 930/485/1031 929/484/1028
f 911/467/1010 912/468/1013 932/487/1033 931/486/1030
f 913/469/1012 914/470/1015 934/489/1035 933/488/1032
f 915/471/1014 916/472/1017 936/491/1037 935/490/1034
f 917/473/1016 898/455/999 918/474/1019 937/492/1036
f 919/475/1018 920/476/1021 940/495/1041 939/494/1038
f 921/477/1020 922/478/1023 942/497/1043 941/496/1040
f 923/479/1022 924/815/1025 944/817/1045 943/498/1042
f 925/480/1024 926/481/1027 946/500/1047 945/499/1044
f 927/482/1026 928/483/1029 948/502/1049 947/501/1046
f 929/484/1028 930/485/1031 950/504/1074 949/503/1048
f 1102/721/1051 1107/724/1054 1109/725/1057 1104/722/1052
f 933/488/1032 934/489/1035 954/508/1059 953/507/1079
f 935/490/1034 936/491/1037 956/510/1061 955/509/1058
f 937/492/1036 918/474/1019 938/493/1039 957/511/1060
f 939/494/1038 940/495/1041 960/514/1065 959/513/1062
f 941/496/1040 942/497/1043 962/516/1067 961/515/1064
f 943/498/1042 944/817/1045 964/819/1069 963/517/1066
f 945/499/1044 946/500/1047 966/519/1071 965/518/1068
f 947/501/1046 948/502/1049 968/521/1073 967/520/1070
f 949/503/1048 950/504/1074 970/523/1077 969/522/1072
f 951/505/1075 952/506/1078 972/525/1081 971/524/1076
f 953/507/1079 954/508/1059 974/527/1083 973/526/1080
f 955/509/1058 956/510/1061 976/529/1085 975/528/1082
f 957/511/1060 938/493/1039 958/512/1063 977/530/1084
f 959/513/1062 960/514/1065 980/533/1089 979/532/1086
f 961/515/1064 962/516/1067 982/535/1091 981/534/1088
f 963/517/1066 964/819/1069 984/821/1093 983/536/1090
f 965/518/1068 966/519/1071 986/538/1095 985/537/1092
f 967/520/1070 968/521/1073 988/540/1097 987/539/1094
f 969/522/1072 970/523/1077 990/542/1099 989/541/1096
f 971/524/1076 972/525/1081 992/544/1101 991/543/1098
f 973/526/1080 974/527/1083 994/546/1103 993/545/1100
f 975/528/1082 976/529/1085 996/548/1105 995/547/1102
f 977/530/1084 958/512/1063 978/531/1087 997/549/1104
f 979/532/1086 980/533/1089 1000/816/1109 999/813/1106
f 981/534/1088 982/535/1091 1002/820/1111 1001/818/1108
f 983/536/1090 984/821/1093 1004/823/1113 1003/822/1110
f 985/537/1092 986/538/1095 1006/770/1115 1005/771/1112
f 987/539/1094 988/540/1097 1008/780/1117 1007/774/1114
f 989/541/1096 990/542/1099 1010/788/1119 1009/784/1116
f 991/543/1098 992/544/1101 1012/793/1121 1011/791/1118
f 993/545/1100 994/546/1103 1014/797/1123 1013/795/1120
f 995/547/1102 996/548/1105 1016/801/1125 1015/799/1122
f 997/549/1104 978/531/1087 998/809/1107 1017/805/1124
f 1019/551/1127 1020/552/920 1025/557/993 1022/554/1130
f 1021/553/921 1018/550/1126 1027/559/1135 1028/560/928
f 1029/561/929 1026/558/1134 1031/563/1139 1032/564/936
f 1033/565/937 1030/562/1138 1035/811/1143 1036/807/944
f 1037/567/945 1034/566/1142 1039/569/1147 1040/570/952
f 1041/571/953 1038/568/1146 1043/573/1151 1044/574/960
f 1045/575/961 1042/572/1150 1047/577/1155 1048/578/968
f 1049/579/969 1046/576/1154 1051/581/1159 1052/582/976
f 1053/583/977 1050/580/1158 1055/585/1163 1056/586/984
f 1057/587/985 1054/584/1162 1023/555/1131 1024/556/992
f 1018/550/1126 1060/798/1129 1059/800/1136 1027/559/1135
f 1026/558/1134 1058/802/1137 1063/806/1140 1031/563/1139
f 1030/562/1138 1062/810/1141 1065/814/1144 1035/811/1143
f 1034/566/1142 1064/759/1145 1067/760/1148 1039/569/1147
f 1038/568/1146 1066/763/1149 1069/765/1152 1043/573/1151
f 1042/572/1150 1068/767/1153 1071/769/1156 1047/577/1155
f 1046/576/1154 1070/773/1157 1073/776/1160 1051/581/1159
f 1050/580/1158 1072/781/1161 1075/785/1164 1055/585/1163
f 1054/584/1162 1074/789/1165 1077/792/1132 1023/555/1131
f 1022/554/1130 1076/794/1133 1061/796/1128 1019/551/1127
f 1021/553/921 1028/560/928 843/403/927 838/398/918
f 1029/561/929 1032/564/936 847/407/935 842/402/926
f 1033/565/937 1036/807/944 851/803/943 846/406/934
f 1037/567/945 1040/570/952 855/413/951 850/410/942
f 1041/571/953 1044/574/960 859/417/959 854/412/950
f 1045/575/961 1048/578/968 863/421/967 858/416/958
f 1049/579/969 1052/582/976 867/425/975 862/420/966
f 1053/583/977 1056/586/984 871/429/983 866/424/974
f 1057/587/985 1024/556/992 875/433/991 870/428/982
f 1025/557/993 1020/552/920 839/399/919 874/432/990
f 930/485/1031 931/486/1030 1078/777/1166 1079/778/1167
f 951/505/1075 950/504/1074 1081/779/1168 1080/783/1169
f 950/504/1074 930/485/1031 1079/778/1167 1081/779/1168
f 932/487/1033 933/488/1032 1082/786/1170 1083/782/1171
f 933/488/1032 953/507/1079 1084/790/1172 1082/786/1170
f 953/507/1079 952/506/1078 1085/787/1173 1084/790/1172
f 931/486/1030 932/487/1033 1083/782/1171 1078/777/1166
f 952/506/1078 951/505/1075 1080/783/1169 1085/787/1173
f 1079/748/1167 1078/744/1166 1086/588/1174 1087/747/1175
f 1080/728/1169 1081/729/1168 1089/590/1176 1088/589/1177
f 1081/729/1168 1079/732/1167 1087/730/1175 1089/590/1176
f 1083/742/1171 1082/739/1170 1090/591/1178 1091/592/1179
f 1082/739/1170 1084/735/1172 1092/593/1180 1090/591/1178
f 1084/735/1172 1085/733/1173 1093/594/1181 1092/593/1180
f 1078/744/1166 1083/742/1171 1091/592/1179 1086/588/1174
f 1085/733/1173 1080/728/1169 1088/589/1177 1093/594/1181
f 1087/747/1175 1086/588/1174 1110/602/1182 1111/746/1183
f 1088/589/1177 1089/590/1176 1112/603/1184 1113/604/1185
f 1089/590/1176 1087/730/1175 1111/731/1183 1112/603/1184
f 1091/592/1179 1090/591/1178 1116/607/1186 1117/608/1187
f 1090/591/1178 1092/593/1180 1115/606/1188 1116/607/1186
f 1092/593/1180 1093/594/1181 1114/605/1189 1115/606/1188
f 1086/588/1174 1091/592/1179 1117/608/1187 1110/602/1182
f 1093/594/1181 1088/589/1177 1113/604/1185 1114/605/1189
f 1095/750/1190 1094/595/1191 1118/609/1192 1119/752/1193
f 1096/596/1194 1097/597/1195 1120/610/1196 1121/611/1197
f 1097/597/1195 1095/734/1190 1119/736/1193 1120/610/1196
f 1099/599/1198 1098/598/1199 1124/614/1200 1125/615/1201
f 1098/598/1199 1100/600/1202 1123/613/1203 1124/614/1200
f 1100/600/1202 1101/601/1204 1122/612/1205 1123/613/1203
f 1094/595/1191 1099/599/1198 1125/615/1201 1118/609/1192
f 1101/601/1204 1096/596/1194 1121/611/1197 1122/612/1205
f 1111/746/1183 1110/602/1182 1094/595/1191 1095/750/1190
f 1112/603/1184 1111/731/1183 1095/734/1190 1097/597/1195
f 1113/604/1185 1112/603/1184 1097/597/1195 1096/596/1194
f 1114/605/1189 1113/604/1185 1096/596/1194 1101/601/1204
f 1115/606/1188 1114/605/1189 1101/601/1204 1100/600/1202
f 1116/607/1186 1115/606/1188 1100/600/1202 1098/598/1199
f 1117/608/1187 1116/607/1186 1098/598/1199 1099/599/1198
f 1110/602/1182 1117/608/1187 1099/599/1198 1094/595/1191
f 1119/752/1193 1118/609/1192 1102/751/1051 1103/753/1050
f 1120/610/1196 1119/736/1193 1103/740/1050 1105/737/1053
f 1121/611/1197 1120/610/1196 1105/737/1053 1104/738/1052
f 1122/612/1205 1121/611/1197 1104/738/1052 1109/741/1057
f 1123/613/1203 1122/612/1205 1109/741/1057 1108/743/1056
f 1124/614/1200 1123/613/1203 1108/743/1056 1106/745/1055
f 1125/615/1201 1124/614/1200 1106/745/1055 1107/749/1054
f 1118/609/1192 1125/615/1201 1107/749/1054 1102/751/1051
g Rock
f 1126/1453/1206 1127/1450/1207 1131/616/1208 1130/1452/1209
f 1127/1450/1207 1128/1448/1210 1132/617/1211 1131/616/1208
f 1128/1448/1210 1129/1446/1212 1133/618/1213 1132/617/1211
f 1130/1452/1209 1131/616/1208 1135/1449/1214 1134/1451/1215
f 1131/616/1208 1132/617/1211 1136/1447/1216 1135/1449/1214
f 1132/617/1211 1133/618/1213 1137/1445/1217 1136/1447/1216
f 1134/1412/1215 1135/1408/1214 1138/619/1218 1179/1413/1219
f 1135/1408/1214 1136/1409/1216 1139/620/1220 1138/619/1218
f 1136/1409/1216 1137/1410/1217 1173/1411/1221 1139/620/1220
f 1179/1413/1219 1138/619/1218 1140/621/1222 1178/1415/1223
f 1138/619/1218 1139/620/1220 1141/622/1224 1140/621/1222
f 1139/620/1220 1173/1411/1221 1172/1414/1225 1141/622/1224
f 1178/1415/1223 1140/621/1222 1142/623/1226 1177/1419/1227
f 1140/621/1222 1141/622/1224 1143/624/1228 1142/623/1226
f 1141/622/1224 1172/1414/1225 1171/1416/1229 1143/624/1228
f 1177/1419/1227 1142/623/1226 1145/1418/1230 1144/1421/1231
f 1142/623/1226 1143/624/1228 1146/1417/1232 1145/1418/1230
f 1143/624/1228 1171/1416/1229 1147/1420/1233 1146/1417/1232
f 1144/1431/1231 1145/1433/1230 1149/626/1234 1148/625/1235
f 1145/1433/1230 1146/1435/1232 1150/627/1236 1149/626/1234
f 1146/1435/1232 1147/1437/1233 1151/628/1237 1150/627/1236
f 1148/625/1235 1149/626/1234 1153/1434/1238 1152/1432/1239
f 1149/626/1234 1150/627/1236 1154/1436/1240 1153/1434/1238
f 1150/627/1236 1151/628/1237 1155/1438/1241 1154/1436/1240
f 1152/1407/1239 1153/1400/1238 1157/629/1242 1156/1403/1243
f 1153/1400/1238 1154/1401/1240 1158/630/1244 1157/629/1242
f 1154/1401/1240 1155/1406/1241 1159/1402/1245 1158/630/1244
f 1156/1403/1243 1157/629/1242 1161/631/1246 1160/1399/1247
f 1157/629/1242 1158/630/1244 1162/632/1248 1161/631/1246
f 1158/630/1244 1159/1402/1245 1163/1394/1249 1162/632/1248
f 1160/1399/1247 1161/631/1246 1165/633/1250 1164/1398/1251
f 1161/631/1246 1162/632/1248 1166/634/1252 1165/633/1250
f 1162/632/1248 1163/1394/1249 1167/1395/1253 1166/634/1252
f 1164/1398/1251 1165/633/1250 1127/1397/1207 1126/1405/1206
f 1165/633/1250 1166/634/1252 1128/1396/1210 1127/1397/1207
f 1166/634/1252 1167/1395/1253 1129/1404/1212 1128/1396/1210
f 1159/1440/1245 1155/1438/1241 1151/628/1237 1168/635/1254
f 1163/1442/1249 1159/1440/1245 1168/635/1254 1169/636/1255
f 1167/1444/1253 1163/1442/1249 1169/636/1255 1170/637/1256
f 1129/1446/1212 1167/1444/1253 1170/637/1256 1133/618/1213
f 1168/635/1254 1151/628/1237 1147/1437/1233 1171/1439/1229
f 1169/636/1255 1168/635/1254 1171/1439/1229 1172/1441/1225
f 1170/637/1256 1169/636/1255 1172/1441/1225 1173/1443/1221
f 1133/618/1213 1170/637/1256 1173/1443/1221 1137/1445/1217
f 1152/1432/1239 1156/1430/1243 1174/638/1257 1148/625/1235
f 1156/1430/1243 1160/1428/1247 1175/639/1258 1174/638/1257
f 1160/1428/1247 1164/1425/1251 1176/640/1259 1175/639/1258
f 1164/1425/1251 1126/1426/1206 1130/1422/1209 1176/640/1259
f 1148/625/1235 1174/638/1257 1177/1429/1227 1144/1431/1231
f 1174/638/1257 1175/639/1258 1178/1427/1223 1177/1429/1227
f 1175/639/1258 1176/640/1259 1179/1424/1219 1178/1427/1223
f 1176/640/1259 1130/1422/1209 1134/1423/1215 1179/1424/1219
g SingleGrass
f 1180/1075/1260 1181/1077/1261 1185/1076/1262 1184/641/1263
f 1181/1070/1261 1182/1071/1264 1186/642/1265 1185/1067/1262
f 1182/1071/1264 1183/1073/1266 1187/643/1267 1186/642/1265
f 1183/1073/1266 1180/1075/1260 1184/641/1263 1187/643/1267
f 1184/641/1263 1185/1076/1262 1189/1074/1268 1188/644/1269
f 1185/1067/1262 1186/642/1265 1190/645/1270 1189/1066/1268
f 1186/642/1265 1187/643/1267 1191/646/1271 1190/645/1270
f 1187/643/1267 1184/641/1263 1188/644/1269 1191/646/1271
f 1188/644/1269 1189/1074/1268 1193/1072/1272 1192/647/1273
f 1189/1066/1268 1190/645/1270 1194/648/1274 1193/1064/1272
f 1190/645/1270 1191/646/1271 1195/649/1275 1194/648/1274
f 1191/646/1271 1188/644/1269 1192/647/1273 1195/649/1275
f 1192/647/1273 1193/1072/1272 1197/1068/1276 1196/650/1277
f 1193/1064/1272 1194/648/1274 1198/651/1278 1197/1063/1276
f 1194/648/1274 1195/649/1275 1199/652/1279 1198/651/1278
f 1195/649/1275 1192/647/1273 1196/650/1277 1199/652/1279
f 1196/650/1277 1197/1068/1276 1201/1069/1280 1200/653/1281
f 1197/1063/1276 1198/651/1278 1202/654/1282 1201/1062/1280
f 1198/651/1278 1199/652/1279 1203/655/1283 1202/654/1282
f 1199/652/1279 1196/650/1277 1200/653/1281 1203/655/1283
f 1200/653/1281 1201/1069/1280 1204/1065/1284
f 1201/1062/1280 1202/654/1282 1204/1065/1284
f 1202/654/1282 1203/655/1283 1204/1065/1284
f 1203/655/1283 1200/653/1281 1204/1065/1284
s off
g Ground
f 1205/656/1285 1206/657/1286 1208/658/1287 1207/659/1288
# totals: 1208 1549 1288 1158
